id,photo_description,severity,rationale,disaster_type
sevlab-00000,Waist-deep water across a residential lane in Motihari Road; residents on rooftops; water entering homes.,4,Severe flooding with people trapped; immediate evacuation required.,flood
sevlab-00001,Knee-to-waist deep floodwater in Velachery; elderly residents waiting on rooftops for rescue.,4,Waist-deep water entering homes; residents stranded; urgent rescue needed.,flood
sevlab-00002,Waist-deep brown water submerging homes in Mohaddipur; families stranded on rooftops.,4,Deep water across residential areas; critical rescue situation.,flood
sevlab-00003,Waist-deep water across a residential lane in Gomti Nagar; residents on rooftops; water entering homes.,4,Waist-deep water entering homes; residents stranded; urgent rescue needed.,flood
sevlab-00004,Knee-to-waist deep floodwater in Jale; elderly residents waiting on rooftops for rescue.,4,Waist-deep water entering homes; residents stranded; urgent rescue needed.,flood
sevlab-00005,Waist-deep brown water submerging homes in Porur; families stranded on rooftops.,4,Waist-deep water entering homes; residents stranded; urgent rescue needed.,flood
sevlab-00006,Waist-deep water across a residential lane in Ganeshguri; residents on rooftops; water entering homes.,4,Severe flooding with people trapped; immediate evacuation required.,flood
sevlab-00007,Knee-to-waist deep floodwater in Rosera; elderly residents waiting on rooftops for rescue.,4,Severe flooding with people trapped; immediate evacuation required.,flood
sevlab-00008,Waist-deep brown water submerging homes in Dalsinghsarai; families stranded on rooftops.,4,Waist-deep water entering homes; residents stranded; urgent rescue needed.,flood
sevlab-00009,Waist-deep water across a residential lane in Kasba; residents on rooftops; water entering homes.,4,Deep water across residential areas; critical rescue situation.,flood
sevlab-00010,Knee-to-waist deep floodwater in Keoti; elderly residents waiting on rooftops for rescue.,4,Waist-deep water entering homes; residents stranded; urgent rescue needed.,flood
sevlab-00011,Waist-deep brown water submerging homes in Porur; families stranded on rooftops.,4,Deep water across residential areas; critical rescue situation.,flood
sevlab-00012,Waist-deep water across a residential lane in Chandmari; residents on rooftops; water entering homes.,4,Severe flooding with people trapped; immediate evacuation required.,flood
sevlab-00013,Knee-to-waist deep floodwater in Chowk; elderly residents waiting on rooftops for rescue.,4,Deep water across residential areas; critical rescue situation.,flood
sevlab-00014,Waist-deep brown water submerging homes in Pipraich; families stranded on rooftops.,4,Deep water across residential areas; critical rescue situation.,flood
sevlab-00015,Waist-deep water across a residential lane in Golghar; residents on rooftops; water entering homes.,4,Deep water across residential areas; critical rescue situation.,flood
sevlab-00016,Knee-to-waist deep floodwater in Golghar; elderly residents waiting on rooftops for rescue.,4,Deep water across residential areas; critical rescue situation.,flood
sevlab-00017,Waist-deep brown water submerging homes in Sultanganj; families stranded on rooftops.,4,Severe flooding with people trapped; immediate evacuation required.,flood
sevlab-00018,Waist-deep water across a residential lane in Chandmari; residents on rooftops; water entering homes.,4,Waist-deep water entering homes; residents stranded; urgent rescue needed.,flood
sevlab-00019,Knee-to-waist deep floodwater in Pupri; elderly residents waiting on rooftops for rescue.,4,Severe flooding with people trapped; immediate evacuation required.,flood
sevlab-00020,Waist-deep brown water submerging homes in Sahebganj; families stranded on rooftops.,4,Waist-deep water entering homes; residents stranded; urgent rescue needed.,flood
sevlab-00021,Waist-deep water across a residential lane in Sherghati; residents on rooftops; water entering homes.,4,Severe flooding with people trapped; immediate evacuation required.,flood
sevlab-00022,Knee-to-waist deep floodwater in Salt Lake; elderly residents waiting on rooftops for rescue.,4,Severe flooding with people trapped; immediate evacuation required.,flood
sevlab-00023,Waist-deep brown water submerging homes in Mancotta; families stranded on rooftops.,4,Waist-deep water entering homes; residents stranded; urgent rescue needed.,flood
sevlab-00024,Waist-deep water across a residential lane in Raghopur; residents on rooftops; water entering homes.,4,Deep water across residential areas; critical rescue situation.,flood
sevlab-00025,Knee-to-waist deep floodwater in Kadwa; elderly residents waiting on rooftops for rescue.,4,Deep water across residential areas; critical rescue situation.,flood
sevlab-00026,Waist-deep brown water submerging homes in Sursand; families stranded on rooftops.,4,Severe flooding with people trapped; immediate evacuation required.,flood
sevlab-00027,Waist-deep water across a residential lane in Ganeshguri; residents on rooftops; water entering homes.,4,Deep water across residential areas; critical rescue situation.,flood
sevlab-00028,Knee-to-waist deep floodwater in Manewada; elderly residents waiting on rooftops for rescue.,4,Waist-deep water entering homes; residents stranded; urgent rescue needed.,flood
sevlab-00029,Waist-deep brown water submerging homes in Sherghati; families stranded on rooftops.,4,Severe flooding with people trapped; immediate evacuation required.,flood
sevlab-00030,Waist-deep water across a residential lane in Dhamdaha; residents on rooftops; water entering homes.,4,Waist-deep water entering homes; residents stranded; urgent rescue needed.,flood
sevlab-00031,Knee-to-waist deep floodwater in Sultanganj; elderly residents waiting on rooftops for rescue.,4,Waist-deep water entering homes; residents stranded; urgent rescue needed.,flood
sevlab-00032,Waist-deep brown water submerging homes in Tekari; families stranded on rooftops.,4,Severe flooding with people trapped; immediate evacuation required.,flood
sevlab-00033,Waist-deep water across a residential lane in Baruraj; residents on rooftops; water entering homes.,4,Severe flooding with people trapped; immediate evacuation required.,flood
sevlab-00034,Knee-to-waist deep floodwater in Paltan Bazaar; elderly residents waiting on rooftops for rescue.,4,Deep water across residential areas; critical rescue situation.,flood
sevlab-00035,Waist-deep brown water submerging homes in Liluah; families stranded on rooftops.,4,Severe flooding with people trapped; immediate evacuation required.,flood
sevlab-00036,Waist-deep water across a residential lane in Ganeshguri; residents on rooftops; water entering homes.,4,Waist-deep water entering homes; residents stranded; urgent rescue needed.,flood
sevlab-00037,Knee-to-waist deep floodwater in Kasba; elderly residents waiting on rooftops for rescue.,4,Waist-deep water entering homes; residents stranded; urgent rescue needed.,flood
sevlab-00038,Waist-deep brown water submerging homes in Sabour; families stranded on rooftops.,4,Deep water across residential areas; critical rescue situation.,flood
sevlab-00039,Waist-deep water across a residential lane in Dhamdaha; residents on rooftops; water entering homes.,4,Severe flooding with people trapped; immediate evacuation required.,flood
sevlab-00040,Knee-to-thigh deep water in a low-lying colony in Aliganj; ground floors flooded; people moving to upper floors.,3,Water entering ground floors; relief assistance likely needed soon.,flood
sevlab-00041,Bright harsh sunlight over a market road in Mancotta; normal crowd with sun protection.,1,Light impact visible; monitoring is sufficient for now.,heatwave
sevlab-00042,Cyclonic storm hitting Gomti Nagar; fallen trees blocking the road; damaged shop signboards; children sitting on a raised platform.,3,Water entering ground floors; relief assistance likely needed soon.,cyclone
sevlab-00043,Knee-deep floodwater covering a village street in Sahebganj; residents wading with belongings; a stranded auto-rickshaw half submerged.,3,Knee-deep water affecting homes and movement; vulnerable people at risk.,flood
sevlab-00044,Shin-deep rainwater on a school compound in Belsand; pedestrians wading carefully; shops placing sandbags.,2,Noticeable impact but daily life continues with adjustments.,flood
sevlab-00045,Chest-high water rising in a low-lying colony in Chowkidingee; residents stranded on rooftops; people carrying belongings on their heads.,4,Deep water across residential areas; critical rescue situation.,flood
sevlab-00046,Destructive winds battering Bodh Gaya; collapsed boundary walls; streets flooded.,4,Severe flooding with people trapped; immediate evacuation required.,cyclone
sevlab-00047,Chest-high water rising in a highway stretch in Rupauli; residents stranded on rooftops; children sitting on a raised platform.,4,Waist-deep water entering homes; residents stranded; urgent rescue needed.,flood
sevlab-00048,Waist-deep brown floodwater submerging a residential lane in Keoti; water entering ground-floor homes; a rescue boat visible in the distance.,4,Severe flooding with people trapped; immediate evacuation required.,flood
sevlab-00049,Bright harsh sunlight over a residential lane in Ganeshguri; normal crowd with sun protection.,1,Light impact visible; monitoring is sufficient for now.,heatwave
sevlab-00050,Ankle-deep waterlogging on a low-lying colony in Phulwari Sharif; two-wheelers moving slowly; submerged hand-pumps and shops.,2,Noticeable impact but daily life continues with adjustments.,flood
sevlab-00051,Strong winds bending trees on a riverside ghat in Salt Lake; rain lashing sideways.,2,Ankle-deep water slowing movement; manageable with precautions.,cyclone
sevlab-00052,Cyclonic storm hitting Khanpur; fallen trees blocking the road; damaged shop signboards; people carrying belongings on their heads.,3,Water entering ground floors; relief assistance likely needed soon.,cyclone
sevlab-00053,Ankle-deep waterlogging on a low-lying colony in Sealdah; two-wheelers moving slowly; an elderly couple watching from a balcony.,2,Moderate disruption; vulnerable people should take care.,flood
sevlab-00054,Scorching heat in Danapur market; vendors covering stalls with wet cloth; people drinking water frequently.,2,Moderate disruption; vulnerable people should take care.,heatwave
sevlab-00055,Damp main road in Gomti Nagar after a shower; normal traffic; shops open.,1,"Mild conditions; situation under control, no urgent action needed.",flood
sevlab-00056,Damp low-lying colony in Boiragimoth after a shower; normal traffic; shops open.,1,"Mild conditions; situation under control, no urgent action needed.",flood
sevlab-00057,Severe heatwave in Raghopur; elderly person collapsed near a bus stop; bystanders giving water; power lines hanging low over the water.,4,Deep water across residential areas; critical rescue situation.,heatwave
sevlab-00058,Chest-deep fast-flowing floodwater across Pandeypur; houses partially submerged with only roofs visible; people stranded on rooftops waving for help; a dog swimming across the lane.,5,Catastrophic conditions; large-scale emergency response needed.,flood
sevlab-00059,Chest-deep fast-flowing floodwater across Salt Lake; houses partially submerged with only roofs visible; people stranded on rooftops waving for help; volunteers distributing water bottles.,5,Catastrophic conditions; large-scale emergency response needed.,flood
sevlab-00060,Damp residential lane in Pusa after a shower; normal traffic; shops open.,1,Light impact visible; monitoring is sufficient for now.,flood
sevlab-00061,Damp highway stretch in Motihari Road after a shower; normal traffic; shops open.,1,"Mild conditions; situation under control, no urgent action needed.",flood
sevlab-00062,Destructive winds battering Pusa; collapsed boundary walls; streets flooded.,4,Waist-deep water entering homes; residents stranded; urgent rescue needed.,cyclone
sevlab-00063,Ankle-deep waterlogging on a highway stretch in Godowlia; two-wheelers moving slowly; people carrying belongings on their heads.,2,Moderate disruption; vulnerable people should take care.,flood
sevlab-00064,Light rainwater puddles on a riverside ghat in Manpur; people walking normally with umbrellas; no disruption visible.,1,Minor waterlogging with no disruption to people or property.,flood
sevlab-00065,Bright harsh sunlight over a market road in Godowlia; normal crowd with sun protection.,1,"Mild conditions; situation under control, no urgent action needed.",heatwave
sevlab-00066,Severe winds in Manpur; uprooted small trees; waterlogging beginning.,3,Knee-deep water affecting homes and movement; vulnerable people at risk.,cyclone
sevlab-00067,Ankle-deep waterlogging on a highway stretch in Pusa; two-wheelers moving slowly; a rescue boat visible in the distance.,2,Ankle-deep water slowing movement; manageable with precautions.,flood
sevlab-00068,Light rainwater puddles on a riverside ghat in Ramnagar; people walking normally with umbrellas; no disruption visible.,1,"Mild conditions; situation under control, no urgent action needed.",flood
sevlab-00069,Light rainwater puddles on a highway stretch in Pandeypur; people walking normally with umbrellas; no disruption visible.,1,Minor waterlogging with no disruption to people or property.,flood
sevlab-00070,Chest-deep fast-flowing floodwater across Bodh Gaya; houses partially submerged with only roofs visible; people stranded on rooftops waving for help; submerged hand-pumps and shops.,5,Life-threatening flooding with people stranded; immediate mass rescue required.,flood
sevlab-00071,Destructive winds battering Gulabbagh; collapsed boundary walls; streets flooded.,4,Waist-deep water entering homes; residents stranded; urgent rescue needed.,cyclone
sevlab-00072,Knee-to-thigh deep water in a highway stretch in Bodh Gaya; ground floors flooded; people moving to upper floors.,3,Water entering ground floors; relief assistance likely needed soon.,flood
sevlab-00073,Knee-deep floodwater covering a railway underpass in Sursand; residents wading with belongings; a rescue boat visible in the distance.,3,Knee-deep water affecting homes and movement; vulnerable people at risk.,flood
sevlab-00074,Chest-deep fast-flowing floodwater across Howrah Bridge; houses partially submerged with only roofs visible; people stranded on rooftops waving for help; floating debris and household items.,5,Life-threatening flooding with people stranded; immediate mass rescue required.,flood
sevlab-00075,Shin-deep rainwater on a residential lane in Belsand; pedestrians wading carefully; shops placing sandbags.,2,Noticeable impact but daily life continues with adjustments.,flood
sevlab-00076,Light rainwater puddles on a riverside ghat in Pipraich; people walking normally with umbrellas; no disruption visible.,1,Light impact visible; monitoring is sufficient for now.,flood
sevlab-00077,Light rainwater puddles on a highway stretch in Sahebganj; people walking normally with umbrellas; no disruption visible.,1,"Mild conditions; situation under control, no urgent action needed.",flood
sevlab-00078,Ankle-deep waterlogging on a village street in Howrah Bridge; two-wheelers moving slowly; children sitting on a raised platform.,2,Noticeable impact but daily life continues with adjustments.,flood
sevlab-00079,Knee-to-thigh deep water in a main road in Godowlia; ground floors flooded; people moving to upper floors.,3,Significant flooding; evacuation of low-lying homes advised.,flood
sevlab-00080,Hot sunny afternoon in Pandeypur; people using umbrellas; streets active.,1,Light impact visible; monitoring is sufficient for now.,heatwave
sevlab-00081,Scorching heat in Tilkamanjhi market; vendors covering stalls with wet cloth; people drinking water frequently.,2,Moderate disruption; vulnerable people should take care.,heatwave
sevlab-00082,Light rainwater puddles on a school compound in Sitabuldi; people walking normally with umbrellas; no disruption visible.,1,Minor waterlogging with no disruption to people or property.,flood
sevlab-00083,Ankle-deep waterlogging on a school compound in Aminabad; two-wheelers moving slowly; a stranded auto-rickshaw half submerged.,2,Moderate disruption; vulnerable people should take care.,flood
sevlab-00084,Heavy rain and gusty winds in Chandmari; tin roofs rattling; a rescue boat visible in the distance.,2,Noticeable impact but daily life continues with adjustments.,cyclone
sevlab-00085,Ankle-deep waterlogging on a bus stand in Bally; two-wheelers moving slowly; a rescue boat visible in the distance.,2,Ankle-deep water slowing movement; manageable with precautions.,flood
sevlab-00086,Waist-deep brown floodwater submerging a main road in Chowkidingee; water entering ground-floor homes; power lines hanging low over the water.,4,Waist-deep water entering homes; residents stranded; urgent rescue needed.,flood
sevlab-00087,Severe cyclone landfall near Pandeypur; uprooted trees and electric poles; houses with roofs torn off; people carrying belongings on their heads.,4,Severe flooding with people trapped; immediate evacuation required.,cyclone
sevlab-00088,Scorching heat in Bidupur market; vendors covering stalls with wet cloth; people drinking water frequently.,2,Ankle-deep water slowing movement; manageable with precautions.,heatwave
sevlab-00089,Ankle-deep waterlogging on a riverside ghat in Dum Dum; two-wheelers moving slowly; people carrying belongings on their heads.,2,Ankle-deep water slowing movement; manageable with precautions.,flood
sevlab-00090,Damp school compound in Kankarbagh after a shower; normal traffic; shops open.,1,Light impact visible; monitoring is sufficient for now.,flood
sevlab-00091,Knee-to-thigh deep water in a market road in Boiragimoth; ground floors flooded; people moving to upper floors.,3,Water entering ground floors; relief assistance likely needed soon.,flood
sevlab-00092,Waist-deep brown floodwater submerging a railway underpass in Pupri; water entering ground-floor homes; an elderly couple watching from a balcony.,4,Severe flooding with people trapped; immediate evacuation required.,flood
sevlab-00093,Severe cyclone landfall near Sherghati; uprooted trees and electric poles; houses with roofs torn off; a rescue boat visible in the distance.,4,Deep water across residential areas; critical rescue situation.,cyclone
sevlab-00094,Waist-deep brown floodwater submerging a school compound in Aliganj; water entering ground-floor homes; people carrying belongings on their heads.,4,Waist-deep water entering homes; residents stranded; urgent rescue needed.,flood
sevlab-00095,Ankle-deep waterlogging on a railway underpass in Ramnagar; two-wheelers moving slowly; people carrying belongings on their heads.,2,Noticeable impact but daily life continues with adjustments.,flood
sevlab-00096,Knee-deep floodwater covering a low-lying colony in Sursand; residents wading with belongings; an elderly couple watching from a balcony.,3,Water entering ground floors; relief assistance likely needed soon.,flood
sevlab-00097,Damp school compound in Tajpur after a shower; normal traffic; shops open.,1,Minor waterlogging with no disruption to people or property.,flood
sevlab-00098,Blazing heat over Boiragimoth; cracked dry ground; labourers resting under a tree.,3,Significant flooding; evacuation of low-lying homes advised.,heatwave
sevlab-00099,Ankle-deep waterlogging on a bus stand in Belaganj; two-wheelers moving slowly; a stranded auto-rickshaw half submerged.,2,Moderate disruption; vulnerable people should take care.,flood
sevlab-00100,Dark clouds gathering over Kahalgaon; rough sea; people moving indoors.,1,"Mild conditions; situation under control, no urgent action needed.",cyclone
sevlab-00101,Knee-to-thigh deep water in a low-lying colony in Ramnagar; ground floors flooded; people moving to upper floors.,3,Water entering ground floors; relief assistance likely needed soon.,flood
sevlab-00102,Shin-deep rainwater on a riverside ghat in T Nagar; pedestrians wading carefully; shops placing sandbags.,2,Noticeable impact but daily life continues with adjustments.,flood
sevlab-00103,Destructive winds battering Jale; collapsed boundary walls; streets flooded.,4,Severe flooding with people trapped; immediate evacuation required.,cyclone
sevlab-00104,Cyclonic storm hitting Keoti; fallen trees blocking the road; damaged shop signboards; floating debris and household items.,3,Water entering ground floors; relief assistance likely needed soon.,cyclone
sevlab-00105,Light rainwater puddles on a main road in Uluberia; people walking normally with umbrellas; no disruption visible.,1,Minor waterlogging with no disruption to people or property.,flood
sevlab-00106,Very hot midday on a bus stand in Sitabuldi; shutters half-down; a rescue boat visible in the distance.,2,Moderate disruption; vulnerable people should take care.,heatwave
sevlab-00107,Strong winds bending trees on a market road in Naugachia; rain lashing sideways.,2,Noticeable impact but daily life continues with adjustments.,cyclone
sevlab-00108,Chest-deep fast-flowing floodwater across Pipraich; houses partially submerged with only roofs visible; people stranded on rooftops waving for help; a dog swimming across the lane.,5,Life-threatening flooding with people stranded; immediate mass rescue required.,flood
sevlab-00109,Chest-high water rising in a bus stand in Pipraich; residents stranded on rooftops; floating debris and household items.,4,Deep water across residential areas; critical rescue situation.,flood
sevlab-00110,Shin-deep rainwater on a school compound in Chandmari; pedestrians wading carefully; shops placing sandbags.,2,Ankle-deep water slowing movement; manageable with precautions.,flood
sevlab-00111,Chest-high water rising in a bus stand in Lalganj; residents stranded on rooftops; submerged hand-pumps and shops.,4,Deep water across residential areas; critical rescue situation.,flood
sevlab-00112,Heavy rain and gusty winds in Sealdah; tin roofs rattling; volunteers distributing water bottles.,2,Ankle-deep water slowing movement; manageable with precautions.,cyclone
sevlab-00113,Knee-to-thigh deep water in a school compound in Barsoi; ground floors flooded; people moving to upper floors.,3,Knee-deep water affecting homes and movement; vulnerable people at risk.,flood
sevlab-00114,Deadly heatwave in Phulwari Sharif; hospital entrance crowded; shops shuttered in peak afternoon.,5,Catastrophic conditions; large-scale emergency response needed.,heatwave
sevlab-00115,Waist-deep brown floodwater submerging a main road in Kushmi; water entering ground-floor homes; an elderly couple watching from a balcony.,4,Deep water across residential areas; critical rescue situation.,flood
sevlab-00116,Chest-deep fast-flowing floodwater across Rupauli; houses partially submerged with only roofs visible; people stranded on rooftops waving for help; a rescue boat visible in the distance.,5,Catastrophic conditions; large-scale emergency response needed.,flood
sevlab-00117,Shin-deep rainwater on a bus stand in Danapur; pedestrians wading carefully; shops placing sandbags.,2,Moderate disruption; vulnerable people should take care.,flood
sevlab-00118,Blazing heat over Sursand; cracked dry ground; labourers resting under a tree.,3,Water entering ground floors; relief assistance likely needed soon.,heatwave
sevlab-00119,Light rainwater puddles on a bus stand in Porur; people walking normally with umbrellas; no disruption visible.,1,Minor waterlogging with no disruption to people or property.,flood
sevlab-00120,Scorching heat in Kasba market; vendors covering stalls with wet cloth; people drinking water frequently.,2,Moderate disruption; vulnerable people should take care.,heatwave
sevlab-00121,Intense heatwave in Banmankhi; nearly empty streets at noon; a man resting in shade showing heat exhaustion; floating debris and household items.,3,Knee-deep water affecting homes and movement; vulnerable people at risk.,heatwave
sevlab-00122,Dark clouds gathering over Golghar; rough sea; people moving indoors.,1,Light impact visible; monitoring is sufficient for now.,cyclone
sevlab-00123,Ankle-deep waterlogging on a residential lane in Naliapool; two-wheelers moving slowly; children sitting on a raised platform.,2,Ankle-deep water slowing movement; manageable with precautions.,flood
sevlab-00124,Bright harsh sunlight over a highway stretch in Dum Dum; normal crowd with sun protection.,1,Minor waterlogging with no disruption to people or property.,heatwave
sevlab-00125,Shin-deep rainwater on a market road in Porur; pedestrians wading carefully; shops placing sandbags.,2,Moderate disruption; vulnerable people should take care.,flood
sevlab-00126,Waist-deep brown floodwater submerging a railway underpass in Kushmi; water entering ground-floor homes; floating debris and household items.,4,Waist-deep water entering homes; residents stranded; urgent rescue needed.,flood
sevlab-00127,Bright harsh sunlight over a highway stretch in Tekari; normal crowd with sun protection.,1,"Mild conditions; situation under control, no urgent action needed.",heatwave
sevlab-00128,Bright harsh sunlight over a bus stand in Manewada; normal crowd with sun protection.,1,Light impact visible; monitoring is sufficient for now.,heatwave
sevlab-00129,Waist-deep brown floodwater submerging a residential lane in Kamptee; water entering ground-floor homes; an elderly couple watching from a balcony.,4,Waist-deep water entering homes; residents stranded; urgent rescue needed.,flood
sevlab-00130,Extreme heat emergency in Kanti; multiple people fainted on the street; ambulance present; an elderly couple watching from a balcony.,5,Catastrophic conditions; large-scale emergency response needed.,heatwave
sevlab-00131,Knee-to-thigh deep water in a market road in Sea Beach Road; ground floors flooded; people moving to upper floors.,3,Significant flooding; evacuation of low-lying homes advised.,flood
sevlab-00132,Blazing heat over Pusa; cracked dry ground; labourers resting under a tree.,3,Water entering ground floors; relief assistance likely needed soon.,heatwave
sevlab-00133,Shin-deep rainwater on a highway stretch in Aminabad; pedestrians wading carefully; shops placing sandbags.,2,Noticeable impact but daily life continues with adjustments.,flood
sevlab-00134,Waist-deep brown floodwater submerging a railway underpass in Tekari; water entering ground-floor homes; people carrying belongings on their heads.,4,Severe flooding with people trapped; immediate evacuation required.,flood
sevlab-00135,Damp school compound in Bally after a shower; normal traffic; shops open.,1,Minor waterlogging with no disruption to people or property.,flood
sevlab-00136,Strong winds bending trees on a school compound in Santragachi; rain lashing sideways.,2,Moderate disruption; vulnerable people should take care.,cyclone
sevlab-00137,Extreme heat emergency in Kushmi; multiple people fainted on the street; ambulance present; power lines hanging low over the water.,5,Catastrophic conditions; large-scale emergency response needed.,heatwave
sevlab-00138,Knee-to-thigh deep water in a main road in Jale; ground floors flooded; people moving to upper floors.,3,Significant flooding; evacuation of low-lying homes advised.,flood
sevlab-00139,Massive storm surge flooding Pranpur; boats washed onto roads; volunteers distributing water bottles.,5,Extreme danger to life; highest-priority rescue operation.,cyclone
sevlab-00140,Strong winds bending trees on a school compound in Lanka; rain lashing sideways.,2,Moderate disruption; vulnerable people should take care.,cyclone
sevlab-00141,Light rainwater puddles on a bus stand in Adyar; people walking normally with umbrellas; no disruption visible.,1,Minor waterlogging with no disruption to people or property.,flood
sevlab-00142,Damp riverside ghat in Maligaon after a shower; normal traffic; shops open.,1,Minor waterlogging with no disruption to people or property.,flood
sevlab-00143,Cyclonic storm hitting Salt Lake; fallen trees blocking the road; damaged shop signboards; submerged hand-pumps and shops.,3,Significant flooding; evacuation of low-lying homes advised.,cyclone
sevlab-00144,Chest-deep fast-flowing floodwater across Tajpur; houses partially submerged with only roofs visible; people stranded on rooftops waving for help; a stranded auto-rickshaw half submerged.,5,Extreme danger to life; highest-priority rescue operation.,flood
sevlab-00145,Strong winds bending trees on a railway underpass in Bahadurpur; rain lashing sideways.,2,Noticeable impact but daily life continues with adjustments.,cyclone
sevlab-00146,Scorching heat in T Nagar market; vendors covering stalls with wet cloth; people drinking water frequently.,2,Ankle-deep water slowing movement; manageable with precautions.,heatwave
sevlab-00147,Knee-deep floodwater covering a main road in Boring Road; residents wading with belongings; power lines hanging low over the water.,3,Knee-deep water affecting homes and movement; vulnerable people at risk.,flood
sevlab-00148,Shin-deep rainwater on a market road in Laheriasarai; pedestrians wading carefully; shops placing sandbags.,2,Moderate disruption; vulnerable people should take care.,flood
sevlab-00149,Shin-deep rainwater on a market road in Kursela; pedestrians wading carefully; shops placing sandbags.,2,Moderate disruption; vulnerable people should take care.,flood
sevlab-00150,Shin-deep rainwater on a riverside ghat in Sigra; pedestrians wading carefully; shops placing sandbags.,2,Noticeable impact but daily life continues with adjustments.,flood
sevlab-00151,Overcast sky with strong winds in Mahnar; trees swaying; fishermen securing boats.,1,"Mild conditions; situation under control, no urgent action needed.",cyclone
sevlab-00152,Damp riverside ghat in Naugachia after a shower; normal traffic; shops open.,1,Light impact visible; monitoring is sufficient for now.,flood
sevlab-00153,Light rainwater puddles on a riverside ghat in Salt Lake; people walking normally with umbrellas; no disruption visible.,1,Minor waterlogging with no disruption to people or property.,flood
sevlab-00154,Intense heatwave in Tilkamanjhi; nearly empty streets at noon; a man resting in shade showing heat exhaustion; a dog swimming across the lane.,3,Significant flooding; evacuation of low-lying homes advised.,heatwave
sevlab-00155,Dark clouds gathering over Porur; rough sea; people moving indoors.,1,Light impact visible; monitoring is sufficient for now.,cyclone
sevlab-00156,Extreme heat emergency in Sursand; multiple people fainted on the street; ambulance present; a dog swimming across the lane.,5,Life-threatening flooding with people stranded; immediate mass rescue required.,heatwave
sevlab-00157,Knee-to-thigh deep water in a village street in T Nagar; ground floors flooded; people moving to upper floors.,3,Water entering ground floors; relief assistance likely needed soon.,flood
sevlab-00158,Destructive winds battering Naliapool; collapsed boundary walls; streets flooded.,4,Severe flooding with people trapped; immediate evacuation required.,cyclone
sevlab-00159,Ankle-deep waterlogging on a highway stretch in Gulabbagh; two-wheelers moving slowly; submerged hand-pumps and shops.,2,Ankle-deep water slowing movement; manageable with precautions.,flood
sevlab-00160,Massive storm surge flooding Maligaon; boats washed onto roads; floating debris and household items.,5,Extreme danger to life; highest-priority rescue operation.,cyclone
sevlab-00161,Hot sunny afternoon in Chowkidingee; people using umbrellas; streets active.,1,Minor waterlogging with no disruption to people or property.,heatwave
sevlab-00162,Shin-deep rainwater on a railway underpass in Howrah Bridge; pedestrians wading carefully; shops placing sandbags.,2,Moderate disruption; vulnerable people should take care.,flood
sevlab-00163,Strong winds bending trees on a low-lying colony in Ganeshguri; rain lashing sideways.,2,Ankle-deep water slowing movement; manageable with precautions.,cyclone
sevlab-00164,Severe cyclone landfall near Dalsinghsarai; uprooted trees and electric poles; houses with roofs torn off; a rescue boat visible in the distance.,4,Waist-deep water entering homes; residents stranded; urgent rescue needed.,cyclone
sevlab-00165,Waist-deep brown floodwater submerging a highway stretch in Banmankhi; water entering ground-floor homes; volunteers distributing water bottles.,4,Deep water across residential areas; critical rescue situation.,flood
sevlab-00166,Scorching heat in Bodh Gaya market; vendors covering stalls with wet cloth; people drinking water frequently.,2,Ankle-deep water slowing movement; manageable with precautions.,heatwave
sevlab-00167,Ankle-deep waterlogging on a school compound in Anna Nagar; two-wheelers moving slowly; power lines hanging low over the water.,2,Ankle-deep water slowing movement; manageable with precautions.,flood
sevlab-00168,Damp school compound in Rupauli after a shower; normal traffic; shops open.,1,"Mild conditions; situation under control, no urgent action needed.",flood
sevlab-00169,Shin-deep rainwater on a school compound in Mohaddipur; pedestrians wading carefully; shops placing sandbags.,2,Ankle-deep water slowing movement; manageable with precautions.,flood
sevlab-00170,Knee-deep floodwater covering a village street in Porur; residents wading with belongings; a stranded auto-rickshaw half submerged.,3,Water entering ground floors; relief assistance likely needed soon.,flood
sevlab-00171,Strong winds bending trees on a low-lying colony in T Nagar; rain lashing sideways.,2,Ankle-deep water slowing movement; manageable with precautions.,cyclone
sevlab-00172,Ankle-deep waterlogging on a village street in Kursela; two-wheelers moving slowly; submerged hand-pumps and shops.,2,Ankle-deep water slowing movement; manageable with precautions.,flood
sevlab-00173,Extreme heat in Porur; thermometer reading dangerously high; streets deserted.,4,Waist-deep water entering homes; residents stranded; urgent rescue needed.,heatwave
sevlab-00174,Shin-deep rainwater on a highway stretch in Boring Road; pedestrians wading carefully; shops placing sandbags.,2,Moderate disruption; vulnerable people should take care.,flood
sevlab-00175,Heavy rain and gusty winds in Danapur; tin roofs rattling; power lines hanging low over the water.,2,Ankle-deep water slowing movement; manageable with precautions.,cyclone
sevlab-00176,Shin-deep rainwater on a school compound in Dharampeth; pedestrians wading carefully; shops placing sandbags.,2,Moderate disruption; vulnerable people should take care.,flood
sevlab-00177,Knee-deep floodwater covering a riverside ghat in Jale; residents wading with belongings; a rescue boat visible in the distance.,3,Knee-deep water affecting homes and movement; vulnerable people at risk.,flood
sevlab-00178,Shin-deep rainwater on a riverside ghat in Manewada; pedestrians wading carefully; shops placing sandbags.,2,Moderate disruption; vulnerable people should take care.,flood
sevlab-00179,Knee-deep floodwater covering a highway stretch in Mushahari; residents wading with belongings; a stranded auto-rickshaw half submerged.,3,Water entering ground floors; relief assistance likely needed soon.,flood
sevlab-00180,Damp market road in Belaganj after a shower; normal traffic; shops open.,1,Light impact visible; monitoring is sufficient for now.,flood
sevlab-00181,Severe flooding in Golghar; entire village street underwater; families on rooftops; volunteers distributing water bottles.,5,Life-threatening flooding with people stranded; immediate mass rescue required.,flood
sevlab-00182,Ankle-deep waterlogging on a school compound in Chandmari; two-wheelers moving slowly; a dog swimming across the lane.,2,Ankle-deep water slowing movement; manageable with precautions.,flood
sevlab-00183,Severe winds in Bairgania; uprooted small trees; waterlogging beginning.,3,Water entering ground floors; relief assistance likely needed soon.,cyclone
sevlab-00184,Bright harsh sunlight over a school compound in Jale; normal crowd with sun protection.,1,Minor waterlogging with no disruption to people or property.,heatwave
sevlab-00185,Knee-to-thigh deep water in a residential lane in Banmankhi; ground floors flooded; people moving to upper floors.,3,Water entering ground floors; relief assistance likely needed soon.,flood
sevlab-00186,Shin-deep rainwater on a market road in Lanka; pedestrians wading carefully; shops placing sandbags.,2,Moderate disruption; vulnerable people should take care.,flood
sevlab-00187,Severe heatwave in Tekari; elderly person collapsed near a bus stop; bystanders giving water; power lines hanging low over the water.,4,Deep water across residential areas; critical rescue situation.,heatwave
sevlab-00188,Knee-to-thigh deep water in a bus stand in Mohanbari; ground floors flooded; people moving to upper floors.,3,Knee-deep water affecting homes and movement; vulnerable people at risk.,flood
sevlab-00189,Knee-to-thigh deep water in a school compound in Khanpur; ground floors flooded; people moving to upper floors.,3,Significant flooding; evacuation of low-lying homes advised.,flood
sevlab-00190,Ankle-deep waterlogging on a main road in Chandmari; two-wheelers moving slowly; an elderly couple watching from a balcony.,2,Noticeable impact but daily life continues with adjustments.,flood
sevlab-00191,Blazing heat over Sea Beach Road; cracked dry ground; labourers resting under a tree.,3,Significant flooding; evacuation of low-lying homes advised.,heatwave
sevlab-00192,Ankle-deep waterlogging on a residential lane in Naliapool; two-wheelers moving slowly; a rescue boat visible in the distance.,2,Noticeable impact but daily life continues with adjustments.,flood
sevlab-00193,Knee-deep floodwater covering a school compound in Manihari; residents wading with belongings; submerged hand-pumps and shops.,3,Significant flooding; evacuation of low-lying homes advised.,flood
sevlab-00194,Destructive winds battering Ganeshguri; collapsed boundary walls; streets flooded.,4,Severe flooding with people trapped; immediate evacuation required.,cyclone
sevlab-00195,Heavy rain and gusty winds in Howrah Bridge; tin roofs rattling; an elderly couple watching from a balcony.,2,Ankle-deep water slowing movement; manageable with precautions.,cyclone
sevlab-00196,Severe cyclone landfall near Kankarbagh; uprooted trees and electric poles; houses with roofs torn off; people carrying belongings on their heads.,4,Severe flooding with people trapped; immediate evacuation required.,cyclone
sevlab-00197,Hot sunny afternoon in Manpur; people using umbrellas; streets active.,1,"Mild conditions; situation under control, no urgent action needed.",heatwave
sevlab-00198,Cyclonic storm hitting Pandeypur; fallen trees blocking the road; damaged shop signboards; a stranded auto-rickshaw half submerged.,3,Knee-deep water affecting homes and movement; vulnerable people at risk.,cyclone
sevlab-00199,Chest-deep fast-flowing floodwater across Hingna; houses partially submerged with only roofs visible; people stranded on rooftops waving for help; power lines hanging low over the water.,5,Catastrophic conditions; large-scale emergency response needed.,flood
sevlab-00200,Strong winds bending trees on a residential lane in Shibpur; rain lashing sideways.,2,Ankle-deep water slowing movement; manageable with precautions.,cyclone
sevlab-00201,Strong winds bending trees on a bus stand in Beltola; rain lashing sideways.,2,Noticeable impact but daily life continues with adjustments.,cyclone
sevlab-00202,Ankle-deep waterlogging on a village street in Sahjanwa; two-wheelers moving slowly; power lines hanging low over the water.,2,Moderate disruption; vulnerable people should take care.,flood
sevlab-00203,Severe cyclone landfall near Dhamdaha; uprooted trees and electric poles; houses with roofs torn off; floating debris and household items.,4,Waist-deep water entering homes; residents stranded; urgent rescue needed.,cyclone
sevlab-00204,Ankle-deep waterlogging on a school compound in Talabania; two-wheelers moving slowly; floating debris and household items.,2,Moderate disruption; vulnerable people should take care.,flood
sevlab-00205,Scorching heat in Pandeypur market; vendors covering stalls with wet cloth; people drinking water frequently.,2,Ankle-deep water slowing movement; manageable with precautions.,heatwave
sevlab-00206,Severe heatwave in Adyar; elderly person collapsed near a bus stop; bystanders giving water; floating debris and household items.,4,Waist-deep water entering homes; residents stranded; urgent rescue needed.,heatwave
sevlab-00207,Severe heatwave in T Nagar; elderly person collapsed near a bus stop; bystanders giving water; a rescue boat visible in the distance.,4,Severe flooding with people trapped; immediate evacuation required.,heatwave
sevlab-00208,Scorching heat in Delang market; vendors covering stalls with wet cloth; people drinking water frequently.,2,Ankle-deep water slowing movement; manageable with precautions.,heatwave
sevlab-00209,Bright harsh sunlight over a market road in Mohaddipur; normal crowd with sun protection.,1,"Mild conditions; situation under control, no urgent action needed.",heatwave
sevlab-00210,Chest-deep fast-flowing floodwater across Pandeypur; houses partially submerged with only roofs visible; people stranded on rooftops waving for help; children sitting on a raised platform.,5,Extreme danger to life; highest-priority rescue operation.,flood
sevlab-00211,Scorching heat in Velachery market; vendors covering stalls with wet cloth; people drinking water frequently.,2,Moderate disruption; vulnerable people should take care.,heatwave
sevlab-00212,Scorching heat in Bahadurpur market; vendors covering stalls with wet cloth; people drinking water frequently.,2,Noticeable impact but daily life continues with adjustments.,heatwave
sevlab-00213,Severe cyclone landfall near Laheriasarai; uprooted trees and electric poles; houses with roofs torn off; children sitting on a raised platform.,4,Deep water across residential areas; critical rescue situation.,cyclone
sevlab-00214,Extreme heat emergency in Naugachia; multiple people fainted on the street; ambulance present; volunteers distributing water bottles.,5,Extreme danger to life; highest-priority rescue operation.,heatwave
sevlab-00215,Shin-deep rainwater on a village street in Bairgania; pedestrians wading carefully; shops placing sandbags.,2,Ankle-deep water slowing movement; manageable with precautions.,flood
sevlab-00216,Knee-deep floodwater covering a highway stretch in Talabania; residents wading with belongings; a stranded auto-rickshaw half submerged.,3,Knee-deep water affecting homes and movement; vulnerable people at risk.,flood
sevlab-00217,Damp bus stand in Pipraich after a shower; normal traffic; shops open.,1,"Mild conditions; situation under control, no urgent action needed.",flood
sevlab-00218,Heavy rain and gusty winds in Mahnar; tin roofs rattling; a dog swimming across the lane.,2,Moderate disruption; vulnerable people should take care.,cyclone
sevlab-00219,Shin-deep rainwater on a low-lying colony in Banmankhi; pedestrians wading carefully; shops placing sandbags.,2,Moderate disruption; vulnerable people should take care.,flood
sevlab-00220,Intense heatwave in Kahalgaon; nearly empty streets at noon; a man resting in shade showing heat exhaustion; children sitting on a raised platform.,3,Knee-deep water affecting homes and movement; vulnerable people at risk.,heatwave
sevlab-00221,Damp riverside ghat in Delang after a shower; normal traffic; shops open.,1,Light impact visible; monitoring is sufficient for now.,flood
sevlab-00222,Knee-deep floodwater covering a residential lane in Shibpur; residents wading with belongings; a dog swimming across the lane.,3,Knee-deep water affecting homes and movement; vulnerable people at risk.,flood
sevlab-00223,Damp school compound in Pupri after a shower; normal traffic; shops open.,1,Light impact visible; monitoring is sufficient for now.,flood
sevlab-00224,Ankle-deep waterlogging on a market road in Talabania; two-wheelers moving slowly; volunteers distributing water bottles.,2,Moderate disruption; vulnerable people should take care.,flood
sevlab-00225,Dark clouds gathering over Sealdah; rough sea; people moving indoors.,1,"Mild conditions; situation under control, no urgent action needed.",cyclone
sevlab-00226,Dark clouds gathering over Dalsinghsarai; rough sea; people moving indoors.,1,"Mild conditions; situation under control, no urgent action needed.",cyclone
sevlab-00227,Strong winds bending trees on a village street in Baruraj; rain lashing sideways.,2,Noticeable impact but daily life continues with adjustments.,cyclone
sevlab-00228,Damp school compound in Kanti after a shower; normal traffic; shops open.,1,Minor waterlogging with no disruption to people or property.,flood
sevlab-00229,Chest-deep fast-flowing floodwater across Kasba; houses partially submerged with only roofs visible; people stranded on rooftops waving for help; power lines hanging low over the water.,5,Extreme danger to life; highest-priority rescue operation.,flood
sevlab-00230,Severe cyclone landfall near Keoti; uprooted trees and electric poles; houses with roofs torn off; children sitting on a raised platform.,4,Severe flooding with people trapped; immediate evacuation required.,cyclone
sevlab-00231,Light rainwater puddles on a riverside ghat in Godowlia; people walking normally with umbrellas; no disruption visible.,1,"Mild conditions; situation under control, no urgent action needed.",flood
sevlab-00232,Very hot midday on a low-lying colony in Satyabadi; shutters half-down; floating debris and household items.,2,Noticeable impact but daily life continues with adjustments.,heatwave
sevlab-00233,Light rainwater puddles on a market road in Kamptee; people walking normally with umbrellas; no disruption visible.,1,"Mild conditions; situation under control, no urgent action needed.",flood
sevlab-00234,Ankle-deep waterlogging on a residential lane in Porur; two-wheelers moving slowly; a rescue boat visible in the distance.,2,Noticeable impact but daily life continues with adjustments.,flood
sevlab-00235,Severe winds in Manihari; uprooted small trees; waterlogging beginning.,3,Knee-deep water affecting homes and movement; vulnerable people at risk.,cyclone
sevlab-00236,Heavy rain and gusty winds in Beltola; tin roofs rattling; a dog swimming across the lane.,2,Ankle-deep water slowing movement; manageable with precautions.,cyclone
sevlab-00237,Damp low-lying colony in Hajipur after a shower; normal traffic; shops open.,1,Minor waterlogging with no disruption to people or property.,flood
sevlab-00238,Overcast sky with strong winds in Pipraich; trees swaying; fishermen securing boats.,1,Minor waterlogging with no disruption to people or property.,cyclone
sevlab-00239,Damp school compound in Pipraich after a shower; normal traffic; shops open.,1,"Mild conditions; situation under control, no urgent action needed.",flood
sevlab-00240,Ankle-deep waterlogging on a school compound in Boiragimoth; two-wheelers moving slowly; children sitting on a raised platform.,2,Ankle-deep water slowing movement; manageable with precautions.,flood
sevlab-00241,Shin-deep rainwater on a main road in Motihari Road; pedestrians wading carefully; shops placing sandbags.,2,Noticeable impact but daily life continues with adjustments.,flood
sevlab-00242,Knee-to-thigh deep water in a highway stretch in Howrah Bridge; ground floors flooded; people moving to upper floors.,3,Knee-deep water affecting homes and movement; vulnerable people at risk.,flood
sevlab-00243,Knee-to-thigh deep water in a main road in Dalsinghsarai; ground floors flooded; people moving to upper floors.,3,Knee-deep water affecting homes and movement; vulnerable people at risk.,flood
sevlab-00244,Hot sunny afternoon in Bally; people using umbrellas; streets active.,1,Light impact visible; monitoring is sufficient for now.,heatwave
sevlab-00245,Waist-deep brown floodwater submerging a low-lying colony in Barsoi; water entering ground-floor homes; submerged hand-pumps and shops.,4,Deep water across residential areas; critical rescue situation.,flood
sevlab-00246,Intense heatwave in Paltan Bazaar; nearly empty streets at noon; a man resting in shade showing heat exhaustion; people carrying belongings on their heads.,3,Knee-deep water affecting homes and movement; vulnerable people at risk.,heatwave
sevlab-00247,Shin-deep rainwater on a highway stretch in Benipur; pedestrians wading carefully; shops placing sandbags.,2,Ankle-deep water slowing movement; manageable with precautions.,flood
sevlab-00248,Catastrophic cyclone devastation in Shibpur; collapsed buildings; submerged streets; rescue teams evacuating residents; power lines hanging low over the water.,5,Life-threatening flooding with people stranded; immediate mass rescue required.,cyclone
sevlab-00249,Light rainwater puddles on a railway underpass in Benipur; people walking normally with umbrellas; no disruption visible.,1,Light impact visible; monitoring is sufficient for now.,flood
sevlab-00250,Waist-deep brown floodwater submerging a main road in Hingna; water entering ground-floor homes; an elderly couple watching from a balcony.,4,Severe flooding with people trapped; immediate evacuation required.,flood
sevlab-00251,Intense heatwave in Kursela; nearly empty streets at noon; a man resting in shade showing heat exhaustion; a dog swimming across the lane.,3,Knee-deep water affecting homes and movement; vulnerable people at risk.,heatwave
sevlab-00252,Intense heatwave in Pranpur; nearly empty streets at noon; a man resting in shade showing heat exhaustion; children sitting on a raised platform.,3,Water entering ground floors; relief assistance likely needed soon.,heatwave
sevlab-00253,Knee-deep floodwater covering a low-lying colony in Mohanbari; residents wading with belongings; floating debris and household items.,3,Water entering ground floors; relief assistance likely needed soon.,flood
sevlab-00254,Light rainwater puddles on a highway stretch in Sabour; people walking normally with umbrellas; no disruption visible.,1,"Mild conditions; situation under control, no urgent action needed.",flood
sevlab-00255,Overcast sky with strong winds in Paltan Bazaar; trees swaying; fishermen securing boats.,1,"Mild conditions; situation under control, no urgent action needed.",cyclone
sevlab-00256,Knee-deep floodwater covering a market road in Dhamdaha; residents wading with belongings; children sitting on a raised platform.,3,Significant flooding; evacuation of low-lying homes advised.,flood
sevlab-00257,Strong winds bending trees on a riverside ghat in Kushmi; rain lashing sideways.,2,Ankle-deep water slowing movement; manageable with precautions.,cyclone
sevlab-00258,Knee-to-thigh deep water in a highway stretch in Sabour; ground floors flooded; people moving to upper floors.,3,Water entering ground floors; relief assistance likely needed soon.,flood
sevlab-00259,Light rainwater puddles on a residential lane in Sealdah; people walking normally with umbrellas; no disruption visible.,1,Minor waterlogging with no disruption to people or property.,flood
sevlab-00260,Blazing heat over Liluah; cracked dry ground; labourers resting under a tree.,3,Knee-deep water affecting homes and movement; vulnerable people at risk.,heatwave
sevlab-00261,Shin-deep rainwater on a highway stretch in Sherghati; pedestrians wading carefully; shops placing sandbags.,2,Noticeable impact but daily life continues with adjustments.,flood
sevlab-00262,Destructive winds battering Kadwa; collapsed boundary walls; streets flooded.,4,Waist-deep water entering homes; residents stranded; urgent rescue needed.,cyclone
sevlab-00263,Knee-to-thigh deep water in a low-lying colony in Kushmi; ground floors flooded; people moving to upper floors.,3,Significant flooding; evacuation of low-lying homes advised.,flood
sevlab-00264,Catastrophic cyclone devastation in Bodh Gaya; collapsed buildings; submerged streets; rescue teams evacuating residents; a rescue boat visible in the distance.,5,Catastrophic conditions; large-scale emergency response needed.,cyclone
sevlab-00265,Knee-to-thigh deep water in a residential lane in Dalsinghsarai; ground floors flooded; people moving to upper floors.,3,Water entering ground floors; relief assistance likely needed soon.,flood
sevlab-00266,Damp market road in Lanka after a shower; normal traffic; shops open.,1,Light impact visible; monitoring is sufficient for now.,flood
sevlab-00267,Strong winds bending trees on a highway stretch in Sursand; rain lashing sideways.,2,Ankle-deep water slowing movement; manageable with precautions.,cyclone
sevlab-00268,Waist-deep brown floodwater submerging a low-lying colony in Kadwa; water entering ground-floor homes; submerged hand-pumps and shops.,4,Waist-deep water entering homes; residents stranded; urgent rescue needed.,flood
sevlab-00269,Ankle-deep waterlogging on a main road in Boring Road; two-wheelers moving slowly; power lines hanging low over the water.,2,Moderate disruption; vulnerable people should take care.,flood
sevlab-00270,Bright harsh sunlight over a highway stretch in Bally; normal crowd with sun protection.,1,Minor waterlogging with no disruption to people or property.,heatwave
sevlab-00271,Scorching heat in Boiragimoth market; vendors covering stalls with wet cloth; people drinking water frequently.,2,Noticeable impact but daily life continues with adjustments.,heatwave
sevlab-00272,Damp village street in Pranpur after a shower; normal traffic; shops open.,1,Light impact visible; monitoring is sufficient for now.,flood
sevlab-00273,Knee-deep floodwater covering a railway underpass in Rupauli; residents wading with belongings; people carrying belongings on their heads.,3,Knee-deep water affecting homes and movement; vulnerable people at risk.,flood
sevlab-00274,Massive storm surge flooding Motihari Road; boats washed onto roads; children sitting on a raised platform.,5,Life-threatening flooding with people stranded; immediate mass rescue required.,cyclone
sevlab-00275,Waist-deep brown floodwater submerging a village street in Mushahari; water entering ground-floor homes; floating debris and household items.,4,Deep water across residential areas; critical rescue situation.,flood
sevlab-00276,Damp railway underpass in Pupri after a shower; normal traffic; shops open.,1,Minor waterlogging with no disruption to people or property.,flood
sevlab-00277,Extreme heat in Sahebganj; thermometer reading dangerously high; streets deserted.,4,Severe flooding with people trapped; immediate evacuation required.,heatwave
sevlab-00278,Shin-deep rainwater on a riverside ghat in Bally; pedestrians wading carefully; shops placing sandbags.,2,Noticeable impact but daily life continues with adjustments.,flood
sevlab-00279,Chest-high water rising in a railway underpass in Pandeypur; residents stranded on rooftops; children sitting on a raised platform.,4,Severe flooding with people trapped; immediate evacuation required.,flood
sevlab-00280,Dark clouds gathering over Baruraj; rough sea; people moving indoors.,1,Minor waterlogging with no disruption to people or property.,cyclone
sevlab-00281,Ankle-deep waterlogging on a low-lying colony in Naugachia; two-wheelers moving slowly; a rescue boat visible in the distance.,2,Ankle-deep water slowing movement; manageable with precautions.,flood
sevlab-00282,Blazing heat over Raghopur; cracked dry ground; labourers resting under a tree.,3,Knee-deep water affecting homes and movement; vulnerable people at risk.,heatwave
sevlab-00283,Overcast sky with strong winds in Manihari; trees swaying; fishermen securing boats.,1,Minor waterlogging with no disruption to people or property.,cyclone
sevlab-00284,Shin-deep rainwater on a market road in Maligaon; pedestrians wading carefully; shops placing sandbags.,2,Noticeable impact but daily life continues with adjustments.,flood
sevlab-00285,Ankle-deep waterlogging on a riverside ghat in Tilkamanjhi; two-wheelers moving slowly; a rescue boat visible in the distance.,2,Noticeable impact but daily life continues with adjustments.,flood
sevlab-00286,Ankle-deep waterlogging on a market road in Salt Lake; two-wheelers moving slowly; people carrying belongings on their heads.,2,Moderate disruption; vulnerable people should take care.,flood
sevlab-00287,Shin-deep rainwater on a low-lying colony in Hajipur; pedestrians wading carefully; shops placing sandbags.,2,Moderate disruption; vulnerable people should take care.,flood
sevlab-00288,Severe winds in Hajipur; uprooted small trees; waterlogging beginning.,3,Knee-deep water affecting homes and movement; vulnerable people at risk.,cyclone
sevlab-00289,Chest-high water rising in a railway underpass in Anna Nagar; residents stranded on rooftops; submerged hand-pumps and shops.,4,Severe flooding with people trapped; immediate evacuation required.,flood
sevlab-00290,Dark clouds gathering over Dum Dum; rough sea; people moving indoors.,1,Minor waterlogging with no disruption to people or property.,cyclone
sevlab-00291,Scorching heat in Mushahari market; vendors covering stalls with wet cloth; people drinking water frequently.,2,Moderate disruption; vulnerable people should take care.,heatwave
sevlab-00292,Hot sunny afternoon in Hajipur; people using umbrellas; streets active.,1,Minor waterlogging with no disruption to people or property.,heatwave
sevlab-00293,Overcast sky with strong winds in Behala; trees swaying; fishermen securing boats.,1,"Mild conditions; situation under control, no urgent action needed.",cyclone
sevlab-00294,Knee-deep floodwater covering a market road in Dalsinghsarai; residents wading with belongings; a dog swimming across the lane.,3,Water entering ground floors; relief assistance likely needed soon.,flood
sevlab-00295,Damp highway stretch in Ramnagar after a shower; normal traffic; shops open.,1,Light impact visible; monitoring is sufficient for now.,flood
sevlab-00296,Knee-to-thigh deep water in a residential lane in Godowlia; ground floors flooded; people moving to upper floors.,3,Water entering ground floors; relief assistance likely needed soon.,flood
sevlab-00297,Bright harsh sunlight over a bus stand in Mushahari; normal crowd with sun protection.,1,Minor waterlogging with no disruption to people or property.,heatwave
sevlab-00298,Severe cyclone landfall near Golghar; uprooted trees and electric poles; houses with roofs torn off; power lines hanging low over the water.,4,Waist-deep water entering homes; residents stranded; urgent rescue needed.,cyclone
sevlab-00299,Damp market road in Sea Beach Road after a shower; normal traffic; shops open.,1,Light impact visible; monitoring is sufficient for now.,flood
sevlab-00300,Very hot midday on a railway underpass in Hingna; shutters half-down; power lines hanging low over the water.,2,Moderate disruption; vulnerable people should take care.,heatwave
sevlab-00301,Heavy rain and gusty winds in Motihari Road; tin roofs rattling; a rescue boat visible in the distance.,2,Noticeable impact but daily life continues with adjustments.,cyclone
sevlab-00302,Knee-deep floodwater covering a highway stretch in Keoti; residents wading with belongings; a dog swimming across the lane.,3,Significant flooding; evacuation of low-lying homes advised.,flood
sevlab-00303,Knee-to-thigh deep water in a riverside ghat in Salt Lake; ground floors flooded; people moving to upper floors.,3,Knee-deep water affecting homes and movement; vulnerable people at risk.,flood
sevlab-00304,Cyclonic storm hitting Porur; fallen trees blocking the road; damaged shop signboards; a dog swimming across the lane.,3,Water entering ground floors; relief assistance likely needed soon.,cyclone
sevlab-00305,Ankle-deep waterlogging on a main road in Pandeypur; two-wheelers moving slowly; power lines hanging low over the water.,2,Ankle-deep water slowing movement; manageable with precautions.,flood
sevlab-00306,Waist-deep brown floodwater submerging a village street in Motihari Road; water entering ground-floor homes; power lines hanging low over the water.,4,Waist-deep water entering homes; residents stranded; urgent rescue needed.,flood
sevlab-00307,Dark clouds gathering over Pusa; rough sea; people moving indoors.,1,"Mild conditions; situation under control, no urgent action needed.",cyclone
sevlab-00308,Dark clouds gathering over Mushahari; rough sea; people moving indoors.,1,Minor waterlogging with no disruption to people or property.,cyclone
sevlab-00309,Dark clouds gathering over Benipur; rough sea; people moving indoors.,1,Light impact visible; monitoring is sufficient for now.,cyclone
sevlab-00310,Damp highway stretch in Tekari after a shower; normal traffic; shops open.,1,Light impact visible; monitoring is sufficient for now.,flood
sevlab-00311,Light rainwater puddles on a school compound in Aliganj; people walking normally with umbrellas; no disruption visible.,1,Light impact visible; monitoring is sufficient for now.,flood
sevlab-00312,Ankle-deep waterlogging on a bus stand in Bally; two-wheelers moving slowly; a dog swimming across the lane.,2,Moderate disruption; vulnerable people should take care.,flood
sevlab-00313,Catastrophic cyclone devastation in Baruraj; collapsed buildings; submerged streets; rescue teams evacuating residents; power lines hanging low over the water.,5,Life-threatening flooding with people stranded; immediate mass rescue required.,cyclone
sevlab-00314,Light rainwater puddles on a riverside ghat in Sahebganj; people walking normally with umbrellas; no disruption visible.,1,Light impact visible; monitoring is sufficient for now.,flood
sevlab-00315,Knee-deep floodwater covering a railway underpass in Maligaon; residents wading with belongings; a dog swimming across the lane.,3,Significant flooding; evacuation of low-lying homes advised.,flood
sevlab-00316,Knee-to-thigh deep water in a residential lane in Mushahari; ground floors flooded; people moving to upper floors.,3,Significant flooding; evacuation of low-lying homes advised.,flood
sevlab-00317,Chest-high water rising in a market road in Adyar; residents stranded on rooftops; a dog swimming across the lane.,4,Severe flooding with people trapped; immediate evacuation required.,flood
sevlab-00318,Damp school compound in Sherghati after a shower; normal traffic; shops open.,1,Minor waterlogging with no disruption to people or property.,flood
sevlab-00319,Ankle-deep waterlogging on a main road in Sahjanwa; two-wheelers moving slowly; an elderly couple watching from a balcony.,2,Moderate disruption; vulnerable people should take care.,flood
sevlab-00320,Light rainwater puddles on a highway stretch in Tekari; people walking normally with umbrellas; no disruption visible.,1,Minor waterlogging with no disruption to people or property.,flood
sevlab-00321,Knee-to-thigh deep water in a residential lane in Aliganj; ground floors flooded; people moving to upper floors.,3,Knee-deep water affecting homes and movement; vulnerable people at risk.,flood
sevlab-00322,Knee-deep floodwater covering a riverside ghat in Danapur; residents wading with belongings; children sitting on a raised platform.,3,Significant flooding; evacuation of low-lying homes advised.,flood
sevlab-00323,Damp bus stand in Tekari after a shower; normal traffic; shops open.,1,Light impact visible; monitoring is sufficient for now.,flood
sevlab-00324,Shin-deep rainwater on a residential lane in Liluah; pedestrians wading carefully; shops placing sandbags.,2,Ankle-deep water slowing movement; manageable with precautions.,flood
sevlab-00325,Blazing heat over Hajipur; cracked dry ground; labourers resting under a tree.,3,Water entering ground floors; relief assistance likely needed soon.,heatwave
sevlab-00326,Knee-to-thigh deep water in a school compound in Hingna; ground floors flooded; people moving to upper floors.,3,Significant flooding; evacuation of low-lying homes advised.,flood
sevlab-00327,Knee-deep floodwater covering a village street in Rosera; residents wading with belongings; children sitting on a raised platform.,3,Significant flooding; evacuation of low-lying homes advised.,flood
sevlab-00328,Knee-to-thigh deep water in a main road in Dumra; ground floors flooded; people moving to upper floors.,3,Knee-deep water affecting homes and movement; vulnerable people at risk.,flood
sevlab-00329,Severe winds in Tekari; uprooted small trees; waterlogging beginning.,3,Knee-deep water affecting homes and movement; vulnerable people at risk.,cyclone
sevlab-00330,Severe heatwave in Shibpur; elderly person collapsed near a bus stop; bystanders giving water; children sitting on a raised platform.,4,Waist-deep water entering homes; residents stranded; urgent rescue needed.,heatwave
sevlab-00331,Knee-deep floodwater covering a residential lane in Barsoi; residents wading with belongings; people carrying belongings on their heads.,3,Knee-deep water affecting homes and movement; vulnerable people at risk.,flood
sevlab-00332,Ankle-deep waterlogging on a highway stretch in Pandeypur; two-wheelers moving slowly; volunteers distributing water bottles.,2,Ankle-deep water slowing movement; manageable with precautions.,flood
sevlab-00333,Dark clouds gathering over Liluah; rough sea; people moving indoors.,1,"Mild conditions; situation under control, no urgent action needed.",cyclone
sevlab-00334,Shin-deep rainwater on a market road in Manewada; pedestrians wading carefully; shops placing sandbags.,2,Noticeable impact but daily life continues with adjustments.,flood
sevlab-00335,Knee-deep floodwater covering a residential lane in Hajipur; residents wading with belongings; a stranded auto-rickshaw half submerged.,3,Significant flooding; evacuation of low-lying homes advised.,flood
sevlab-00336,Chest-deep fast-flowing floodwater across Chowk; houses partially submerged with only roofs visible; people stranded on rooftops waving for help; an elderly couple watching from a balcony.,5,Life-threatening flooding with people stranded; immediate mass rescue required.,flood
sevlab-00337,Very hot midday on a railway underpass in Laheriasarai; shutters half-down; children sitting on a raised platform.,2,Noticeable impact but daily life continues with adjustments.,heatwave
sevlab-00338,Hot sunny afternoon in Banmankhi; people using umbrellas; streets active.,1,Minor waterlogging with no disruption to people or property.,heatwave
sevlab-00339,Damp village street in Delang after a shower; normal traffic; shops open.,1,Minor waterlogging with no disruption to people or property.,flood
sevlab-00340,Chest-high water rising in a main road in Godowlia; residents stranded on rooftops; a rescue boat visible in the distance.,4,Deep water across residential areas; critical rescue situation.,flood
sevlab-00341,Hot sunny afternoon in Lanka; people using umbrellas; streets active.,1,Minor waterlogging with no disruption to people or property.,heatwave
sevlab-00342,Bright harsh sunlight over a low-lying colony in Mohaddipur; normal crowd with sun protection.,1,"Mild conditions; situation under control, no urgent action needed.",heatwave
sevlab-00343,Dark clouds gathering over Pipraich; rough sea; people moving indoors.,1,Light impact visible; monitoring is sufficient for now.,cyclone
sevlab-00344,Chest-high water rising in a village street in Godowlia; residents stranded on rooftops; power lines hanging low over the water.,4,Deep water across residential areas; critical rescue situation.,flood
sevlab-00345,Knee-deep floodwater covering a village street in Dum Dum; residents wading with belongings; a stranded auto-rickshaw half submerged.,3,Significant flooding; evacuation of low-lying homes advised.,flood
sevlab-00346,Shin-deep rainwater on a riverside ghat in Lalganj; pedestrians wading carefully; shops placing sandbags.,2,Ankle-deep water slowing movement; manageable with precautions.,flood
sevlab-00347,Damp bus stand in Mushahari after a shower; normal traffic; shops open.,1,Light impact visible; monitoring is sufficient for now.,flood
sevlab-00348,Hot sunny afternoon in Mushahari; people using umbrellas; streets active.,1,Minor waterlogging with no disruption to people or property.,heatwave
sevlab-00349,Shin-deep rainwater on a railway underpass in Sherghati; pedestrians wading carefully; shops placing sandbags.,2,Noticeable impact but daily life continues with adjustments.,flood
sevlab-00350,Light rainwater puddles on a village street in Bairgania; people walking normally with umbrellas; no disruption visible.,1,Light impact visible; monitoring is sufficient for now.,flood
sevlab-00351,Extreme heat in Paltan Bazaar; thermometer reading dangerously high; streets deserted.,4,Deep water across residential areas; critical rescue situation.,heatwave
sevlab-00352,Overcast sky with strong winds in Chowkidingee; trees swaying; fishermen securing boats.,1,"Mild conditions; situation under control, no urgent action needed.",cyclone
sevlab-00353,Light rainwater puddles on a residential lane in Pupri; people walking normally with umbrellas; no disruption visible.,1,Light impact visible; monitoring is sufficient for now.,flood
sevlab-00354,Waist-deep brown floodwater submerging a main road in Golghar; water entering ground-floor homes; power lines hanging low over the water.,4,Severe flooding with people trapped; immediate evacuation required.,flood
sevlab-00355,Damp market road in Indira Nagar after a shower; normal traffic; shops open.,1,"Mild conditions; situation under control, no urgent action needed.",flood
sevlab-00356,Light rainwater puddles on a highway stretch in Pupri; people walking normally with umbrellas; no disruption visible.,1,Light impact visible; monitoring is sufficient for now.,flood
sevlab-00357,Ankle-deep waterlogging on a village street in Mushahari; two-wheelers moving slowly; submerged hand-pumps and shops.,2,Ankle-deep water slowing movement; manageable with precautions.,flood
sevlab-00358,Cyclonic storm hitting Anna Nagar; fallen trees blocking the road; damaged shop signboards; volunteers distributing water bottles.,3,Water entering ground floors; relief assistance likely needed soon.,cyclone
sevlab-00359,Intense heatwave in Rupauli; nearly empty streets at noon; a man resting in shade showing heat exhaustion; submerged hand-pumps and shops.,3,Knee-deep water affecting homes and movement; vulnerable people at risk.,heatwave
sevlab-00360,Blazing heat over Tajpur; cracked dry ground; labourers resting under a tree.,3,Water entering ground floors; relief assistance likely needed soon.,heatwave
sevlab-00361,Blazing heat over Golghar; cracked dry ground; labourers resting under a tree.,3,Water entering ground floors; relief assistance likely needed soon.,heatwave
sevlab-00362,Knee-deep floodwater covering a school compound in Manewada; residents wading with belongings; a dog swimming across the lane.,3,Significant flooding; evacuation of low-lying homes advised.,flood
sevlab-00363,Severe winds in Kadwa; uprooted small trees; waterlogging beginning.,3,Knee-deep water affecting homes and movement; vulnerable people at risk.,cyclone
sevlab-00364,Knee-to-thigh deep water in a highway stretch in Jale; ground floors flooded; people moving to upper floors.,3,Water entering ground floors; relief assistance likely needed soon.,flood
sevlab-00365,Chest-deep fast-flowing floodwater across Tekari; houses partially submerged with only roofs visible; people stranded on rooftops waving for help; an elderly couple watching from a balcony.,5,Extreme danger to life; highest-priority rescue operation.,flood
sevlab-00366,Knee-to-thigh deep water in a highway stretch in Kasba; ground floors flooded; people moving to upper floors.,3,Significant flooding; evacuation of low-lying homes advised.,flood
sevlab-00367,Damp market road in Satyabadi after a shower; normal traffic; shops open.,1,Light impact visible; monitoring is sufficient for now.,flood
sevlab-00368,Light rainwater puddles on a railway underpass in Adyar; people walking normally with umbrellas; no disruption visible.,1,"Mild conditions; situation under control, no urgent action needed.",flood
sevlab-00369,Light rainwater puddles on a highway stretch in Keoti; people walking normally with umbrellas; no disruption visible.,1,Minor waterlogging with no disruption to people or property.,flood
sevlab-00370,Cyclonic storm hitting Jale; fallen trees blocking the road; damaged shop signboards; an elderly couple watching from a balcony.,3,Knee-deep water affecting homes and movement; vulnerable people at risk.,cyclone
sevlab-00371,Severe flooding in Golghar; entire bus stand underwater; families on rooftops; an elderly couple watching from a balcony.,5,Extreme danger to life; highest-priority rescue operation.,flood
sevlab-00372,Chest-high water rising in a market road in Kushmi; residents stranded on rooftops; floating debris and household items.,4,Severe flooding with people trapped; immediate evacuation required.,flood
sevlab-00373,Chest-high water rising in a main road in Bahadurpur; residents stranded on rooftops; people carrying belongings on their heads.,4,Waist-deep water entering homes; residents stranded; urgent rescue needed.,flood
sevlab-00374,Bright harsh sunlight over a riverside ghat in Chowkidingee; normal crowd with sun protection.,1,Minor waterlogging with no disruption to people or property.,heatwave
sevlab-00375,Chest-high water rising in a school compound in Kahalgaon; residents stranded on rooftops; a rescue boat visible in the distance.,4,Severe flooding with people trapped; immediate evacuation required.,flood
sevlab-00376,Damp bus stand in Maligaon after a shower; normal traffic; shops open.,1,Light impact visible; monitoring is sufficient for now.,flood
sevlab-00377,Severe winds in Mithapur; uprooted small trees; waterlogging beginning.,3,Significant flooding; evacuation of low-lying homes advised.,cyclone
sevlab-00378,Scorching heat in Satyabadi market; vendors covering stalls with wet cloth; people drinking water frequently.,2,Moderate disruption; vulnerable people should take care.,heatwave
sevlab-00379,Bright harsh sunlight over a market road in Phulwari Sharif; normal crowd with sun protection.,1,Light impact visible; monitoring is sufficient for now.,heatwave
sevlab-00380,Light rainwater puddles on a riverside ghat in Chakratirtha; people walking normally with umbrellas; no disruption visible.,1,Light impact visible; monitoring is sufficient for now.,flood
sevlab-00381,Chest-high water rising in a main road in Naliapool; residents stranded on rooftops; floating debris and household items.,4,Severe flooding with people trapped; immediate evacuation required.,flood
sevlab-00382,Very hot midday on a bus stand in Pipraich; shutters half-down; power lines hanging low over the water.,2,Noticeable impact but daily life continues with adjustments.,heatwave
sevlab-00383,Light rainwater puddles on a village street in Manihari; people walking normally with umbrellas; no disruption visible.,1,"Mild conditions; situation under control, no urgent action needed.",flood
sevlab-00384,Ankle-deep waterlogging on a main road in Banmankhi; two-wheelers moving slowly; volunteers distributing water bottles.,2,Ankle-deep water slowing movement; manageable with precautions.,flood
sevlab-00385,Dark clouds gathering over Mancotta; rough sea; people moving indoors.,1,Minor waterlogging with no disruption to people or property.,cyclone
sevlab-00386,Scorching heat in Sitabuldi market; vendors covering stalls with wet cloth; people drinking water frequently.,2,Moderate disruption; vulnerable people should take care.,heatwave
sevlab-00387,Ankle-deep waterlogging on a bus stand in Uluberia; two-wheelers moving slowly; a dog swimming across the lane.,2,Ankle-deep water slowing movement; manageable with precautions.,flood
sevlab-00388,Waist-deep brown floodwater submerging a school compound in Gomti Nagar; water entering ground-floor homes; a dog swimming across the lane.,4,Severe flooding with people trapped; immediate evacuation required.,flood
sevlab-00389,Knee-to-thigh deep water in a low-lying colony in Jale; ground floors flooded; people moving to upper floors.,3,Significant flooding; evacuation of low-lying homes advised.,flood
sevlab-00390,Damp market road in Baruraj after a shower; normal traffic; shops open.,1,Minor waterlogging with no disruption to people or property.,flood
sevlab-00391,Bright harsh sunlight over a highway stretch in Shibpur; normal crowd with sun protection.,1,Minor waterlogging with no disruption to people or property.,heatwave
sevlab-00392,Shin-deep rainwater on a bus stand in Talabania; pedestrians wading carefully; shops placing sandbags.,2,Noticeable impact but daily life continues with adjustments.,flood
sevlab-00393,Waist-deep brown floodwater submerging a residential lane in Aminabad; water entering ground-floor homes; a rescue boat visible in the distance.,4,Deep water across residential areas; critical rescue situation.,flood
sevlab-00394,Blazing heat over Tekari; cracked dry ground; labourers resting under a tree.,3,Significant flooding; evacuation of low-lying homes advised.,heatwave
sevlab-00395,Ankle-deep waterlogging on a village street in Tajpur; two-wheelers moving slowly; an elderly couple watching from a balcony.,2,Ankle-deep water slowing movement; manageable with precautions.,flood
sevlab-00396,Shin-deep rainwater on a railway underpass in Kursela; pedestrians wading carefully; shops placing sandbags.,2,Noticeable impact but daily life continues with adjustments.,flood
sevlab-00397,Cyclonic storm hitting Kursela; fallen trees blocking the road; damaged shop signboards; power lines hanging low over the water.,3,Knee-deep water affecting homes and movement; vulnerable people at risk.,cyclone
sevlab-00398,Scorching heat in Beltola market; vendors covering stalls with wet cloth; people drinking water frequently.,2,Noticeable impact but daily life continues with adjustments.,heatwave
sevlab-00399,Knee-deep floodwater covering a low-lying colony in Sursand; residents wading with belongings; a dog swimming across the lane.,3,Water entering ground floors; relief assistance likely needed soon.,flood
sevlab-00400,Very hot midday on a bus stand in Liluah; shutters half-down; floating debris and household items.,2,Ankle-deep water slowing movement; manageable with precautions.,heatwave
sevlab-00401,Waist-deep brown floodwater submerging a highway stretch in Belaganj; water entering ground-floor homes; people carrying belongings on their heads.,4,Severe flooding with people trapped; immediate evacuation required.,flood
sevlab-00402,Heavy rain and gusty winds in Uluberia; tin roofs rattling; an elderly couple watching from a balcony.,2,Moderate disruption; vulnerable people should take care.,cyclone
sevlab-00403,Light rainwater puddles on a riverside ghat in Bairgania; people walking normally with umbrellas; no disruption visible.,1,Minor waterlogging with no disruption to people or property.,flood
sevlab-00404,Cyclonic storm hitting Shibpur; fallen trees blocking the road; damaged shop signboards; a dog swimming across the lane.,3,Water entering ground floors; relief assistance likely needed soon.,cyclone
sevlab-00405,Hot sunny afternoon in Manewada; people using umbrellas; streets active.,1,Minor waterlogging with no disruption to people or property.,heatwave
sevlab-00406,Light rainwater puddles on a bus stand in Sitabuldi; people walking normally with umbrellas; no disruption visible.,1,"Mild conditions; situation under control, no urgent action needed.",flood
sevlab-00407,Dark clouds gathering over Salt Lake; rough sea; people moving indoors.,1,Light impact visible; monitoring is sufficient for now.,cyclone
sevlab-00408,Intense heatwave in Tekari; nearly empty streets at noon; a man resting in shade showing heat exhaustion; floating debris and household items.,3,Significant flooding; evacuation of low-lying homes advised.,heatwave
sevlab-00409,Waist-deep brown floodwater submerging a riverside ghat in Howrah Bridge; water entering ground-floor homes; a dog swimming across the lane.,4,Severe flooding with people trapped; immediate evacuation required.,flood
sevlab-00410,Knee-deep floodwater covering a low-lying colony in Sahjanwa; residents wading with belongings; floating debris and household items.,3,Significant flooding; evacuation of low-lying homes advised.,flood
sevlab-00411,Severe flooding in Danapur; entire railway underpass underwater; families on rooftops; a rescue boat visible in the distance.,5,Extreme danger to life; highest-priority rescue operation.,flood
sevlab-00412,Knee-to-thigh deep water in a low-lying colony in Khanpur; ground floors flooded; people moving to upper floors.,3,Water entering ground floors; relief assistance likely needed soon.,flood
sevlab-00413,Heavy rain and gusty winds in Sitabuldi; tin roofs rattling; submerged hand-pumps and shops.,2,Ankle-deep water slowing movement; manageable with precautions.,cyclone
sevlab-00414,Knee-to-thigh deep water in a bus stand in Sea Beach Road; ground floors flooded; people moving to upper floors.,3,Water entering ground floors; relief assistance likely needed soon.,flood
sevlab-00415,Knee-deep floodwater covering a village street in Salt Lake; residents wading with belongings; a stranded auto-rickshaw half submerged.,3,Knee-deep water affecting homes and movement; vulnerable people at risk.,flood
sevlab-00416,Knee-to-thigh deep water in a residential lane in Patrakar Nagar; ground floors flooded; people moving to upper floors.,3,Water entering ground floors; relief assistance likely needed soon.,flood
sevlab-00417,Knee-deep floodwater covering a low-lying colony in Beltola; residents wading with belongings; a dog swimming across the lane.,3,Significant flooding; evacuation of low-lying homes advised.,flood
sevlab-00418,Chest-deep fast-flowing floodwater across Rosera; houses partially submerged with only roofs visible; people stranded on rooftops waving for help; an elderly couple watching from a balcony.,5,Catastrophic conditions; large-scale emergency response needed.,flood
sevlab-00419,Severe cyclone landfall near Howrah Bridge; uprooted trees and electric poles; houses with roofs torn off; children sitting on a raised platform.,4,Deep water across residential areas; critical rescue situation.,cyclone
sevlab-00420,Overcast sky with strong winds in Anna Nagar; trees swaying; fishermen securing boats.,1,Light impact visible; monitoring is sufficient for now.,cyclone
sevlab-00421,Extreme heat in Raghopur; thermometer reading dangerously high; streets deserted.,4,Deep water across residential areas; critical rescue situation.,heatwave
sevlab-00422,Waist-deep brown floodwater submerging a residential lane in Santragachi; water entering ground-floor homes; children sitting on a raised platform.,4,Severe flooding with people trapped; immediate evacuation required.,flood
sevlab-00423,Heavy rain and gusty winds in Baruraj; tin roofs rattling; volunteers distributing water bottles.,2,Moderate disruption; vulnerable people should take care.,cyclone
sevlab-00424,Ankle-deep waterlogging on a highway stretch in Rosera; two-wheelers moving slowly; volunteers distributing water bottles.,2,Moderate disruption; vulnerable people should take care.,flood
sevlab-00425,Shin-deep rainwater on a residential lane in Sigra; pedestrians wading carefully; shops placing sandbags.,2,Noticeable impact but daily life continues with adjustments.,flood
sevlab-00426,Chest-high water rising in a highway stretch in Hingna; residents stranded on rooftops; children sitting on a raised platform.,4,Deep water across residential areas; critical rescue situation.,flood
sevlab-00427,Knee-deep floodwater covering a riverside ghat in Pranpur; residents wading with belongings; volunteers distributing water bottles.,3,Water entering ground floors; relief assistance likely needed soon.,flood
sevlab-00428,Light rainwater puddles on a railway underpass in Tekari; people walking normally with umbrellas; no disruption visible.,1,Light impact visible; monitoring is sufficient for now.,flood
sevlab-00429,Scorching heat in Rosera market; vendors covering stalls with wet cloth; people drinking water frequently.,2,Moderate disruption; vulnerable people should take care.,heatwave
sevlab-00430,Shin-deep rainwater on a highway stretch in Beltola; pedestrians wading carefully; shops placing sandbags.,2,Noticeable impact but daily life continues with adjustments.,flood
sevlab-00431,Heavy rain and gusty winds in Uluberia; tin roofs rattling; submerged hand-pumps and shops.,2,Moderate disruption; vulnerable people should take care.,cyclone
sevlab-00432,Shin-deep rainwater on a village street in Sahebganj; pedestrians wading carefully; shops placing sandbags.,2,Ankle-deep water slowing movement; manageable with precautions.,flood
sevlab-00433,Deadly heatwave in Maligaon; hospital entrance crowded; shops shuttered in peak afternoon.,5,Catastrophic conditions; large-scale emergency response needed.,heatwave
sevlab-00434,Severe flooding in Digha; entire highway stretch underwater; families on rooftops; power lines hanging low over the water.,5,Extreme danger to life; highest-priority rescue operation.,flood
sevlab-00435,Light rainwater puddles on a residential lane in Manpur; people walking normally with umbrellas; no disruption visible.,1,Light impact visible; monitoring is sufficient for now.,flood
sevlab-00436,Light rainwater puddles on a bus stand in Pranpur; people walking normally with umbrellas; no disruption visible.,1,"Mild conditions; situation under control, no urgent action needed.",flood
sevlab-00437,Chest-deep fast-flowing floodwater across Salt Lake; houses partially submerged with only roofs visible; people stranded on rooftops waving for help; an elderly couple watching from a balcony.,5,Catastrophic conditions; large-scale emergency response needed.,flood
sevlab-00438,Severe flooding in Kahalgaon; entire low-lying colony underwater; families on rooftops; children sitting on a raised platform.,5,Life-threatening flooding with people stranded; immediate mass rescue required.,flood
sevlab-00439,Hot sunny afternoon in Belaganj; people using umbrellas; streets active.,1,Light impact visible; monitoring is sufficient for now.,heatwave
sevlab-00440,Hot sunny afternoon in Liluah; people using umbrellas; streets active.,1,Minor waterlogging with no disruption to people or property.,heatwave
sevlab-00441,Strong winds bending trees on a residential lane in Dum Dum; rain lashing sideways.,2,Noticeable impact but daily life continues with adjustments.,cyclone
sevlab-00442,Knee-deep floodwater covering a bus stand in Boring Road; residents wading with belongings; a dog swimming across the lane.,3,Significant flooding; evacuation of low-lying homes advised.,flood
sevlab-00443,Waist-deep brown floodwater submerging a school compound in Mancotta; water entering ground-floor homes; a dog swimming across the lane.,4,Waist-deep water entering homes; residents stranded; urgent rescue needed.,flood
sevlab-00444,Ankle-deep waterlogging on a riverside ghat in Barsoi; two-wheelers moving slowly; people carrying belongings on their heads.,2,Ankle-deep water slowing movement; manageable with precautions.,flood
sevlab-00445,Hot sunny afternoon in Uluberia; people using umbrellas; streets active.,1,Light impact visible; monitoring is sufficient for now.,heatwave
sevlab-00446,Knee-deep floodwater covering a market road in T Nagar; residents wading with belongings; children sitting on a raised platform.,3,Knee-deep water affecting homes and movement; vulnerable people at risk.,flood
sevlab-00447,Light rainwater puddles on a main road in Sherghati; people walking normally with umbrellas; no disruption visible.,1,Minor waterlogging with no disruption to people or property.,flood
sevlab-00448,Bright harsh sunlight over a riverside ghat in Adyar; normal crowd with sun protection.,1,Minor waterlogging with no disruption to people or property.,heatwave
sevlab-00449,Strong winds bending trees on a market road in Pipraich; rain lashing sideways.,2,Ankle-deep water slowing movement; manageable with precautions.,cyclone
sevlab-00450,Bright harsh sunlight over a school compound in Sealdah; normal crowd with sun protection.,1,Minor waterlogging with no disruption to people or property.,heatwave
sevlab-00451,Light rainwater puddles on a school compound in Hingna; people walking normally with umbrellas; no disruption visible.,1,"Mild conditions; situation under control, no urgent action needed.",flood
sevlab-00452,Severe heatwave in Boring Road; elderly person collapsed near a bus stop; bystanders giving water; a rescue boat visible in the distance.,4,Waist-deep water entering homes; residents stranded; urgent rescue needed.,heatwave
sevlab-00453,Overcast sky with strong winds in Ganeshguri; trees swaying; fishermen securing boats.,1,Minor waterlogging with no disruption to people or property.,cyclone
sevlab-00454,Damp main road in Bally after a shower; normal traffic; shops open.,1,Light impact visible; monitoring is sufficient for now.,flood
sevlab-00455,Damp railway underpass in Shibpur after a shower; normal traffic; shops open.,1,"Mild conditions; situation under control, no urgent action needed.",flood
sevlab-00456,Damp village street in Benipur after a shower; normal traffic; shops open.,1,"Mild conditions; situation under control, no urgent action needed.",flood
sevlab-00457,Very hot midday on a low-lying colony in Dum Dum; shutters half-down; an elderly couple watching from a balcony.,2,Noticeable impact but daily life continues with adjustments.,heatwave
sevlab-00458,Blazing heat over Rupauli; cracked dry ground; labourers resting under a tree.,3,Water entering ground floors; relief assistance likely needed soon.,heatwave
sevlab-00459,Waist-deep brown floodwater submerging a market road in Bahadurpur; water entering ground-floor homes; power lines hanging low over the water.,4,Severe flooding with people trapped; immediate evacuation required.,flood
sevlab-00460,Light rainwater puddles on a market road in Mohanbari; people walking normally with umbrellas; no disruption visible.,1,"Mild conditions; situation under control, no urgent action needed.",flood
sevlab-00461,Heavy rain and gusty winds in Godowlia; tin roofs rattling; power lines hanging low over the water.,2,Noticeable impact but daily life continues with adjustments.,cyclone
sevlab-00462,Blazing heat over Talabania; cracked dry ground; labourers resting under a tree.,3,Significant flooding; evacuation of low-lying homes advised.,heatwave
sevlab-00463,Shin-deep rainwater on a market road in Dharampeth; pedestrians wading carefully; shops placing sandbags.,2,Moderate disruption; vulnerable people should take care.,flood
sevlab-00464,Damp residential lane in Dalsinghsarai after a shower; normal traffic; shops open.,1,Light impact visible; monitoring is sufficient for now.,flood
sevlab-00465,Ankle-deep waterlogging on a highway stretch in Salt Lake; two-wheelers moving slowly; submerged hand-pumps and shops.,2,Ankle-deep water slowing movement; manageable with precautions.,flood
sevlab-00466,Ankle-deep waterlogging on a main road in Aliganj; two-wheelers moving slowly; floating debris and household items.,2,Noticeable impact but daily life continues with adjustments.,flood
sevlab-00467,Severe heatwave in Hajipur; elderly person collapsed near a bus stop; bystanders giving water; a dog swimming across the lane.,4,Deep water across residential areas; critical rescue situation.,heatwave
sevlab-00468,Ankle-deep waterlogging on a residential lane in Talabania; two-wheelers moving slowly; people carrying belongings on their heads.,2,Moderate disruption; vulnerable people should take care.,flood
sevlab-00469,Strong winds bending trees on a market road in Sabour; rain lashing sideways.,2,Ankle-deep water slowing movement; manageable with precautions.,cyclone
sevlab-00470,Deadly heatwave in Sahjanwa; hospital entrance crowded; shops shuttered in peak afternoon.,5,Extreme danger to life; highest-priority rescue operation.,heatwave
sevlab-00471,Heavy rain and gusty winds in Jale; tin roofs rattling; power lines hanging low over the water.,2,Noticeable impact but daily life continues with adjustments.,cyclone
sevlab-00472,Chest-deep fast-flowing floodwater across Liluah; houses partially submerged with only roofs visible; people stranded on rooftops waving for help; power lines hanging low over the water.,5,Extreme danger to life; highest-priority rescue operation.,flood
sevlab-00473,Dark clouds gathering over Bidupur; rough sea; people moving indoors.,1,Light impact visible; monitoring is sufficient for now.,cyclone
sevlab-00474,Light rainwater puddles on a railway underpass in Gulabbagh; people walking normally with umbrellas; no disruption visible.,1,Minor waterlogging with no disruption to people or property.,flood
sevlab-00475,Ankle-deep waterlogging on a market road in Aliganj; two-wheelers moving slowly; submerged hand-pumps and shops.,2,Ankle-deep water slowing movement; manageable with precautions.,flood
sevlab-00476,Chest-high water rising in a market road in Naugachia; residents stranded on rooftops; volunteers distributing water bottles.,4,Severe flooding with people trapped; immediate evacuation required.,flood
sevlab-00477,Knee-deep floodwater covering a riverside ghat in Banmankhi; residents wading with belongings; people carrying belongings on their heads.,3,Water entering ground floors; relief assistance likely needed soon.,flood
sevlab-00478,Knee-to-thigh deep water in a riverside ghat in Sea Beach Road; ground floors flooded; people moving to upper floors.,3,Water entering ground floors; relief assistance likely needed soon.,flood
sevlab-00479,Deadly heatwave in Gulabbagh; hospital entrance crowded; shops shuttered in peak afternoon.,5,Life-threatening flooding with people stranded; immediate mass rescue required.,heatwave
sevlab-00480,Light rainwater puddles on a highway stretch in Sitabuldi; people walking normally with umbrellas; no disruption visible.,1,Light impact visible; monitoring is sufficient for now.,flood
sevlab-00481,Ankle-deep waterlogging on a highway stretch in Santragachi; two-wheelers moving slowly; a dog swimming across the lane.,2,Noticeable impact but daily life continues with adjustments.,flood
sevlab-00482,Cyclonic storm hitting Chowkidingee; fallen trees blocking the road; damaged shop signboards; volunteers distributing water bottles.,3,Knee-deep water affecting homes and movement; vulnerable people at risk.,cyclone
sevlab-00483,Dark clouds gathering over Chowkidingee; rough sea; people moving indoors.,1,"Mild conditions; situation under control, no urgent action needed.",cyclone
sevlab-00484,Ankle-deep waterlogging on a railway underpass in Kursela; two-wheelers moving slowly; a rescue boat visible in the distance.,2,Ankle-deep water slowing movement; manageable with precautions.,flood
sevlab-00485,Heavy rain and gusty winds in Banmankhi; tin roofs rattling; floating debris and household items.,2,Noticeable impact but daily life continues with adjustments.,cyclone
sevlab-00486,Damp riverside ghat in Dalsinghsarai after a shower; normal traffic; shops open.,1,"Mild conditions; situation under control, no urgent action needed.",flood
sevlab-00487,Strong winds bending trees on a riverside ghat in Pranpur; rain lashing sideways.,2,Noticeable impact but daily life continues with adjustments.,cyclone
sevlab-00488,Hot sunny afternoon in Sahebganj; people using umbrellas; streets active.,1,"Mild conditions; situation under control, no urgent action needed.",heatwave
sevlab-00489,Ankle-deep waterlogging on a bus stand in Aliganj; two-wheelers moving slowly; an elderly couple watching from a balcony.,2,Moderate disruption; vulnerable people should take care.,flood
sevlab-00490,Chest-high water rising in a low-lying colony in Mushahari; residents stranded on rooftops; children sitting on a raised platform.,4,Severe flooding with people trapped; immediate evacuation required.,flood
sevlab-00491,Ankle-deep waterlogging on a school compound in Talabania; two-wheelers moving slowly; a stranded auto-rickshaw half submerged.,2,Ankle-deep water slowing movement; manageable with precautions.,flood
sevlab-00492,Cyclonic storm hitting Golghar; fallen trees blocking the road; damaged shop signboards; a stranded auto-rickshaw half submerged.,3,Significant flooding; evacuation of low-lying homes advised.,cyclone
sevlab-00493,Bright harsh sunlight over a railway underpass in Tekari; normal crowd with sun protection.,1,Minor waterlogging with no disruption to people or property.,heatwave
sevlab-00494,Light rainwater puddles on a railway underpass in Danapur; people walking normally with umbrellas; no disruption visible.,1,Minor waterlogging with no disruption to people or property.,flood
sevlab-00495,Knee-to-thigh deep water in a school compound in Mohaddipur; ground floors flooded; people moving to upper floors.,3,Water entering ground floors; relief assistance likely needed soon.,flood
sevlab-00496,Severe winds in Keoti; uprooted small trees; waterlogging beginning.,3,Knee-deep water affecting homes and movement; vulnerable people at risk.,cyclone
sevlab-00497,Ankle-deep waterlogging on a bus stand in Salt Lake; two-wheelers moving slowly; a rescue boat visible in the distance.,2,Ankle-deep water slowing movement; manageable with precautions.,flood
sevlab-00498,Dark clouds gathering over Mahnar; rough sea; people moving indoors.,1,"Mild conditions; situation under control, no urgent action needed.",cyclone
sevlab-00499,Shin-deep rainwater on a riverside ghat in Mushahari; pedestrians wading carefully; shops placing sandbags.,2,Moderate disruption; vulnerable people should take care.,flood
sevlab-00500,Strong winds bending trees on a residential lane in Satyabadi; rain lashing sideways.,2,Ankle-deep water slowing movement; manageable with precautions.,cyclone
sevlab-00501,Light rainwater puddles on a riverside ghat in Naliapool; people walking normally with umbrellas; no disruption visible.,1,Light impact visible; monitoring is sufficient for now.,flood
sevlab-00502,Knee-to-thigh deep water in a residential lane in Rajendra Nagar; ground floors flooded; people moving to upper floors.,3,Knee-deep water affecting homes and movement; vulnerable people at risk.,flood
sevlab-00503,Ankle-deep waterlogging on a low-lying colony in Mohaddipur; two-wheelers moving slowly; floating debris and household items.,2,Moderate disruption; vulnerable people should take care.,flood
sevlab-00504,Severe flooding in Kanti; entire bus stand underwater; families on rooftops; submerged hand-pumps and shops.,5,Life-threatening flooding with people stranded; immediate mass rescue required.,flood
sevlab-00505,Catastrophic cyclone devastation in Pipraich; collapsed buildings; submerged streets; rescue teams evacuating residents; a rescue boat visible in the distance.,5,Extreme danger to life; highest-priority rescue operation.,cyclone
sevlab-00506,Light rainwater puddles on a market road in Manpur; people walking normally with umbrellas; no disruption visible.,1,"Mild conditions; situation under control, no urgent action needed.",flood
sevlab-00507,Ankle-deep waterlogging on a school compound in Pusa; two-wheelers moving slowly; power lines hanging low over the water.,2,Moderate disruption; vulnerable people should take care.,flood
sevlab-00508,Cyclonic storm hitting Ramnagar; fallen trees blocking the road; damaged shop signboards; people carrying belongings on their heads.,3,Significant flooding; evacuation of low-lying homes advised.,cyclone
sevlab-00509,Destructive winds battering Lanka; collapsed boundary walls; streets flooded.,4,Severe flooding with people trapped; immediate evacuation required.,cyclone
sevlab-00510,Bright harsh sunlight over a bus stand in Rupauli; normal crowd with sun protection.,1,"Mild conditions; situation under control, no urgent action needed.",heatwave
sevlab-00511,Shin-deep rainwater on a school compound in Pranpur; pedestrians wading carefully; shops placing sandbags.,2,Moderate disruption; vulnerable people should take care.,flood
sevlab-00512,Damp school compound in Kasba after a shower; normal traffic; shops open.,1,Light impact visible; monitoring is sufficient for now.,flood
sevlab-00513,Light rainwater puddles on a riverside ghat in Keoti; people walking normally with umbrellas; no disruption visible.,1,"Mild conditions; situation under control, no urgent action needed.",flood
sevlab-00514,Dark clouds gathering over Kankarbagh; rough sea; people moving indoors.,1,"Mild conditions; situation under control, no urgent action needed.",cyclone
sevlab-00515,Damp low-lying colony in Benipur after a shower; normal traffic; shops open.,1,"Mild conditions; situation under control, no urgent action needed.",flood
sevlab-00516,Knee-deep floodwater covering a main road in Benipur; residents wading with belongings; submerged hand-pumps and shops.,3,Water entering ground floors; relief assistance likely needed soon.,flood
sevlab-00517,Knee-deep floodwater covering a low-lying colony in Kasba; residents wading with belongings; children sitting on a raised platform.,3,Knee-deep water affecting homes and movement; vulnerable people at risk.,flood
sevlab-00518,Very hot midday on a bus stand in Patrakar Nagar; shutters half-down; an elderly couple watching from a balcony.,2,Noticeable impact but daily life continues with adjustments.,heatwave
sevlab-00519,Light rainwater puddles on a main road in Pandeypur; people walking normally with umbrellas; no disruption visible.,1,Light impact visible; monitoring is sufficient for now.,flood
sevlab-00520,Damp residential lane in Dhamdaha after a shower; normal traffic; shops open.,1,"Mild conditions; situation under control, no urgent action needed.",flood
sevlab-00521,Destructive winds battering Barsoi; collapsed boundary walls; streets flooded.,4,Waist-deep water entering homes; residents stranded; urgent rescue needed.,cyclone
sevlab-00522,Light rainwater puddles on a residential lane in Chowkidingee; people walking normally with umbrellas; no disruption visible.,1,Light impact visible; monitoring is sufficient for now.,flood
sevlab-00523,Extreme heat in Sealdah; thermometer reading dangerously high; streets deserted.,4,Severe flooding with people trapped; immediate evacuation required.,heatwave
sevlab-00524,Heavy rain and gusty winds in Khanpur; tin roofs rattling; submerged hand-pumps and shops.,2,Noticeable impact but daily life continues with adjustments.,cyclone
sevlab-00525,Cyclonic storm hitting Liluah; fallen trees blocking the road; damaged shop signboards; people carrying belongings on their heads.,3,Water entering ground floors; relief assistance likely needed soon.,cyclone
sevlab-00526,Ankle-deep waterlogging on a bus stand in Rajendra Nagar; two-wheelers moving slowly; submerged hand-pumps and shops.,2,Ankle-deep water slowing movement; manageable with precautions.,flood
sevlab-00527,Knee-to-thigh deep water in a bus stand in Banmankhi; ground floors flooded; people moving to upper floors.,3,Knee-deep water affecting homes and movement; vulnerable people at risk.,flood
sevlab-00528,Extreme heat emergency in Mahnar; multiple people fainted on the street; ambulance present; submerged hand-pumps and shops.,5,Life-threatening flooding with people stranded; immediate mass rescue required.,heatwave
sevlab-00529,Knee-deep floodwater covering a low-lying colony in Bally; residents wading with belongings; a rescue boat visible in the distance.,3,Significant flooding; evacuation of low-lying homes advised.,flood
sevlab-00530,Hot sunny afternoon in Chowk; people using umbrellas; streets active.,1,Minor waterlogging with no disruption to people or property.,heatwave
sevlab-00531,Ankle-deep waterlogging on a market road in Ramnagar; two-wheelers moving slowly; power lines hanging low over the water.,2,Noticeable impact but daily life continues with adjustments.,flood
sevlab-00532,Shin-deep rainwater on a low-lying colony in Salt Lake; pedestrians wading carefully; shops placing sandbags.,2,Noticeable impact but daily life continues with adjustments.,flood
sevlab-00533,Severe flooding in Sahebganj; entire market road underwater; families on rooftops; people carrying belongings on their heads.,5,Catastrophic conditions; large-scale emergency response needed.,flood
sevlab-00534,Shin-deep rainwater on a main road in Chowkidingee; pedestrians wading carefully; shops placing sandbags.,2,Ankle-deep water slowing movement; manageable with precautions.,flood
sevlab-00535,Cyclonic storm hitting Sigra; fallen trees blocking the road; damaged shop signboards; people carrying belongings on their heads.,3,Significant flooding; evacuation of low-lying homes advised.,cyclone
sevlab-00536,Heavy rain and gusty winds in Bairgania; tin roofs rattling; a rescue boat visible in the distance.,2,Noticeable impact but daily life continues with adjustments.,cyclone
sevlab-00537,Light rainwater puddles on a main road in Sealdah; people walking normally with umbrellas; no disruption visible.,1,"Mild conditions; situation under control, no urgent action needed.",flood
sevlab-00538,Cyclonic storm hitting Kushmi; fallen trees blocking the road; damaged shop signboards; volunteers distributing water bottles.,3,Significant flooding; evacuation of low-lying homes advised.,cyclone
sevlab-00539,Shin-deep rainwater on a riverside ghat in Ramnagar; pedestrians wading carefully; shops placing sandbags.,2,Moderate disruption; vulnerable people should take care.,flood
sevlab-00540,Waist-deep brown floodwater submerging a highway stretch in Beltola; water entering ground-floor homes; a rescue boat visible in the distance.,4,Severe flooding with people trapped; immediate evacuation required.,flood
sevlab-00541,Light rainwater puddles on a market road in Kahalgaon; people walking normally with umbrellas; no disruption visible.,1,Minor waterlogging with no disruption to people or property.,flood
sevlab-00542,Intense heatwave in Jale; nearly empty streets at noon; a man resting in shade showing heat exhaustion; a dog swimming across the lane.,3,Knee-deep water affecting homes and movement; vulnerable people at risk.,heatwave
sevlab-00543,Intense heatwave in Boiragimoth; nearly empty streets at noon; a man resting in shade showing heat exhaustion; a rescue boat visible in the distance.,3,Knee-deep water affecting homes and movement; vulnerable people at risk.,heatwave
sevlab-00544,Shin-deep rainwater on a market road in Dhamdaha; pedestrians wading carefully; shops placing sandbags.,2,Moderate disruption; vulnerable people should take care.,flood
sevlab-00545,Chest-high water rising in a low-lying colony in Belsand; residents stranded on rooftops; power lines hanging low over the water.,4,Deep water across residential areas; critical rescue situation.,flood
sevlab-00546,Damp low-lying colony in Baruraj after a shower; normal traffic; shops open.,1,Minor waterlogging with no disruption to people or property.,flood
sevlab-00547,Waist-deep brown floodwater submerging a riverside ghat in Kursela; water entering ground-floor homes; a rescue boat visible in the distance.,4,Deep water across residential areas; critical rescue situation.,flood
sevlab-00548,Knee-deep floodwater covering a low-lying colony in Chowk; residents wading with belongings; a stranded auto-rickshaw half submerged.,3,Water entering ground floors; relief assistance likely needed soon.,flood
sevlab-00549,Catastrophic cyclone devastation in Dhamdaha; collapsed buildings; submerged streets; rescue teams evacuating residents; a stranded auto-rickshaw half submerged.,5,Extreme danger to life; highest-priority rescue operation.,cyclone
sevlab-00550,Cyclonic storm hitting Indira Nagar; fallen trees blocking the road; damaged shop signboards; submerged hand-pumps and shops.,3,Significant flooding; evacuation of low-lying homes advised.,cyclone
sevlab-00551,Light rainwater puddles on a residential lane in Shibpur; people walking normally with umbrellas; no disruption visible.,1,"Mild conditions; situation under control, no urgent action needed.",flood
sevlab-00552,Light rainwater puddles on a school compound in Mohanbari; people walking normally with umbrellas; no disruption visible.,1,"Mild conditions; situation under control, no urgent action needed.",flood
sevlab-00553,Hot sunny afternoon in Mithapur; people using umbrellas; streets active.,1,Minor waterlogging with no disruption to people or property.,heatwave
sevlab-00554,Strong winds bending trees on a low-lying colony in Gandhi Maidan; rain lashing sideways.,2,Noticeable impact but daily life continues with adjustments.,cyclone
sevlab-00555,Chest-deep fast-flowing floodwater across Uluberia; houses partially submerged with only roofs visible; people stranded on rooftops waving for help; people carrying belongings on their heads.,5,Life-threatening flooding with people stranded; immediate mass rescue required.,flood
sevlab-00556,Knee-deep floodwater covering a residential lane in Mahnar; residents wading with belongings; power lines hanging low over the water.,3,Knee-deep water affecting homes and movement; vulnerable people at risk.,flood
sevlab-00557,Strong winds bending trees on a village street in Chandmari; rain lashing sideways.,2,Ankle-deep water slowing movement; manageable with precautions.,cyclone
sevlab-00558,Damp riverside ghat in Aliganj after a shower; normal traffic; shops open.,1,"Mild conditions; situation under control, no urgent action needed.",flood
sevlab-00559,Light rainwater puddles on a main road in Bidupur; people walking normally with umbrellas; no disruption visible.,1,"Mild conditions; situation under control, no urgent action needed.",flood
sevlab-00560,Severe heatwave in Bahadurpur; elderly person collapsed near a bus stop; bystanders giving water; a dog swimming across the lane.,4,Severe flooding with people trapped; immediate evacuation required.,heatwave
sevlab-00561,Shin-deep rainwater on a main road in Barsoi; pedestrians wading carefully; shops placing sandbags.,2,Ankle-deep water slowing movement; manageable with precautions.,flood
sevlab-00562,Extreme heat in Velachery; thermometer reading dangerously high; streets deserted.,4,Waist-deep water entering homes; residents stranded; urgent rescue needed.,heatwave
sevlab-00563,Ankle-deep waterlogging on a school compound in Manpur; two-wheelers moving slowly; an elderly couple watching from a balcony.,2,Ankle-deep water slowing movement; manageable with precautions.,flood
sevlab-00564,Intense heatwave in Belsand; nearly empty streets at noon; a man resting in shade showing heat exhaustion; people carrying belongings on their heads.,3,Water entering ground floors; relief assistance likely needed soon.,heatwave
sevlab-00565,Extreme heat in Kasba; thermometer reading dangerously high; streets deserted.,4,Waist-deep water entering homes; residents stranded; urgent rescue needed.,heatwave
sevlab-00566,Waist-deep brown floodwater submerging a low-lying colony in Jale; water entering ground-floor homes; an elderly couple watching from a balcony.,4,Deep water across residential areas; critical rescue situation.,flood
sevlab-00567,Knee-to-thigh deep water in a residential lane in Hingna; ground floors flooded; people moving to upper floors.,3,Knee-deep water affecting homes and movement; vulnerable people at risk.,flood
sevlab-00568,Scorching heat in Dum Dum market; vendors covering stalls with wet cloth; people drinking water frequently.,2,Ankle-deep water slowing movement; manageable with precautions.,heatwave
sevlab-00569,Severe flooding in Salt Lake; entire main road underwater; families on rooftops; submerged hand-pumps and shops.,5,Catastrophic conditions; large-scale emergency response needed.,flood
sevlab-00570,Shin-deep rainwater on a residential lane in Salt Lake; pedestrians wading carefully; shops placing sandbags.,2,Moderate disruption; vulnerable people should take care.,flood
sevlab-00571,Very hot midday on a village street in Pranpur; shutters half-down; a dog swimming across the lane.,2,Moderate disruption; vulnerable people should take care.,heatwave
sevlab-00572,Destructive winds battering Lalganj; collapsed boundary walls; streets flooded.,4,Deep water across residential areas; critical rescue situation.,cyclone
sevlab-00573,Chest-high water rising in a bus stand in T Nagar; residents stranded on rooftops; submerged hand-pumps and shops.,4,Deep water across residential areas; critical rescue situation.,flood
sevlab-00574,Scorching heat in Tekari market; vendors covering stalls with wet cloth; people drinking water frequently.,2,Moderate disruption; vulnerable people should take care.,heatwave
sevlab-00575,Light rainwater puddles on a residential lane in Pusa; people walking normally with umbrellas; no disruption visible.,1,Light impact visible; monitoring is sufficient for now.,flood
sevlab-00576,Light rainwater puddles on a school compound in Banmankhi; people walking normally with umbrellas; no disruption visible.,1,Minor waterlogging with no disruption to people or property.,flood
sevlab-00577,Shin-deep rainwater on a market road in Hingna; pedestrians wading carefully; shops placing sandbags.,2,Noticeable impact but daily life continues with adjustments.,flood
sevlab-00578,Ankle-deep waterlogging on a residential lane in Jale; two-wheelers moving slowly; children sitting on a raised platform.,2,Ankle-deep water slowing movement; manageable with precautions.,flood
sevlab-00579,Ankle-deep waterlogging on a low-lying colony in Hingna; two-wheelers moving slowly; people carrying belongings on their heads.,2,Ankle-deep water slowing movement; manageable with precautions.,flood
sevlab-00580,Shin-deep rainwater on a highway stretch in Barsoi; pedestrians wading carefully; shops placing sandbags.,2,Noticeable impact but daily life continues with adjustments.,flood
sevlab-00581,Shin-deep rainwater on a highway stretch in Pandeypur; pedestrians wading carefully; shops placing sandbags.,2,Noticeable impact but daily life continues with adjustments.,flood
sevlab-00582,Knee-deep floodwater covering a market road in Boiragimoth; residents wading with belongings; a dog swimming across the lane.,3,Significant flooding; evacuation of low-lying homes advised.,flood
sevlab-00583,Extreme heat emergency in Dumra; multiple people fainted on the street; ambulance present; floating debris and household items.,5,Life-threatening flooding with people stranded; immediate mass rescue required.,heatwave
sevlab-00584,Extreme heat in Santragachi; thermometer reading dangerously high; streets deserted.,4,Deep water across residential areas; critical rescue situation.,heatwave
sevlab-00585,Knee-deep floodwater covering a residential lane in Golghar; residents wading with belongings; children sitting on a raised platform.,3,Significant flooding; evacuation of low-lying homes advised.,flood
sevlab-00586,Damp market road in Motihari Road after a shower; normal traffic; shops open.,1,"Mild conditions; situation under control, no urgent action needed.",flood
sevlab-00587,Light rainwater puddles on a main road in Dhamdaha; people walking normally with umbrellas; no disruption visible.,1,Minor waterlogging with no disruption to people or property.,flood
sevlab-00588,Cyclonic storm hitting Tekari; fallen trees blocking the road; damaged shop signboards; children sitting on a raised platform.,3,Knee-deep water affecting homes and movement; vulnerable people at risk.,cyclone
sevlab-00589,Knee-deep floodwater covering a main road in Dum Dum; residents wading with belongings; volunteers distributing water bottles.,3,Knee-deep water affecting homes and movement; vulnerable people at risk.,flood
sevlab-00590,Very hot midday on a village street in Manpur; shutters half-down; power lines hanging low over the water.,2,Ankle-deep water slowing movement; manageable with precautions.,heatwave
sevlab-00591,Dark clouds gathering over Keoti; rough sea; people moving indoors.,1,Minor waterlogging with no disruption to people or property.,cyclone
sevlab-00592,Ankle-deep waterlogging on a low-lying colony in Mohanbari; two-wheelers moving slowly; people carrying belongings on their heads.,2,Ankle-deep water slowing movement; manageable with precautions.,flood
sevlab-00593,Catastrophic cyclone devastation in Chakratirtha; collapsed buildings; submerged streets; rescue teams evacuating residents; children sitting on a raised platform.,5,Extreme danger to life; highest-priority rescue operation.,cyclone
sevlab-00594,Shin-deep rainwater on a bus stand in Delang; pedestrians wading carefully; shops placing sandbags.,2,Ankle-deep water slowing movement; manageable with precautions.,flood
sevlab-00595,Destructive winds battering Satyabadi; collapsed boundary walls; streets flooded.,4,Deep water across residential areas; critical rescue situation.,cyclone
sevlab-00596,Massive storm surge flooding Talabania; boats washed onto roads; an elderly couple watching from a balcony.,5,Catastrophic conditions; large-scale emergency response needed.,cyclone
sevlab-00597,Chest-high water rising in a school compound in Mushahari; residents stranded on rooftops; power lines hanging low over the water.,4,Severe flooding with people trapped; immediate evacuation required.,flood
sevlab-00598,Ankle-deep waterlogging on a railway underpass in Liluah; two-wheelers moving slowly; submerged hand-pumps and shops.,2,Noticeable impact but daily life continues with adjustments.,flood
sevlab-00599,Intense heatwave in Manpur; nearly empty streets at noon; a man resting in shade showing heat exhaustion; children sitting on a raised platform.,3,Knee-deep water affecting homes and movement; vulnerable people at risk.,heatwave
sevlab-00600,Blazing heat over Kasba; cracked dry ground; labourers resting under a tree.,3,Significant flooding; evacuation of low-lying homes advised.,heatwave
sevlab-00601,Heavy rain and gusty winds in Dum Dum; tin roofs rattling; a stranded auto-rickshaw half submerged.,2,Noticeable impact but daily life continues with adjustments.,cyclone
sevlab-00602,Damp riverside ghat in Sherghati after a shower; normal traffic; shops open.,1,Light impact visible; monitoring is sufficient for now.,flood
sevlab-00603,Catastrophic cyclone devastation in Rosera; collapsed buildings; submerged streets; rescue teams evacuating residents; a stranded auto-rickshaw half submerged.,5,Catastrophic conditions; large-scale emergency response needed.,cyclone
sevlab-00604,Light rainwater puddles on a village street in Rajendra Nagar; people walking normally with umbrellas; no disruption visible.,1,Light impact visible; monitoring is sufficient for now.,flood
sevlab-00605,Damp residential lane in Kushmi after a shower; normal traffic; shops open.,1,"Mild conditions; situation under control, no urgent action needed.",flood
sevlab-00606,Light rainwater puddles on a low-lying colony in Godowlia; people walking normally with umbrellas; no disruption visible.,1,"Mild conditions; situation under control, no urgent action needed.",flood
sevlab-00607,Ankle-deep waterlogging on a main road in Salt Lake; two-wheelers moving slowly; floating debris and household items.,2,Ankle-deep water slowing movement; manageable with precautions.,flood
sevlab-00608,Hot sunny afternoon in Howrah Bridge; people using umbrellas; streets active.,1,Minor waterlogging with no disruption to people or property.,heatwave
sevlab-00609,Very hot midday on a railway underpass in Anna Nagar; shutters half-down; children sitting on a raised platform.,2,Moderate disruption; vulnerable people should take care.,heatwave
sevlab-00610,Dark clouds gathering over Rupauli; rough sea; people moving indoors.,1,Minor waterlogging with no disruption to people or property.,cyclone
sevlab-00611,Ankle-deep waterlogging on a residential lane in Beltola; two-wheelers moving slowly; a dog swimming across the lane.,2,Ankle-deep water slowing movement; manageable with precautions.,flood
sevlab-00612,Severe flooding in Belsand; entire low-lying colony underwater; families on rooftops; floating debris and household items.,5,Catastrophic conditions; large-scale emergency response needed.,flood
sevlab-00613,Knee-deep floodwater covering a highway stretch in Baruraj; residents wading with belongings; submerged hand-pumps and shops.,3,Water entering ground floors; relief assistance likely needed soon.,flood
sevlab-00614,Scorching heat in Keoti market; vendors covering stalls with wet cloth; people drinking water frequently.,2,Ankle-deep water slowing movement; manageable with precautions.,heatwave
sevlab-00615,Very hot midday on a village street in Paltan Bazaar; shutters half-down; volunteers distributing water bottles.,2,Noticeable impact but daily life continues with adjustments.,heatwave
sevlab-00616,Severe heatwave in Rosera; elderly person collapsed near a bus stop; bystanders giving water; an elderly couple watching from a balcony.,4,Severe flooding with people trapped; immediate evacuation required.,heatwave
sevlab-00617,Chest-deep fast-flowing floodwater across Sultanganj; houses partially submerged with only roofs visible; people stranded on rooftops waving for help; a stranded auto-rickshaw half submerged.,5,Life-threatening flooding with people stranded; immediate mass rescue required.,flood
sevlab-00618,Ankle-deep waterlogging on a village street in Santragachi; two-wheelers moving slowly; floating debris and household items.,2,Ankle-deep water slowing movement; manageable with precautions.,flood
sevlab-00619,Ankle-deep waterlogging on a school compound in Jale; two-wheelers moving slowly; volunteers distributing water bottles.,2,Ankle-deep water slowing movement; manageable with precautions.,flood
sevlab-00620,Knee-deep floodwater covering a riverside ghat in Danapur; residents wading with belongings; submerged hand-pumps and shops.,3,Knee-deep water affecting homes and movement; vulnerable people at risk.,flood
sevlab-00621,Hot sunny afternoon in Digha; people using umbrellas; streets active.,1,Minor waterlogging with no disruption to people or property.,heatwave
sevlab-00622,Overcast sky with strong winds in Barsoi; trees swaying; fishermen securing boats.,1,Minor waterlogging with no disruption to people or property.,cyclone
sevlab-00623,Extreme heat emergency in Bahadurpur; multiple people fainted on the street; ambulance present; children sitting on a raised platform.,5,Life-threatening flooding with people stranded; immediate mass rescue required.,heatwave
sevlab-00624,Knee-deep floodwater covering a bus stand in Santragachi; residents wading with belongings; people carrying belongings on their heads.,3,Knee-deep water affecting homes and movement; vulnerable people at risk.,flood
sevlab-00625,Ankle-deep waterlogging on a highway stretch in Dum Dum; two-wheelers moving slowly; an elderly couple watching from a balcony.,2,Noticeable impact but daily life continues with adjustments.,flood
sevlab-00626,Light rainwater puddles on a residential lane in Golghar; people walking normally with umbrellas; no disruption visible.,1,Minor waterlogging with no disruption to people or property.,flood
sevlab-00627,Shin-deep rainwater on a highway stretch in Sabour; pedestrians wading carefully; shops placing sandbags.,2,Moderate disruption; vulnerable people should take care.,flood
sevlab-00628,Light rainwater puddles on a residential lane in Mohaddipur; people walking normally with umbrellas; no disruption visible.,1,Minor waterlogging with no disruption to people or property.,flood
sevlab-00629,Waist-deep brown floodwater submerging a school compound in Mahnar; water entering ground-floor homes; a rescue boat visible in the distance.,4,Waist-deep water entering homes; residents stranded; urgent rescue needed.,flood
sevlab-00630,Very hot midday on a school compound in Lalganj; shutters half-down; power lines hanging low over the water.,2,Ankle-deep water slowing movement; manageable with precautions.,heatwave
sevlab-00631,Shin-deep rainwater on a main road in Mancotta; pedestrians wading carefully; shops placing sandbags.,2,Moderate disruption; vulnerable people should take care.,flood
sevlab-00632,Ankle-deep waterlogging on a railway underpass in Pranpur; two-wheelers moving slowly; volunteers distributing water bottles.,2,Moderate disruption; vulnerable people should take care.,flood
sevlab-00633,Hot sunny afternoon in Sitabuldi; people using umbrellas; streets active.,1,"Mild conditions; situation under control, no urgent action needed.",heatwave
sevlab-00634,Damp school compound in Jale after a shower; normal traffic; shops open.,1,Minor waterlogging with no disruption to people or property.,flood
sevlab-00635,Knee-to-thigh deep water in a bus stand in Mushahari; ground floors flooded; people moving to upper floors.,3,Knee-deep water affecting homes and movement; vulnerable people at risk.,flood
sevlab-00636,Extreme heat in Kushmi; thermometer reading dangerously high; streets deserted.,4,Severe flooding with people trapped; immediate evacuation required.,heatwave
sevlab-00637,Waist-deep brown floodwater submerging a bus stand in Sultanganj; water entering ground-floor homes; people carrying belongings on their heads.,4,Waist-deep water entering homes; residents stranded; urgent rescue needed.,flood
sevlab-00638,Extreme heat emergency in Pipraich; multiple people fainted on the street; ambulance present; power lines hanging low over the water.,5,Life-threatening flooding with people stranded; immediate mass rescue required.,heatwave
sevlab-00639,Severe flooding in Sahebganj; entire village street underwater; families on rooftops; a dog swimming across the lane.,5,Life-threatening flooding with people stranded; immediate mass rescue required.,flood
sevlab-00640,Heavy rain and gusty winds in Howrah Bridge; tin roofs rattling; a rescue boat visible in the distance.,2,Noticeable impact but daily life continues with adjustments.,cyclone
sevlab-00641,Dark clouds gathering over Sahjanwa; rough sea; people moving indoors.,1,"Mild conditions; situation under control, no urgent action needed.",cyclone
sevlab-00642,Overcast sky with strong winds in Golghar; trees swaying; fishermen securing boats.,1,Minor waterlogging with no disruption to people or property.,cyclone
sevlab-00643,Scorching heat in Kankarbagh market; vendors covering stalls with wet cloth; people drinking water frequently.,2,Moderate disruption; vulnerable people should take care.,heatwave
sevlab-00644,Severe heatwave in Bally; elderly person collapsed near a bus stop; bystanders giving water; volunteers distributing water bottles.,4,Severe flooding with people trapped; immediate evacuation required.,heatwave
sevlab-00645,Strong winds bending trees on a railway underpass in Naugachia; rain lashing sideways.,2,Noticeable impact but daily life continues with adjustments.,cyclone
sevlab-00646,Ankle-deep waterlogging on a school compound in Mohaddipur; two-wheelers moving slowly; children sitting on a raised platform.,2,Noticeable impact but daily life continues with adjustments.,flood
sevlab-00647,Strong winds bending trees on a village street in Benipur; rain lashing sideways.,2,Noticeable impact but daily life continues with adjustments.,cyclone
sevlab-00648,Damp main road in Dumra after a shower; normal traffic; shops open.,1,Minor waterlogging with no disruption to people or property.,flood
sevlab-00649,Knee-deep floodwater covering a bus stand in Belsand; residents wading with belongings; power lines hanging low over the water.,3,Knee-deep water affecting homes and movement; vulnerable people at risk.,flood
sevlab-00650,Ankle-deep waterlogging on a railway underpass in Laheriasarai; two-wheelers moving slowly; a dog swimming across the lane.,2,Ankle-deep water slowing movement; manageable with precautions.,flood
sevlab-00651,Light rainwater puddles on a low-lying colony in Sitabuldi; people walking normally with umbrellas; no disruption visible.,1,"Mild conditions; situation under control, no urgent action needed.",flood
sevlab-00652,Knee-to-thigh deep water in a residential lane in Kasba; ground floors flooded; people moving to upper floors.,3,Significant flooding; evacuation of low-lying homes advised.,flood
sevlab-00653,Knee-deep floodwater covering a low-lying colony in Paltan Bazaar; residents wading with belongings; an elderly couple watching from a balcony.,3,Significant flooding; evacuation of low-lying homes advised.,flood
sevlab-00654,Bright harsh sunlight over a residential lane in Ramnagar; normal crowd with sun protection.,1,"Mild conditions; situation under control, no urgent action needed.",heatwave
sevlab-00655,Dark clouds gathering over Chowk; rough sea; people moving indoors.,1,Minor waterlogging with no disruption to people or property.,cyclone
sevlab-00656,Cyclonic storm hitting Sigra; fallen trees blocking the road; damaged shop signboards; floating debris and household items.,3,Water entering ground floors; relief assistance likely needed soon.,cyclone
sevlab-00657,Knee-deep floodwater covering a school compound in Anna Nagar; residents wading with belongings; an elderly couple watching from a balcony.,3,Knee-deep water affecting homes and movement; vulnerable people at risk.,flood
sevlab-00658,Light rainwater puddles on a market road in Mancotta; people walking normally with umbrellas; no disruption visible.,1,"Mild conditions; situation under control, no urgent action needed.",flood
sevlab-00659,Waist-deep brown floodwater submerging a residential lane in Bairgania; water entering ground-floor homes; children sitting on a raised platform.,4,Severe flooding with people trapped; immediate evacuation required.,flood
sevlab-00660,Intense heatwave in Khanpur; nearly empty streets at noon; a man resting in shade showing heat exhaustion; floating debris and household items.,3,Water entering ground floors; relief assistance likely needed soon.,heatwave
sevlab-00661,Ankle-deep waterlogging on a riverside ghat in Ganeshguri; two-wheelers moving slowly; power lines hanging low over the water.,2,Noticeable impact but daily life continues with adjustments.,flood
sevlab-00662,Overcast sky with strong winds in Kushmi; trees swaying; fishermen securing boats.,1,Minor waterlogging with no disruption to people or property.,cyclone
sevlab-00663,Overcast sky with strong winds in Motihari Road; trees swaying; fishermen securing boats.,1,Light impact visible; monitoring is sufficient for now.,cyclone
sevlab-00664,Blazing heat over Belsand; cracked dry ground; labourers resting under a tree.,3,Water entering ground floors; relief assistance likely needed soon.,heatwave
sevlab-00665,Very hot midday on a low-lying colony in Dhamdaha; shutters half-down; a rescue boat visible in the distance.,2,Moderate disruption; vulnerable people should take care.,heatwave
sevlab-00666,Shin-deep rainwater on a riverside ghat in Bairgania; pedestrians wading carefully; shops placing sandbags.,2,Ankle-deep water slowing movement; manageable with precautions.,flood
sevlab-00667,Very hot midday on a residential lane in Kanti; shutters half-down; floating debris and household items.,2,Noticeable impact but daily life continues with adjustments.,heatwave
sevlab-00668,Shin-deep rainwater on a low-lying colony in Sursand; pedestrians wading carefully; shops placing sandbags.,2,Noticeable impact but daily life continues with adjustments.,flood
sevlab-00669,Ankle-deep waterlogging on a low-lying colony in Raghopur; two-wheelers moving slowly; floating debris and household items.,2,Noticeable impact but daily life continues with adjustments.,flood
sevlab-00670,Damp main road in Pranpur after a shower; normal traffic; shops open.,1,Light impact visible; monitoring is sufficient for now.,flood
sevlab-00671,Ankle-deep waterlogging on a school compound in Rosera; two-wheelers moving slowly; power lines hanging low over the water.,2,Moderate disruption; vulnerable people should take care.,flood
sevlab-00672,Ankle-deep waterlogging on a market road in Beltola; two-wheelers moving slowly; children sitting on a raised platform.,2,Noticeable impact but daily life continues with adjustments.,flood
sevlab-00673,Light rainwater puddles on a village street in Dhamdaha; people walking normally with umbrellas; no disruption visible.,1,Light impact visible; monitoring is sufficient for now.,flood
sevlab-00674,Knee-deep floodwater covering a low-lying colony in Manewada; residents wading with belongings; submerged hand-pumps and shops.,3,Knee-deep water affecting homes and movement; vulnerable people at risk.,flood
sevlab-00675,Cyclonic storm hitting Patrakar Nagar; fallen trees blocking the road; damaged shop signboards; a rescue boat visible in the distance.,3,Significant flooding; evacuation of low-lying homes advised.,cyclone
sevlab-00676,Severe winds in Mohanbari; uprooted small trees; waterlogging beginning.,3,Water entering ground floors; relief assistance likely needed soon.,cyclone
sevlab-00677,Waist-deep brown floodwater submerging a railway underpass in Digha; water entering ground-floor homes; an elderly couple watching from a balcony.,4,Severe flooding with people trapped; immediate evacuation required.,flood
sevlab-00678,Shin-deep rainwater on a village street in Kankarbagh; pedestrians wading carefully; shops placing sandbags.,2,Moderate disruption; vulnerable people should take care.,flood
sevlab-00679,Knee-to-thigh deep water in a main road in Lalganj; ground floors flooded; people moving to upper floors.,3,Water entering ground floors; relief assistance likely needed soon.,flood
sevlab-00680,Knee-to-thigh deep water in a riverside ghat in Belaganj; ground floors flooded; people moving to upper floors.,3,Significant flooding; evacuation of low-lying homes advised.,flood
sevlab-00681,Damp low-lying colony in Hingna after a shower; normal traffic; shops open.,1,Minor waterlogging with no disruption to people or property.,flood
sevlab-00682,Shin-deep rainwater on a village street in Dalsinghsarai; pedestrians wading carefully; shops placing sandbags.,2,Moderate disruption; vulnerable people should take care.,flood
sevlab-00683,Shin-deep rainwater on a railway underpass in Chowk; pedestrians wading carefully; shops placing sandbags.,2,Moderate disruption; vulnerable people should take care.,flood
sevlab-00684,Cyclonic storm hitting Kahalgaon; fallen trees blocking the road; damaged shop signboards; an elderly couple watching from a balcony.,3,Knee-deep water affecting homes and movement; vulnerable people at risk.,cyclone
sevlab-00685,Severe flooding in Kadwa; entire residential lane underwater; families on rooftops; floating debris and household items.,5,Extreme danger to life; highest-priority rescue operation.,flood
sevlab-00686,Shin-deep rainwater on a riverside ghat in Naugachia; pedestrians wading carefully; shops placing sandbags.,2,Noticeable impact but daily life continues with adjustments.,flood
sevlab-00687,Ankle-deep waterlogging on a riverside ghat in Kanti; two-wheelers moving slowly; floating debris and household items.,2,Noticeable impact but daily life continues with adjustments.,flood
sevlab-00688,Scorching heat in Gulabbagh market; vendors covering stalls with wet cloth; people drinking water frequently.,2,Noticeable impact but daily life continues with adjustments.,heatwave
sevlab-00689,Knee-deep floodwater covering a residential lane in Porur; residents wading with belongings; children sitting on a raised platform.,3,Significant flooding; evacuation of low-lying homes advised.,flood
sevlab-00690,Damp riverside ghat in Raghopur after a shower; normal traffic; shops open.,1,"Mild conditions; situation under control, no urgent action needed.",flood
sevlab-00691,Strong winds bending trees on a market road in Belaganj; rain lashing sideways.,2,Noticeable impact but daily life continues with adjustments.,cyclone
sevlab-00692,Damp bus stand in Liluah after a shower; normal traffic; shops open.,1,Minor waterlogging with no disruption to people or property.,flood
sevlab-00693,Ankle-deep waterlogging on a bus stand in Mohanbari; two-wheelers moving slowly; submerged hand-pumps and shops.,2,Noticeable impact but daily life continues with adjustments.,flood
sevlab-00694,Overcast sky with strong winds in Lanka; trees swaying; fishermen securing boats.,1,"Mild conditions; situation under control, no urgent action needed.",cyclone
sevlab-00695,Waist-deep brown floodwater submerging a riverside ghat in Mancotta; water entering ground-floor homes; an elderly couple watching from a balcony.,4,Severe flooding with people trapped; immediate evacuation required.,flood
sevlab-00696,Knee-deep floodwater covering a market road in Beltola; residents wading with belongings; submerged hand-pumps and shops.,3,Knee-deep water affecting homes and movement; vulnerable people at risk.,flood
sevlab-00697,Light rainwater puddles on a residential lane in Mahnar; people walking normally with umbrellas; no disruption visible.,1,"Mild conditions; situation under control, no urgent action needed.",flood
sevlab-00698,Light rainwater puddles on a market road in Chandmari; people walking normally with umbrellas; no disruption visible.,1,Light impact visible; monitoring is sufficient for now.,flood
sevlab-00699,Scorching heat in Manewada market; vendors covering stalls with wet cloth; people drinking water frequently.,2,Ankle-deep water slowing movement; manageable with precautions.,heatwave
sevlab-00700,Scorching heat in Santragachi market; vendors covering stalls with wet cloth; people drinking water frequently.,2,Noticeable impact but daily life continues with adjustments.,heatwave
sevlab-00701,Ankle-deep waterlogging on a market road in Sursand; two-wheelers moving slowly; a rescue boat visible in the distance.,2,Ankle-deep water slowing movement; manageable with precautions.,flood
sevlab-00702,Light rainwater puddles on a low-lying colony in Hingna; people walking normally with umbrellas; no disruption visible.,1,Light impact visible; monitoring is sufficient for now.,flood
sevlab-00703,Dark clouds gathering over Tekari; rough sea; people moving indoors.,1,"Mild conditions; situation under control, no urgent action needed.",cyclone
sevlab-00704,Dark clouds gathering over Naliapool; rough sea; people moving indoors.,1,Light impact visible; monitoring is sufficient for now.,cyclone
sevlab-00705,Chest-high water rising in a village street in Tajpur; residents stranded on rooftops; people carrying belongings on their heads.,4,Deep water across residential areas; critical rescue situation.,flood
sevlab-00706,Cyclonic storm hitting Tekari; fallen trees blocking the road; damaged shop signboards; floating debris and household items.,3,Water entering ground floors; relief assistance likely needed soon.,cyclone
sevlab-00707,Shin-deep rainwater on a railway underpass in Banmankhi; pedestrians wading carefully; shops placing sandbags.,2,Noticeable impact but daily life continues with adjustments.,flood
sevlab-00708,Knee-to-thigh deep water in a highway stretch in Manpur; ground floors flooded; people moving to upper floors.,3,Significant flooding; evacuation of low-lying homes advised.,flood
sevlab-00709,Knee-to-thigh deep water in a low-lying colony in Kanti; ground floors flooded; people moving to upper floors.,3,Significant flooding; evacuation of low-lying homes advised.,flood
sevlab-00710,Knee-deep floodwater covering a railway underpass in Bahadurpur; residents wading with belongings; people carrying belongings on their heads.,3,Knee-deep water affecting homes and movement; vulnerable people at risk.,flood
sevlab-00711,Destructive winds battering Pandeypur; collapsed boundary walls; streets flooded.,4,Waist-deep water entering homes; residents stranded; urgent rescue needed.,cyclone
sevlab-00712,Damp railway underpass in Tajpur after a shower; normal traffic; shops open.,1,Minor waterlogging with no disruption to people or property.,flood
sevlab-00713,Shin-deep rainwater on a main road in Sherghati; pedestrians wading carefully; shops placing sandbags.,2,Moderate disruption; vulnerable people should take care.,flood
sevlab-00714,Destructive winds battering Liluah; collapsed boundary walls; streets flooded.,4,Deep water across residential areas; critical rescue situation.,cyclone
sevlab-00715,Knee-to-thigh deep water in a highway stretch in Aliganj; ground floors flooded; people moving to upper floors.,3,Significant flooding; evacuation of low-lying homes advised.,flood
sevlab-00716,Waist-deep brown floodwater submerging a market road in Belaganj; water entering ground-floor homes; people carrying belongings on their heads.,4,Deep water across residential areas; critical rescue situation.,flood
sevlab-00717,Catastrophic cyclone devastation in Rupauli; collapsed buildings; submerged streets; rescue teams evacuating residents; a rescue boat visible in the distance.,5,Catastrophic conditions; large-scale emergency response needed.,cyclone
sevlab-00718,Severe flooding in Hingna; entire highway stretch underwater; families on rooftops; a rescue boat visible in the distance.,5,Extreme danger to life; highest-priority rescue operation.,flood
sevlab-00719,Chest-deep fast-flowing floodwater across Liluah; houses partially submerged with only roofs visible; people stranded on rooftops waving for help; children sitting on a raised platform.,5,Life-threatening flooding with people stranded; immediate mass rescue required.,flood
sevlab-00720,Cyclonic storm hitting Naliapool; fallen trees blocking the road; damaged shop signboards; volunteers distributing water bottles.,3,Water entering ground floors; relief assistance likely needed soon.,cyclone
sevlab-00721,Strong winds bending trees on a low-lying colony in Chandmari; rain lashing sideways.,2,Noticeable impact but daily life continues with adjustments.,cyclone
sevlab-00722,Very hot midday on a village street in Shibpur; shutters half-down; volunteers distributing water bottles.,2,Noticeable impact but daily life continues with adjustments.,heatwave
sevlab-00723,Light rainwater puddles on a village street in Digha; people walking normally with umbrellas; no disruption visible.,1,"Mild conditions; situation under control, no urgent action needed.",flood
sevlab-00724,Cyclonic storm hitting Barsoi; fallen trees blocking the road; damaged shop signboards; power lines hanging low over the water.,3,Water entering ground floors; relief assistance likely needed soon.,cyclone
sevlab-00725,Overcast sky with strong winds in Khanpur; trees swaying; fishermen securing boats.,1,"Mild conditions; situation under control, no urgent action needed.",cyclone
sevlab-00726,Knee-to-thigh deep water in a school compound in Behala; ground floors flooded; people moving to upper floors.,3,Knee-deep water affecting homes and movement; vulnerable people at risk.,flood
sevlab-00727,Damp highway stretch in Kasba after a shower; normal traffic; shops open.,1,Minor waterlogging with no disruption to people or property.,flood
sevlab-00728,Hot sunny afternoon in Rosera; people using umbrellas; streets active.,1,"Mild conditions; situation under control, no urgent action needed.",heatwave
sevlab-00729,Shin-deep rainwater on a residential lane in Dumra; pedestrians wading carefully; shops placing sandbags.,2,Noticeable impact but daily life continues with adjustments.,flood
sevlab-00730,Bright harsh sunlight over a railway underpass in Dharampeth; normal crowd with sun protection.,1,Minor waterlogging with no disruption to people or property.,heatwave
sevlab-00731,Heavy rain and gusty winds in Tilkamanjhi; tin roofs rattling; power lines hanging low over the water.,2,Ankle-deep water slowing movement; manageable with precautions.,cyclone
sevlab-00732,Ankle-deep waterlogging on a residential lane in Aliganj; two-wheelers moving slowly; a rescue boat visible in the distance.,2,Noticeable impact but daily life continues with adjustments.,flood
sevlab-00733,Knee-to-thigh deep water in a village street in Rosera; ground floors flooded; people moving to upper floors.,3,Water entering ground floors; relief assistance likely needed soon.,flood
sevlab-00734,Damp low-lying colony in Kahalgaon after a shower; normal traffic; shops open.,1,Minor waterlogging with no disruption to people or property.,flood
sevlab-00735,Damp school compound in Sultanganj after a shower; normal traffic; shops open.,1,Light impact visible; monitoring is sufficient for now.,flood
sevlab-00736,Strong winds bending trees on a riverside ghat in Barsoi; rain lashing sideways.,2,Ankle-deep water slowing movement; manageable with precautions.,cyclone
sevlab-00737,Damp highway stretch in Khanpur after a shower; normal traffic; shops open.,1,Minor waterlogging with no disruption to people or property.,flood
sevlab-00738,Severe winds in Hingna; uprooted small trees; waterlogging beginning.,3,Knee-deep water affecting homes and movement; vulnerable people at risk.,cyclone
sevlab-00739,Overcast sky with strong winds in Belaganj; trees swaying; fishermen securing boats.,1,"Mild conditions; situation under control, no urgent action needed.",cyclone
sevlab-00740,Ankle-deep waterlogging on a highway stretch in Sigra; two-wheelers moving slowly; an elderly couple watching from a balcony.,2,Ankle-deep water slowing movement; manageable with precautions.,flood
sevlab-00741,Light rainwater puddles on a village street in Dum Dum; people walking normally with umbrellas; no disruption visible.,1,Minor waterlogging with no disruption to people or property.,flood
sevlab-00742,Hot sunny afternoon in Chakratirtha; people using umbrellas; streets active.,1,Minor waterlogging with no disruption to people or property.,heatwave
sevlab-00743,Waist-deep brown floodwater submerging a residential lane in Dhamdaha; water entering ground-floor homes; power lines hanging low over the water.,4,Severe flooding with people trapped; immediate evacuation required.,flood
sevlab-00744,Ankle-deep waterlogging on a highway stretch in Ramnagar; two-wheelers moving slowly; a dog swimming across the lane.,2,Noticeable impact but daily life continues with adjustments.,flood
sevlab-00745,Knee-deep floodwater covering a riverside ghat in Khanpur; residents wading with belongings; power lines hanging low over the water.,3,Significant flooding; evacuation of low-lying homes advised.,flood
sevlab-00746,Severe heatwave in Keoti; elderly person collapsed near a bus stop; bystanders giving water; a stranded auto-rickshaw half submerged.,4,Deep water across residential areas; critical rescue situation.,heatwave
sevlab-00747,Severe heatwave in Boiragimoth; elderly person collapsed near a bus stop; bystanders giving water; a stranded auto-rickshaw half submerged.,4,Deep water across residential areas; critical rescue situation.,heatwave
sevlab-00748,Severe winds in Kanti; uprooted small trees; waterlogging beginning.,3,Significant flooding; evacuation of low-lying homes advised.,cyclone
sevlab-00749,Shin-deep rainwater on a low-lying colony in Manpur; pedestrians wading carefully; shops placing sandbags.,2,Moderate disruption; vulnerable people should take care.,flood
sevlab-00750,Overcast sky with strong winds in Belsand; trees swaying; fishermen securing boats.,1,Minor waterlogging with no disruption to people or property.,cyclone
sevlab-00751,Dark clouds gathering over Chakratirtha; rough sea; people moving indoors.,1,Light impact visible; monitoring is sufficient for now.,cyclone
sevlab-00752,Waist-deep brown floodwater submerging a village street in Dumra; water entering ground-floor homes; power lines hanging low over the water.,4,Waist-deep water entering homes; residents stranded; urgent rescue needed.,flood
sevlab-00753,Shin-deep rainwater on a school compound in Dhamdaha; pedestrians wading carefully; shops placing sandbags.,2,Noticeable impact but daily life continues with adjustments.,flood
sevlab-00754,Strong winds bending trees on a riverside ghat in Tajpur; rain lashing sideways.,2,Noticeable impact but daily life continues with adjustments.,cyclone
sevlab-00755,Knee-deep floodwater covering a village street in Manihari; residents wading with belongings; volunteers distributing water bottles.,3,Knee-deep water affecting homes and movement; vulnerable people at risk.,flood
sevlab-00756,Knee-to-thigh deep water in a market road in Aminabad; ground floors flooded; people moving to upper floors.,3,Significant flooding; evacuation of low-lying homes advised.,flood
sevlab-00757,Knee-to-thigh deep water in a bus stand in Sursand; ground floors flooded; people moving to upper floors.,3,Water entering ground floors; relief assistance likely needed soon.,flood
sevlab-00758,Cyclonic storm hitting Belsand; fallen trees blocking the road; damaged shop signboards; volunteers distributing water bottles.,3,Significant flooding; evacuation of low-lying homes advised.,cyclone
sevlab-00759,Damp riverside ghat in Pipraich after a shower; normal traffic; shops open.,1,Minor waterlogging with no disruption to people or property.,flood
sevlab-00760,Deadly heatwave in Pranpur; hospital entrance crowded; shops shuttered in peak afternoon.,5,Life-threatening flooding with people stranded; immediate mass rescue required.,heatwave
sevlab-00761,Knee-to-thigh deep water in a village street in Shibpur; ground floors flooded; people moving to upper floors.,3,Water entering ground floors; relief assistance likely needed soon.,flood
sevlab-00762,Shin-deep rainwater on a main road in Kanti; pedestrians wading carefully; shops placing sandbags.,2,Ankle-deep water slowing movement; manageable with precautions.,flood
sevlab-00763,Light rainwater puddles on a railway underpass in Hajipur; people walking normally with umbrellas; no disruption visible.,1,"Mild conditions; situation under control, no urgent action needed.",flood
sevlab-00764,Ankle-deep waterlogging on a riverside ghat in Dum Dum; two-wheelers moving slowly; a stranded auto-rickshaw half submerged.,2,Noticeable impact but daily life continues with adjustments.,flood
sevlab-00765,Damp main road in Kanti after a shower; normal traffic; shops open.,1,Light impact visible; monitoring is sufficient for now.,flood
sevlab-00766,Knee-deep floodwater covering a market road in Pipraich; residents wading with belongings; volunteers distributing water bottles.,3,Water entering ground floors; relief assistance likely needed soon.,flood
sevlab-00767,Knee-to-thigh deep water in a residential lane in Gandhi Maidan; ground floors flooded; people moving to upper floors.,3,Significant flooding; evacuation of low-lying homes advised.,flood
sevlab-00768,Extreme heat in Talabania; thermometer reading dangerously high; streets deserted.,4,Deep water across residential areas; critical rescue situation.,heatwave
sevlab-00769,Ankle-deep waterlogging on a school compound in Delang; two-wheelers moving slowly; floating debris and household items.,2,Ankle-deep water slowing movement; manageable with precautions.,flood
sevlab-00770,Shin-deep rainwater on a railway underpass in Jale; pedestrians wading carefully; shops placing sandbags.,2,Ankle-deep water slowing movement; manageable with precautions.,flood
sevlab-00771,Knee-to-thigh deep water in a school compound in Manpur; ground floors flooded; people moving to upper floors.,3,Water entering ground floors; relief assistance likely needed soon.,flood
sevlab-00772,Waist-deep brown floodwater submerging a residential lane in Paltan Bazaar; water entering ground-floor homes; children sitting on a raised platform.,4,Deep water across residential areas; critical rescue situation.,flood
sevlab-00773,Knee-deep floodwater covering a bus stand in Bidupur; residents wading with belongings; submerged hand-pumps and shops.,3,Knee-deep water affecting homes and movement; vulnerable people at risk.,flood
sevlab-00774,Heavy rain and gusty winds in Dharampeth; tin roofs rattling; a stranded auto-rickshaw half submerged.,2,Noticeable impact but daily life continues with adjustments.,cyclone
sevlab-00775,Ankle-deep waterlogging on a village street in Baruraj; two-wheelers moving slowly; a rescue boat visible in the distance.,2,Noticeable impact but daily life continues with adjustments.,flood
sevlab-00776,Shin-deep rainwater on a main road in Sea Beach Road; pedestrians wading carefully; shops placing sandbags.,2,Moderate disruption; vulnerable people should take care.,flood
sevlab-00777,Intense heatwave in Maligaon; nearly empty streets at noon; a man resting in shade showing heat exhaustion; an elderly couple watching from a balcony.,3,Significant flooding; evacuation of low-lying homes advised.,heatwave
sevlab-00778,Heavy rain and gusty winds in Kasba; tin roofs rattling; children sitting on a raised platform.,2,Moderate disruption; vulnerable people should take care.,cyclone
sevlab-00779,Waist-deep brown floodwater submerging a residential lane in Delang; water entering ground-floor homes; an elderly couple watching from a balcony.,4,Deep water across residential areas; critical rescue situation.,flood
sevlab-00780,Extreme heat emergency in Ganeshguri; multiple people fainted on the street; ambulance present; submerged hand-pumps and shops.,5,Catastrophic conditions; large-scale emergency response needed.,heatwave
sevlab-00781,Severe cyclone landfall near Bidupur; uprooted trees and electric poles; houses with roofs torn off; power lines hanging low over the water.,4,Severe flooding with people trapped; immediate evacuation required.,cyclone
sevlab-00782,Knee-deep floodwater covering a school compound in Boring Road; residents wading with belongings; children sitting on a raised platform.,3,Water entering ground floors; relief assistance likely needed soon.,flood
sevlab-00783,Ankle-deep waterlogging on a low-lying colony in Shibpur; two-wheelers moving slowly; power lines hanging low over the water.,2,Noticeable impact but daily life continues with adjustments.,flood
sevlab-00784,Knee-to-thigh deep water in a residential lane in Santragachi; ground floors flooded; people moving to upper floors.,3,Water entering ground floors; relief assistance likely needed soon.,flood
sevlab-00785,Shin-deep rainwater on a railway underpass in Mancotta; pedestrians wading carefully; shops placing sandbags.,2,Noticeable impact but daily life continues with adjustments.,flood
sevlab-00786,Dark clouds gathering over Uluberia; rough sea; people moving indoors.,1,"Mild conditions; situation under control, no urgent action needed.",cyclone
sevlab-00787,Knee-deep floodwater covering a village street in Boiragimoth; residents wading with belongings; submerged hand-pumps and shops.,3,Water entering ground floors; relief assistance likely needed soon.,flood
sevlab-00788,Waist-deep brown floodwater submerging a riverside ghat in Bodh Gaya; water entering ground-floor homes; submerged hand-pumps and shops.,4,Waist-deep water entering homes; residents stranded; urgent rescue needed.,flood
sevlab-00789,Light rainwater puddles on a village street in Mohaddipur; people walking normally with umbrellas; no disruption visible.,1,Minor waterlogging with no disruption to people or property.,flood
sevlab-00790,Knee-to-thigh deep water in a residential lane in Adyar; ground floors flooded; people moving to upper floors.,3,Significant flooding; evacuation of low-lying homes advised.,flood
sevlab-00791,Cyclonic storm hitting Mahnar; fallen trees blocking the road; damaged shop signboards; volunteers distributing water bottles.,3,Significant flooding; evacuation of low-lying homes advised.,cyclone
sevlab-00792,Waist-deep brown floodwater submerging a market road in Dumra; water entering ground-floor homes; an elderly couple watching from a balcony.,4,Waist-deep water entering homes; residents stranded; urgent rescue needed.,flood
sevlab-00793,Very hot midday on a residential lane in Ganeshguri; shutters half-down; power lines hanging low over the water.,2,Noticeable impact but daily life continues with adjustments.,heatwave
sevlab-00794,Severe cyclone landfall near Bairgania; uprooted trees and electric poles; houses with roofs torn off; volunteers distributing water bottles.,4,Waist-deep water entering homes; residents stranded; urgent rescue needed.,cyclone
sevlab-00795,Hot sunny afternoon in Aliganj; people using umbrellas; streets active.,1,"Mild conditions; situation under control, no urgent action needed.",heatwave
sevlab-00796,Light rainwater puddles on a main road in Manewada; people walking normally with umbrellas; no disruption visible.,1,"Mild conditions; situation under control, no urgent action needed.",flood
sevlab-00797,Shin-deep rainwater on a bus stand in Bally; pedestrians wading carefully; shops placing sandbags.,2,Ankle-deep water slowing movement; manageable with precautions.,flood
sevlab-00798,Hot sunny afternoon in Dalsinghsarai; people using umbrellas; streets active.,1,"Mild conditions; situation under control, no urgent action needed.",heatwave
sevlab-00799,Very hot midday on a low-lying colony in Aliganj; shutters half-down; submerged hand-pumps and shops.,2,Ankle-deep water slowing movement; manageable with precautions.,heatwave
sevlab-00800,Knee-to-thigh deep water in a bus stand in Gomti Nagar; ground floors flooded; people moving to upper floors.,3,Knee-deep water affecting homes and movement; vulnerable people at risk.,flood
sevlab-00801,Strong winds bending trees on a market road in Tajpur; rain lashing sideways.,2,Ankle-deep water slowing movement; manageable with precautions.,cyclone
sevlab-00802,Bright harsh sunlight over a school compound in Chowkidingee; normal crowd with sun protection.,1,Minor waterlogging with no disruption to people or property.,heatwave
sevlab-00803,Knee-deep floodwater covering a low-lying colony in Chandmari; residents wading with belongings; an elderly couple watching from a balcony.,3,Water entering ground floors; relief assistance likely needed soon.,flood
sevlab-00804,Light rainwater puddles on a school compound in T Nagar; people walking normally with umbrellas; no disruption visible.,1,Light impact visible; monitoring is sufficient for now.,flood
sevlab-00805,Heavy rain and gusty winds in Ramnagar; tin roofs rattling; submerged hand-pumps and shops.,2,Moderate disruption; vulnerable people should take care.,cyclone
sevlab-00806,Strong winds bending trees on a market road in Dharampeth; rain lashing sideways.,2,Moderate disruption; vulnerable people should take care.,cyclone
sevlab-00807,Ankle-deep waterlogging on a main road in Aliganj; two-wheelers moving slowly; a stranded auto-rickshaw half submerged.,2,Noticeable impact but daily life continues with adjustments.,flood
sevlab-00808,Ankle-deep waterlogging on a riverside ghat in Bally; two-wheelers moving slowly; volunteers distributing water bottles.,2,Noticeable impact but daily life continues with adjustments.,flood
sevlab-00809,Damp school compound in Sitabuldi after a shower; normal traffic; shops open.,1,Minor waterlogging with no disruption to people or property.,flood
sevlab-00810,Severe winds in Howrah Bridge; uprooted small trees; waterlogging beginning.,3,Knee-deep water affecting homes and movement; vulnerable people at risk.,cyclone
sevlab-00811,Hot sunny afternoon in Kankarbagh; people using umbrellas; streets active.,1,"Mild conditions; situation under control, no urgent action needed.",heatwave
sevlab-00812,Ankle-deep waterlogging on a residential lane in Hingna; two-wheelers moving slowly; volunteers distributing water bottles.,2,Ankle-deep water slowing movement; manageable with precautions.,flood
sevlab-00813,Light rainwater puddles on a village street in Belsand; people walking normally with umbrellas; no disruption visible.,1,Minor waterlogging with no disruption to people or property.,flood
sevlab-00814,Knee-to-thigh deep water in a highway stretch in Godowlia; ground floors flooded; people moving to upper floors.,3,Knee-deep water affecting homes and movement; vulnerable people at risk.,flood
sevlab-00815,Chest-high water rising in a residential lane in Velachery; residents stranded on rooftops; submerged hand-pumps and shops.,4,Waist-deep water entering homes; residents stranded; urgent rescue needed.,flood
sevlab-00816,Chest-high water rising in a bus stand in Barsoi; residents stranded on rooftops; a stranded auto-rickshaw half submerged.,4,Deep water across residential areas; critical rescue situation.,flood
sevlab-00817,Very hot midday on a residential lane in Gulabbagh; shutters half-down; a dog swimming across the lane.,2,Ankle-deep water slowing movement; manageable with precautions.,heatwave
sevlab-00818,Shin-deep rainwater on a bus stand in Gandhi Maidan; pedestrians wading carefully; shops placing sandbags.,2,Ankle-deep water slowing movement; manageable with precautions.,flood
sevlab-00819,Knee-to-thigh deep water in a railway underpass in Pranpur; ground floors flooded; people moving to upper floors.,3,Water entering ground floors; relief assistance likely needed soon.,flood
sevlab-00820,Bright harsh sunlight over a bus stand in Shibpur; normal crowd with sun protection.,1,Light impact visible; monitoring is sufficient for now.,heatwave
sevlab-00821,Overcast sky with strong winds in Uluberia; trees swaying; fishermen securing boats.,1,"Mild conditions; situation under control, no urgent action needed.",cyclone
sevlab-00822,Ankle-deep waterlogging on a low-lying colony in Uluberia; two-wheelers moving slowly; an elderly couple watching from a balcony.,2,Moderate disruption; vulnerable people should take care.,flood
sevlab-00823,Extreme heat in Dhamdaha; thermometer reading dangerously high; streets deserted.,4,Waist-deep water entering homes; residents stranded; urgent rescue needed.,heatwave
sevlab-00824,Light rainwater puddles on a school compound in Tilkamanjhi; people walking normally with umbrellas; no disruption visible.,1,Light impact visible; monitoring is sufficient for now.,flood
sevlab-00825,Knee-to-thigh deep water in a main road in Sultanganj; ground floors flooded; people moving to upper floors.,3,Water entering ground floors; relief assistance likely needed soon.,flood
sevlab-00826,Severe winds in Ashok Rajpath; uprooted small trees; waterlogging beginning.,3,Significant flooding; evacuation of low-lying homes advised.,cyclone
sevlab-00827,Knee-deep floodwater covering a village street in Dum Dum; residents wading with belongings; a dog swimming across the lane.,3,Significant flooding; evacuation of low-lying homes advised.,flood
sevlab-00828,Ankle-deep waterlogging on a highway stretch in Dharampeth; two-wheelers moving slowly; submerged hand-pumps and shops.,2,Moderate disruption; vulnerable people should take care.,flood
sevlab-00829,Shin-deep rainwater on a residential lane in Velachery; pedestrians wading carefully; shops placing sandbags.,2,Ankle-deep water slowing movement; manageable with precautions.,flood
sevlab-00830,Severe cyclone landfall near Chowkidingee; uprooted trees and electric poles; houses with roofs torn off; a dog swimming across the lane.,4,Deep water across residential areas; critical rescue situation.,cyclone
sevlab-00831,Damp highway stretch in Bidupur after a shower; normal traffic; shops open.,1,"Mild conditions; situation under control, no urgent action needed.",flood
sevlab-00832,Chest-deep fast-flowing floodwater across Bidupur; houses partially submerged with only roofs visible; people stranded on rooftops waving for help; a stranded auto-rickshaw half submerged.,5,Extreme danger to life; highest-priority rescue operation.,flood
sevlab-00833,Severe flooding in Bahadurpur; entire highway stretch underwater; families on rooftops; an elderly couple watching from a balcony.,5,Life-threatening flooding with people stranded; immediate mass rescue required.,flood
sevlab-00834,Knee-deep floodwater covering a school compound in Mushahari; residents wading with belongings; a stranded auto-rickshaw half submerged.,3,Significant flooding; evacuation of low-lying homes advised.,flood
sevlab-00835,Scorching heat in Sea Beach Road market; vendors covering stalls with wet cloth; people drinking water frequently.,2,Ankle-deep water slowing movement; manageable with precautions.,heatwave
sevlab-00836,Knee-to-thigh deep water in a highway stretch in Barsoi; ground floors flooded; people moving to upper floors.,3,Knee-deep water affecting homes and movement; vulnerable people at risk.,flood
sevlab-00837,Knee-deep floodwater covering a low-lying colony in Howrah Bridge; residents wading with belongings; people carrying belongings on their heads.,3,Knee-deep water affecting homes and movement; vulnerable people at risk.,flood
sevlab-00838,Light rainwater puddles on a highway stretch in Adyar; people walking normally with umbrellas; no disruption visible.,1,Minor waterlogging with no disruption to people or property.,flood
sevlab-00839,Severe cyclone landfall near Benipur; uprooted trees and electric poles; houses with roofs torn off; floating debris and household items.,4,Severe flooding with people trapped; immediate evacuation required.,cyclone
sevlab-00840,Shin-deep rainwater on a school compound in Sea Beach Road; pedestrians wading carefully; shops placing sandbags.,2,Noticeable impact but daily life continues with adjustments.,flood
sevlab-00841,Bright harsh sunlight over a residential lane in Hajipur; normal crowd with sun protection.,1,Light impact visible; monitoring is sufficient for now.,heatwave
sevlab-00842,Strong winds bending trees on a market road in Kursela; rain lashing sideways.,2,Noticeable impact but daily life continues with adjustments.,cyclone
sevlab-00843,Severe cyclone landfall near T Nagar; uprooted trees and electric poles; houses with roofs torn off; submerged hand-pumps and shops.,4,Severe flooding with people trapped; immediate evacuation required.,cyclone
sevlab-00844,Chest-high water rising in a low-lying colony in Banmankhi; residents stranded on rooftops; a stranded auto-rickshaw half submerged.,4,Severe flooding with people trapped; immediate evacuation required.,flood
sevlab-00845,Shin-deep rainwater on a school compound in Mithapur; pedestrians wading carefully; shops placing sandbags.,2,Ankle-deep water slowing movement; manageable with precautions.,flood
sevlab-00846,Bright harsh sunlight over a railway underpass in Sabour; normal crowd with sun protection.,1,Light impact visible; monitoring is sufficient for now.,heatwave
sevlab-00847,Cyclonic storm hitting Anna Nagar; fallen trees blocking the road; damaged shop signboards; people carrying belongings on their heads.,3,Water entering ground floors; relief assistance likely needed soon.,cyclone
sevlab-00848,Knee-to-thigh deep water in a low-lying colony in Bahadurpur; ground floors flooded; people moving to upper floors.,3,Significant flooding; evacuation of low-lying homes advised.,flood
sevlab-00849,Destructive winds battering Salt Lake; collapsed boundary walls; streets flooded.,4,Waist-deep water entering homes; residents stranded; urgent rescue needed.,cyclone
sevlab-00850,Ankle-deep waterlogging on a highway stretch in Sherghati; two-wheelers moving slowly; a stranded auto-rickshaw half submerged.,2,Moderate disruption; vulnerable people should take care.,flood
sevlab-00851,Blazing heat over Sherghati; cracked dry ground; labourers resting under a tree.,3,Water entering ground floors; relief assistance likely needed soon.,heatwave
sevlab-00852,Ankle-deep waterlogging on a market road in Chowkidingee; two-wheelers moving slowly; a dog swimming across the lane.,2,Ankle-deep water slowing movement; manageable with precautions.,flood
sevlab-00853,Light rainwater puddles on a residential lane in Santragachi; people walking normally with umbrellas; no disruption visible.,1,"Mild conditions; situation under control, no urgent action needed.",flood
sevlab-00854,Knee-deep floodwater covering a market road in Lalganj; residents wading with belongings; floating debris and household items.,3,Water entering ground floors; relief assistance likely needed soon.,flood
sevlab-00855,Shin-deep rainwater on a bus stand in Benipur; pedestrians wading carefully; shops placing sandbags.,2,Ankle-deep water slowing movement; manageable with precautions.,flood
sevlab-00856,Ankle-deep waterlogging on a residential lane in Baruraj; two-wheelers moving slowly; floating debris and household items.,2,Ankle-deep water slowing movement; manageable with precautions.,flood
sevlab-00857,Very hot midday on a highway stretch in Gomti Nagar; shutters half-down; a stranded auto-rickshaw half submerged.,2,Moderate disruption; vulnerable people should take care.,heatwave
sevlab-00858,Shin-deep rainwater on a highway stretch in Adyar; pedestrians wading carefully; shops placing sandbags.,2,Noticeable impact but daily life continues with adjustments.,flood
sevlab-00859,Cyclonic storm hitting Chowkidingee; fallen trees blocking the road; damaged shop signboards; power lines hanging low over the water.,3,Significant flooding; evacuation of low-lying homes advised.,cyclone
sevlab-00860,Knee-to-thigh deep water in a residential lane in Delang; ground floors flooded; people moving to upper floors.,3,Significant flooding; evacuation of low-lying homes advised.,flood
sevlab-00861,Light rainwater puddles on a bus stand in Bahadurpur; people walking normally with umbrellas; no disruption visible.,1,Light impact visible; monitoring is sufficient for now.,flood
sevlab-00862,Knee-deep floodwater covering a main road in Rupauli; residents wading with belongings; an elderly couple watching from a balcony.,3,Water entering ground floors; relief assistance likely needed soon.,flood
sevlab-00863,Blazing heat over Indira Nagar; cracked dry ground; labourers resting under a tree.,3,Significant flooding; evacuation of low-lying homes advised.,heatwave
sevlab-00864,Strong winds bending trees on a railway underpass in Mohanbari; rain lashing sideways.,2,Ankle-deep water slowing movement; manageable with precautions.,cyclone
sevlab-00865,Destructive winds battering Danapur; collapsed boundary walls; streets flooded.,4,Severe flooding with people trapped; immediate evacuation required.,cyclone
sevlab-00866,Intense heatwave in Kushmi; nearly empty streets at noon; a man resting in shade showing heat exhaustion; children sitting on a raised platform.,3,Knee-deep water affecting homes and movement; vulnerable people at risk.,heatwave
sevlab-00867,Shin-deep rainwater on a low-lying colony in Porur; pedestrians wading carefully; shops placing sandbags.,2,Noticeable impact but daily life continues with adjustments.,flood
sevlab-00868,Knee-to-thigh deep water in a main road in Sahebganj; ground floors flooded; people moving to upper floors.,3,Significant flooding; evacuation of low-lying homes advised.,flood
sevlab-00869,Chest-deep fast-flowing floodwater across Kasba; houses partially submerged with only roofs visible; people stranded on rooftops waving for help; a dog swimming across the lane.,5,Life-threatening flooding with people stranded; immediate mass rescue required.,flood
sevlab-00870,Shin-deep rainwater on a highway stretch in Banmankhi; pedestrians wading carefully; shops placing sandbags.,2,Moderate disruption; vulnerable people should take care.,flood
sevlab-00871,Waist-deep brown floodwater submerging a low-lying colony in Rupauli; water entering ground-floor homes; a rescue boat visible in the distance.,4,Deep water across residential areas; critical rescue situation.,flood
sevlab-00872,Shin-deep rainwater on a highway stretch in Indira Nagar; pedestrians wading carefully; shops placing sandbags.,2,Ankle-deep water slowing movement; manageable with precautions.,flood
sevlab-00873,Cyclonic storm hitting Chowkidingee; fallen trees blocking the road; damaged shop signboards; submerged hand-pumps and shops.,3,Significant flooding; evacuation of low-lying homes advised.,cyclone
sevlab-00874,Chest-high water rising in a main road in Gomti Nagar; residents stranded on rooftops; volunteers distributing water bottles.,4,Severe flooding with people trapped; immediate evacuation required.,flood
sevlab-00875,Knee-deep floodwater covering a riverside ghat in Digha; residents wading with belongings; children sitting on a raised platform.,3,Significant flooding; evacuation of low-lying homes advised.,flood
sevlab-00876,Strong winds bending trees on a highway stretch in Santragachi; rain lashing sideways.,2,Noticeable impact but daily life continues with adjustments.,cyclone
sevlab-00877,Damp bus stand in Kushmi after a shower; normal traffic; shops open.,1,"Mild conditions; situation under control, no urgent action needed.",flood
sevlab-00878,Waist-deep brown floodwater submerging a village street in Laheriasarai; water entering ground-floor homes; an elderly couple watching from a balcony.,4,Severe flooding with people trapped; immediate evacuation required.,flood
sevlab-00879,Strong winds bending trees on a market road in Pranpur; rain lashing sideways.,2,Moderate disruption; vulnerable people should take care.,cyclone
sevlab-00880,Ankle-deep waterlogging on a market road in Pupri; two-wheelers moving slowly; a rescue boat visible in the distance.,2,Ankle-deep water slowing movement; manageable with precautions.,flood
sevlab-00881,Knee-deep floodwater covering a main road in Salt Lake; residents wading with belongings; children sitting on a raised platform.,3,Significant flooding; evacuation of low-lying homes advised.,flood
sevlab-00882,Shin-deep rainwater on a village street in Sursand; pedestrians wading carefully; shops placing sandbags.,2,Moderate disruption; vulnerable people should take care.,flood
sevlab-00883,Chest-high water rising in a village street in Kahalgaon; residents stranded on rooftops; volunteers distributing water bottles.,4,Waist-deep water entering homes; residents stranded; urgent rescue needed.,flood
sevlab-00884,Damp village street in Sea Beach Road after a shower; normal traffic; shops open.,1,Light impact visible; monitoring is sufficient for now.,flood
sevlab-00885,Destructive winds battering Tajpur; collapsed boundary walls; streets flooded.,4,Waist-deep water entering homes; residents stranded; urgent rescue needed.,cyclone
sevlab-00886,Waist-deep brown floodwater submerging a railway underpass in Gulabbagh; water entering ground-floor homes; an elderly couple watching from a balcony.,4,Deep water across residential areas; critical rescue situation.,flood
sevlab-00887,Extreme heat in Keoti; thermometer reading dangerously high; streets deserted.,4,Severe flooding with people trapped; immediate evacuation required.,heatwave
sevlab-00888,Ankle-deep waterlogging on a residential lane in Kushmi; two-wheelers moving slowly; floating debris and household items.,2,Ankle-deep water slowing movement; manageable with precautions.,flood
sevlab-00889,Knee-deep floodwater covering a railway underpass in Dalsinghsarai; residents wading with belongings; submerged hand-pumps and shops.,3,Water entering ground floors; relief assistance likely needed soon.,flood
sevlab-00890,Knee-to-thigh deep water in a main road in Kadwa; ground floors flooded; people moving to upper floors.,3,Significant flooding; evacuation of low-lying homes advised.,flood
sevlab-00891,Bright harsh sunlight over a highway stretch in Uluberia; normal crowd with sun protection.,1,Light impact visible; monitoring is sufficient for now.,heatwave
sevlab-00892,Damp main road in Rupauli after a shower; normal traffic; shops open.,1,Light impact visible; monitoring is sufficient for now.,flood
sevlab-00893,Severe cyclone landfall near Benipur; uprooted trees and electric poles; houses with roofs torn off; children sitting on a raised platform.,4,Severe flooding with people trapped; immediate evacuation required.,cyclone
sevlab-00894,Shin-deep rainwater on a residential lane in Santragachi; pedestrians wading carefully; shops placing sandbags.,2,Ankle-deep water slowing movement; manageable with precautions.,flood
sevlab-00895,Severe winds in Tajpur; uprooted small trees; waterlogging beginning.,3,Significant flooding; evacuation of low-lying homes advised.,cyclone
sevlab-00896,Deadly heatwave in Ashok Rajpath; hospital entrance crowded; shops shuttered in peak afternoon.,5,Catastrophic conditions; large-scale emergency response needed.,heatwave
sevlab-00897,Destructive winds battering Aliganj; collapsed boundary walls; streets flooded.,4,Severe flooding with people trapped; immediate evacuation required.,cyclone
sevlab-00898,Light rainwater puddles on a low-lying colony in Khanpur; people walking normally with umbrellas; no disruption visible.,1,"Mild conditions; situation under control, no urgent action needed.",flood
sevlab-00899,Blazing heat over Kadwa; cracked dry ground; labourers resting under a tree.,3,Knee-deep water affecting homes and movement; vulnerable people at risk.,heatwave
sevlab-00900,Cyclonic storm hitting Pipraich; fallen trees blocking the road; damaged shop signboards; a dog swimming across the lane.,3,Significant flooding; evacuation of low-lying homes advised.,cyclone
sevlab-00901,Very hot midday on a riverside ghat in Golghar; shutters half-down; power lines hanging low over the water.,2,Ankle-deep water slowing movement; manageable with precautions.,heatwave
sevlab-00902,Blazing heat over Pranpur; cracked dry ground; labourers resting under a tree.,3,Knee-deep water affecting homes and movement; vulnerable people at risk.,heatwave
sevlab-00903,Damp school compound in Beltola after a shower; normal traffic; shops open.,1,Minor waterlogging with no disruption to people or property.,flood
sevlab-00904,Damp village street in Maligaon after a shower; normal traffic; shops open.,1,"Mild conditions; situation under control, no urgent action needed.",flood
sevlab-00905,Knee-to-thigh deep water in a low-lying colony in Banmankhi; ground floors flooded; people moving to upper floors.,3,Knee-deep water affecting homes and movement; vulnerable people at risk.,flood
sevlab-00906,Knee-deep floodwater covering a village street in Adyar; residents wading with belongings; floating debris and household items.,3,Water entering ground floors; relief assistance likely needed soon.,flood
sevlab-00907,Heavy rain and gusty winds in Ashok Rajpath; tin roofs rattling; an elderly couple watching from a balcony.,2,Ankle-deep water slowing movement; manageable with precautions.,cyclone
sevlab-00908,Chest-high water rising in a railway underpass in Naliapool; residents stranded on rooftops; children sitting on a raised platform.,4,Deep water across residential areas; critical rescue situation.,flood
sevlab-00909,Severe cyclone landfall near Rosera; uprooted trees and electric poles; houses with roofs torn off; a rescue boat visible in the distance.,4,Severe flooding with people trapped; immediate evacuation required.,cyclone
sevlab-00910,Overcast sky with strong winds in Bally; trees swaying; fishermen securing boats.,1,Light impact visible; monitoring is sufficient for now.,cyclone
sevlab-00911,Strong winds bending trees on a highway stretch in Barsoi; rain lashing sideways.,2,Ankle-deep water slowing movement; manageable with precautions.,cyclone
sevlab-00912,Intense heatwave in Kursela; nearly empty streets at noon; a man resting in shade showing heat exhaustion; a stranded auto-rickshaw half submerged.,3,Knee-deep water affecting homes and movement; vulnerable people at risk.,heatwave
sevlab-00913,Light rainwater puddles on a residential lane in Tekari; people walking normally with umbrellas; no disruption visible.,1,Minor waterlogging with no disruption to people or property.,flood
sevlab-00914,Ankle-deep waterlogging on a bus stand in Lanka; two-wheelers moving slowly; submerged hand-pumps and shops.,2,Noticeable impact but daily life continues with adjustments.,flood
sevlab-00915,Cyclonic storm hitting Rosera; fallen trees blocking the road; damaged shop signboards; a stranded auto-rickshaw half submerged.,3,Significant flooding; evacuation of low-lying homes advised.,cyclone
sevlab-00916,Extreme heat in Howrah Bridge; thermometer reading dangerously high; streets deserted.,4,Deep water across residential areas; critical rescue situation.,heatwave
sevlab-00917,Damp bus stand in Dum Dum after a shower; normal traffic; shops open.,1,Light impact visible; monitoring is sufficient for now.,flood
sevlab-00918,Shin-deep rainwater on a low-lying colony in Digha; pedestrians wading carefully; shops placing sandbags.,2,Ankle-deep water slowing movement; manageable with precautions.,flood
sevlab-00919,Knee-to-thigh deep water in a school compound in Satyabadi; ground floors flooded; people moving to upper floors.,3,Knee-deep water affecting homes and movement; vulnerable people at risk.,flood
sevlab-00920,Severe cyclone landfall near Mohanbari; uprooted trees and electric poles; houses with roofs torn off; a stranded auto-rickshaw half submerged.,4,Deep water across residential areas; critical rescue situation.,cyclone
sevlab-00921,Ankle-deep waterlogging on a main road in Sherghati; two-wheelers moving slowly; an elderly couple watching from a balcony.,2,Noticeable impact but daily life continues with adjustments.,flood
sevlab-00922,Knee-to-thigh deep water in a residential lane in Benipur; ground floors flooded; people moving to upper floors.,3,Significant flooding; evacuation of low-lying homes advised.,flood
sevlab-00923,Damp bus stand in Lanka after a shower; normal traffic; shops open.,1,"Mild conditions; situation under control, no urgent action needed.",flood
sevlab-00924,Severe winds in Kamptee; uprooted small trees; waterlogging beginning.,3,Knee-deep water affecting homes and movement; vulnerable people at risk.,cyclone
sevlab-00925,Knee-to-thigh deep water in a market road in Hingna; ground floors flooded; people moving to upper floors.,3,Water entering ground floors; relief assistance likely needed soon.,flood
sevlab-00926,Hot sunny afternoon in Velachery; people using umbrellas; streets active.,1,Minor waterlogging with no disruption to people or property.,heatwave
sevlab-00927,Destructive winds battering Beltola; collapsed boundary walls; streets flooded.,4,Waist-deep water entering homes; residents stranded; urgent rescue needed.,cyclone
sevlab-00928,Overcast sky with strong winds in Pandeypur; trees swaying; fishermen securing boats.,1,"Mild conditions; situation under control, no urgent action needed.",cyclone
sevlab-00929,Scorching heat in Golghar market; vendors covering stalls with wet cloth; people drinking water frequently.,2,Noticeable impact but daily life continues with adjustments.,heatwave
sevlab-00930,Damp railway underpass in Digha after a shower; normal traffic; shops open.,1,Light impact visible; monitoring is sufficient for now.,flood
sevlab-00931,Strong winds bending trees on a riverside ghat in Kamptee; rain lashing sideways.,2,Ankle-deep water slowing movement; manageable with precautions.,cyclone
sevlab-00932,Overcast sky with strong winds in Manpur; trees swaying; fishermen securing boats.,1,Minor waterlogging with no disruption to people or property.,cyclone
sevlab-00933,Damp railway underpass in Pranpur after a shower; normal traffic; shops open.,1,Light impact visible; monitoring is sufficient for now.,flood
sevlab-00934,Light rainwater puddles on a school compound in Bally; people walking normally with umbrellas; no disruption visible.,1,Light impact visible; monitoring is sufficient for now.,flood
sevlab-00935,Dark clouds gathering over Kasba; rough sea; people moving indoors.,1,"Mild conditions; situation under control, no urgent action needed.",cyclone
sevlab-00936,Hot sunny afternoon in Naugachia; people using umbrellas; streets active.,1,"Mild conditions; situation under control, no urgent action needed.",heatwave
sevlab-00937,Damp riverside ghat in Baruraj after a shower; normal traffic; shops open.,1,Minor waterlogging with no disruption to people or property.,flood
sevlab-00938,Ankle-deep waterlogging on a bus stand in Sultanganj; two-wheelers moving slowly; a dog swimming across the lane.,2,Ankle-deep water slowing movement; manageable with precautions.,flood
sevlab-00939,Knee-deep floodwater covering a riverside ghat in Sahebganj; residents wading with belongings; volunteers distributing water bottles.,3,Knee-deep water affecting homes and movement; vulnerable people at risk.,flood
sevlab-00940,Scorching heat in Gandhi Maidan market; vendors covering stalls with wet cloth; people drinking water frequently.,2,Ankle-deep water slowing movement; manageable with precautions.,heatwave
sevlab-00941,Blazing heat over Manewada; cracked dry ground; labourers resting under a tree.,3,Knee-deep water affecting homes and movement; vulnerable people at risk.,heatwave
sevlab-00942,Dark clouds gathering over Kamptee; rough sea; people moving indoors.,1,"Mild conditions; situation under control, no urgent action needed.",cyclone
sevlab-00943,Knee-to-thigh deep water in a market road in Salt Lake; ground floors flooded; people moving to upper floors.,3,Significant flooding; evacuation of low-lying homes advised.,flood
sevlab-00944,Shin-deep rainwater on a bus stand in Banmankhi; pedestrians wading carefully; shops placing sandbags.,2,Ankle-deep water slowing movement; manageable with precautions.,flood
sevlab-00945,Heavy rain and gusty winds in Mohanbari; tin roofs rattling; power lines hanging low over the water.,2,Moderate disruption; vulnerable people should take care.,cyclone
sevlab-00946,Strong winds bending trees on a highway stretch in Beltola; rain lashing sideways.,2,Noticeable impact but daily life continues with adjustments.,cyclone
sevlab-00947,Light rainwater puddles on a bus stand in Tajpur; people walking normally with umbrellas; no disruption visible.,1,Minor waterlogging with no disruption to people or property.,flood
sevlab-00948,Shin-deep rainwater on a riverside ghat in Gomti Nagar; pedestrians wading carefully; shops placing sandbags.,2,Ankle-deep water slowing movement; manageable with precautions.,flood
sevlab-00949,Knee-to-thigh deep water in a highway stretch in Chowk; ground floors flooded; people moving to upper floors.,3,Knee-deep water affecting homes and movement; vulnerable people at risk.,flood
sevlab-00950,Overcast sky with strong winds in Rajendra Nagar; trees swaying; fishermen securing boats.,1,Light impact visible; monitoring is sufficient for now.,cyclone
sevlab-00951,Light rainwater puddles on a riverside ghat in Kadwa; people walking normally with umbrellas; no disruption visible.,1,Minor waterlogging with no disruption to people or property.,flood
sevlab-00952,Light rainwater puddles on a railway underpass in Kursela; people walking normally with umbrellas; no disruption visible.,1,Light impact visible; monitoring is sufficient for now.,flood
sevlab-00953,Ankle-deep waterlogging on a railway underpass in Motihari Road; two-wheelers moving slowly; children sitting on a raised platform.,2,Ankle-deep water slowing movement; manageable with precautions.,flood
sevlab-00954,Ankle-deep waterlogging on a bus stand in Kushmi; two-wheelers moving slowly; volunteers distributing water bottles.,2,Ankle-deep water slowing movement; manageable with precautions.,flood
sevlab-00955,Shin-deep rainwater on a railway underpass in Mohanbari; pedestrians wading carefully; shops placing sandbags.,2,Moderate disruption; vulnerable people should take care.,flood
sevlab-00956,Knee-deep floodwater covering a bus stand in Paltan Bazaar; residents wading with belongings; volunteers distributing water bottles.,3,Significant flooding; evacuation of low-lying homes advised.,flood
sevlab-00957,Cyclonic storm hitting Bally; fallen trees blocking the road; damaged shop signboards; submerged hand-pumps and shops.,3,Knee-deep water affecting homes and movement; vulnerable people at risk.,cyclone
sevlab-00958,Scorching heat in Pupri market; vendors covering stalls with wet cloth; people drinking water frequently.,2,Ankle-deep water slowing movement; manageable with precautions.,heatwave
sevlab-00959,Dark clouds gathering over Talabania; rough sea; people moving indoors.,1,Light impact visible; monitoring is sufficient for now.,cyclone
sevlab-00960,Waist-deep brown floodwater submerging a village street in Pupri; water entering ground-floor homes; volunteers distributing water bottles.,4,Waist-deep water entering homes; residents stranded; urgent rescue needed.,flood
sevlab-00961,Heavy rain and gusty winds in Tajpur; tin roofs rattling; volunteers distributing water bottles.,2,Moderate disruption; vulnerable people should take care.,cyclone
sevlab-00962,Chest-deep fast-flowing floodwater across Naugachia; houses partially submerged with only roofs visible; people stranded on rooftops waving for help; floating debris and household items.,5,Extreme danger to life; highest-priority rescue operation.,flood
sevlab-00963,Light rainwater puddles on a riverside ghat in Gomti Nagar; people walking normally with umbrellas; no disruption visible.,1,Minor waterlogging with no disruption to people or property.,flood
sevlab-00964,Waist-deep brown floodwater submerging a highway stretch in Pranpur; water entering ground-floor homes; a rescue boat visible in the distance.,4,Waist-deep water entering homes; residents stranded; urgent rescue needed.,flood
sevlab-00965,Knee-to-thigh deep water in a riverside ghat in Lanka; ground floors flooded; people moving to upper floors.,3,Water entering ground floors; relief assistance likely needed soon.,flood
sevlab-00966,Extreme heat in Pusa; thermometer reading dangerously high; streets deserted.,4,Severe flooding with people trapped; immediate evacuation required.,heatwave
sevlab-00967,Severe flooding in Anna Nagar; entire bus stand underwater; families on rooftops; a rescue boat visible in the distance.,5,Catastrophic conditions; large-scale emergency response needed.,flood
sevlab-00968,Light rainwater puddles on a bus stand in Dhamdaha; people walking normally with umbrellas; no disruption visible.,1,Light impact visible; monitoring is sufficient for now.,flood
sevlab-00969,Knee-deep floodwater covering a market road in Paltan Bazaar; residents wading with belongings; people carrying belongings on their heads.,3,Water entering ground floors; relief assistance likely needed soon.,flood
sevlab-00970,Light rainwater puddles on a school compound in Keoti; people walking normally with umbrellas; no disruption visible.,1,Minor waterlogging with no disruption to people or property.,flood
sevlab-00971,Ankle-deep waterlogging on a school compound in Sursand; two-wheelers moving slowly; floating debris and household items.,2,Noticeable impact but daily life continues with adjustments.,flood
sevlab-00972,Waist-deep brown floodwater submerging a railway underpass in Sherghati; water entering ground-floor homes; volunteers distributing water bottles.,4,Deep water across residential areas; critical rescue situation.,flood
sevlab-00973,Chest-deep fast-flowing floodwater across Golghar; houses partially submerged with only roofs visible; people stranded on rooftops waving for help; power lines hanging low over the water.,5,Extreme danger to life; highest-priority rescue operation.,flood
sevlab-00974,Bright harsh sunlight over a village street in Dharampeth; normal crowd with sun protection.,1,Minor waterlogging with no disruption to people or property.,heatwave
sevlab-00975,Severe cyclone landfall near Boiragimoth; uprooted trees and electric poles; houses with roofs torn off; a stranded auto-rickshaw half submerged.,4,Waist-deep water entering homes; residents stranded; urgent rescue needed.,cyclone
sevlab-00976,Bright harsh sunlight over a school compound in Howrah Bridge; normal crowd with sun protection.,1,Light impact visible; monitoring is sufficient for now.,heatwave
sevlab-00977,Strong winds bending trees on a bus stand in Indira Nagar; rain lashing sideways.,2,Noticeable impact but daily life continues with adjustments.,cyclone
sevlab-00978,Destructive winds battering Tilkamanjhi; collapsed boundary walls; streets flooded.,4,Severe flooding with people trapped; immediate evacuation required.,cyclone
sevlab-00979,Blazing heat over Manpur; cracked dry ground; labourers resting under a tree.,3,Significant flooding; evacuation of low-lying homes advised.,heatwave
sevlab-00980,Shin-deep rainwater on a village street in Bidupur; pedestrians wading carefully; shops placing sandbags.,2,Noticeable impact but daily life continues with adjustments.,flood
sevlab-00981,Light rainwater puddles on a residential lane in Sherghati; people walking normally with umbrellas; no disruption visible.,1,Light impact visible; monitoring is sufficient for now.,flood
sevlab-00982,Massive storm surge flooding Salt Lake; boats washed onto roads; floating debris and household items.,5,Life-threatening flooding with people stranded; immediate mass rescue required.,cyclone
sevlab-00983,Bright harsh sunlight over a school compound in Mahnar; normal crowd with sun protection.,1,Light impact visible; monitoring is sufficient for now.,heatwave
sevlab-00984,Shin-deep rainwater on a market road in Ramnagar; pedestrians wading carefully; shops placing sandbags.,2,Ankle-deep water slowing movement; manageable with precautions.,flood
sevlab-00985,Waist-deep brown floodwater submerging a highway stretch in Chowkidingee; water entering ground-floor homes; volunteers distributing water bottles.,4,Severe flooding with people trapped; immediate evacuation required.,flood
sevlab-00986,Hot sunny afternoon in Anna Nagar; people using umbrellas; streets active.,1,Minor waterlogging with no disruption to people or property.,heatwave
sevlab-00987,Damp market road in Khanpur after a shower; normal traffic; shops open.,1,Light impact visible; monitoring is sufficient for now.,flood
sevlab-00988,Damp low-lying colony in Sea Beach Road after a shower; normal traffic; shops open.,1,Minor waterlogging with no disruption to people or property.,flood
sevlab-00989,Bright harsh sunlight over a residential lane in T Nagar; normal crowd with sun protection.,1,Light impact visible; monitoring is sufficient for now.,heatwave
sevlab-00990,Waist-deep brown floodwater submerging a village street in Sitabuldi; water entering ground-floor homes; children sitting on a raised platform.,4,Severe flooding with people trapped; immediate evacuation required.,flood
sevlab-00991,Hot sunny afternoon in Bairgania; people using umbrellas; streets active.,1,Light impact visible; monitoring is sufficient for now.,heatwave
sevlab-00992,Ankle-deep waterlogging on a main road in Pipraich; two-wheelers moving slowly; power lines hanging low over the water.,2,Ankle-deep water slowing movement; manageable with precautions.,flood
sevlab-00993,Severe cyclone landfall near Pranpur; uprooted trees and electric poles; houses with roofs torn off; submerged hand-pumps and shops.,4,Severe flooding with people trapped; immediate evacuation required.,cyclone
sevlab-00994,Dark clouds gathering over Sherghati; rough sea; people moving indoors.,1,Light impact visible; monitoring is sufficient for now.,cyclone
sevlab-00995,Strong winds bending trees on a market road in Sitabuldi; rain lashing sideways.,2,Moderate disruption; vulnerable people should take care.,cyclone
sevlab-00996,Heavy rain and gusty winds in Santragachi; tin roofs rattling; an elderly couple watching from a balcony.,2,Noticeable impact but daily life continues with adjustments.,cyclone
sevlab-00997,Cyclonic storm hitting Tekari; fallen trees blocking the road; damaged shop signboards; power lines hanging low over the water.,3,Significant flooding; evacuation of low-lying homes advised.,cyclone
sevlab-00998,Knee-deep floodwater covering a low-lying colony in Salt Lake; residents wading with belongings; a rescue boat visible in the distance.,3,Water entering ground floors; relief assistance likely needed soon.,flood
sevlab-00999,Heavy rain and gusty winds in Santragachi; tin roofs rattling; children sitting on a raised platform.,2,Ankle-deep water slowing movement; manageable with precautions.,cyclone
sevlab-01000,Shin-deep rainwater on a riverside ghat in Dhamdaha; pedestrians wading carefully; shops placing sandbags.,2,Ankle-deep water slowing movement; manageable with precautions.,flood
sevlab-01001,Damp highway stretch in Bahadurpur after a shower; normal traffic; shops open.,1,Light impact visible; monitoring is sufficient for now.,flood
sevlab-01002,Damp highway stretch in Banmankhi after a shower; normal traffic; shops open.,1,"Mild conditions; situation under control, no urgent action needed.",flood
sevlab-01003,Knee-deep floodwater covering a market road in Lanka; residents wading with belongings; floating debris and household items.,3,Water entering ground floors; relief assistance likely needed soon.,flood
sevlab-01004,Knee-to-thigh deep water in a main road in Chakratirtha; ground floors flooded; people moving to upper floors.,3,Knee-deep water affecting homes and movement; vulnerable people at risk.,flood
sevlab-01005,Shin-deep rainwater on a school compound in Khanpur; pedestrians wading carefully; shops placing sandbags.,2,Moderate disruption; vulnerable people should take care.,flood
sevlab-01006,Intense heatwave in Chowk; nearly empty streets at noon; a man resting in shade showing heat exhaustion; a dog swimming across the lane.,3,Water entering ground floors; relief assistance likely needed soon.,heatwave
sevlab-01007,Overcast sky with strong winds in Baruraj; trees swaying; fishermen securing boats.,1,Minor waterlogging with no disruption to people or property.,cyclone
sevlab-01008,Light rainwater puddles on a school compound in Manpur; people walking normally with umbrellas; no disruption visible.,1,Minor waterlogging with no disruption to people or property.,flood
sevlab-01009,Damp main road in Banmankhi after a shower; normal traffic; shops open.,1,Minor waterlogging with no disruption to people or property.,flood
sevlab-01010,Very hot midday on a low-lying colony in Jale; shutters half-down; a dog swimming across the lane.,2,Moderate disruption; vulnerable people should take care.,heatwave
sevlab-01011,Very hot midday on a riverside ghat in Jale; shutters half-down; people carrying belongings on their heads.,2,Ankle-deep water slowing movement; manageable with precautions.,heatwave
sevlab-01012,Severe heatwave in Motihari Road; elderly person collapsed near a bus stop; bystanders giving water; an elderly couple watching from a balcony.,4,Severe flooding with people trapped; immediate evacuation required.,heatwave
sevlab-01013,Strong winds bending trees on a riverside ghat in Dum Dum; rain lashing sideways.,2,Noticeable impact but daily life continues with adjustments.,cyclone
sevlab-01014,Damp riverside ghat in Chakratirtha after a shower; normal traffic; shops open.,1,"Mild conditions; situation under control, no urgent action needed.",flood
sevlab-01015,Catastrophic cyclone devastation in Chowk; collapsed buildings; submerged streets; rescue teams evacuating residents; floating debris and household items.,5,Catastrophic conditions; large-scale emergency response needed.,cyclone
sevlab-01016,Chest-high water rising in a school compound in Pipraich; residents stranded on rooftops; power lines hanging low over the water.,4,Deep water across residential areas; critical rescue situation.,flood
sevlab-01017,Heavy rain and gusty winds in Maligaon; tin roofs rattling; people carrying belongings on their heads.,2,Ankle-deep water slowing movement; manageable with precautions.,cyclone
sevlab-01018,Very hot midday on a market road in Gomti Nagar; shutters half-down; a stranded auto-rickshaw half submerged.,2,Ankle-deep water slowing movement; manageable with precautions.,heatwave
sevlab-01019,Damp main road in Keoti after a shower; normal traffic; shops open.,1,Minor waterlogging with no disruption to people or property.,flood
sevlab-01020,Waist-deep brown floodwater submerging a riverside ghat in Kanti; water entering ground-floor homes; submerged hand-pumps and shops.,4,Deep water across residential areas; critical rescue situation.,flood
sevlab-01021,Knee-to-thigh deep water in a market road in Paltan Bazaar; ground floors flooded; people moving to upper floors.,3,Significant flooding; evacuation of low-lying homes advised.,flood
sevlab-01022,Damp residential lane in Tajpur after a shower; normal traffic; shops open.,1,Minor waterlogging with no disruption to people or property.,flood
sevlab-01023,Severe flooding in Bairgania; entire riverside ghat underwater; families on rooftops; volunteers distributing water bottles.,5,Life-threatening flooding with people stranded; immediate mass rescue required.,flood
sevlab-01024,Bright harsh sunlight over a main road in Godowlia; normal crowd with sun protection.,1,Light impact visible; monitoring is sufficient for now.,heatwave
sevlab-01025,Ankle-deep waterlogging on a residential lane in Jale; two-wheelers moving slowly; a stranded auto-rickshaw half submerged.,2,Moderate disruption; vulnerable people should take care.,flood
sevlab-01026,Chest-high water rising in a market road in Anna Nagar; residents stranded on rooftops; a dog swimming across the lane.,4,Deep water across residential areas; critical rescue situation.,flood
sevlab-01027,Shin-deep rainwater on a riverside ghat in Banmankhi; pedestrians wading carefully; shops placing sandbags.,2,Moderate disruption; vulnerable people should take care.,flood
sevlab-01028,Chest-high water rising in a village street in Motihari Road; residents stranded on rooftops; power lines hanging low over the water.,4,Severe flooding with people trapped; immediate evacuation required.,flood
sevlab-01029,Chest-high water rising in a residential lane in Sabour; residents stranded on rooftops; volunteers distributing water bottles.,4,Deep water across residential areas; critical rescue situation.,flood
sevlab-01030,Damp residential lane in Satyabadi after a shower; normal traffic; shops open.,1,Light impact visible; monitoring is sufficient for now.,flood
sevlab-01031,Knee-deep floodwater covering a residential lane in Mohaddipur; residents wading with belongings; volunteers distributing water bottles.,3,Water entering ground floors; relief assistance likely needed soon.,flood
sevlab-01032,Chest-high water rising in a residential lane in Uluberia; residents stranded on rooftops; floating debris and household items.,4,Waist-deep water entering homes; residents stranded; urgent rescue needed.,flood
sevlab-01033,Shin-deep rainwater on a residential lane in Ramnagar; pedestrians wading carefully; shops placing sandbags.,2,Moderate disruption; vulnerable people should take care.,flood
sevlab-01034,Chest-high water rising in a railway underpass in Ganeshguri; residents stranded on rooftops; an elderly couple watching from a balcony.,4,Severe flooding with people trapped; immediate evacuation required.,flood
sevlab-01035,Ankle-deep waterlogging on a market road in Rosera; two-wheelers moving slowly; a dog swimming across the lane.,2,Ankle-deep water slowing movement; manageable with precautions.,flood
sevlab-01036,Strong winds bending trees on a residential lane in Porur; rain lashing sideways.,2,Ankle-deep water slowing movement; manageable with precautions.,cyclone
sevlab-01037,Strong winds bending trees on a residential lane in Kamptee; rain lashing sideways.,2,Noticeable impact but daily life continues with adjustments.,cyclone
sevlab-01038,Knee-to-thigh deep water in a school compound in Kanti; ground floors flooded; people moving to upper floors.,3,Knee-deep water affecting homes and movement; vulnerable people at risk.,flood
sevlab-01039,Chest-high water rising in a residential lane in Gulabbagh; residents stranded on rooftops; a stranded auto-rickshaw half submerged.,4,Waist-deep water entering homes; residents stranded; urgent rescue needed.,flood
sevlab-01040,Strong winds bending trees on a low-lying colony in Mancotta; rain lashing sideways.,2,Noticeable impact but daily life continues with adjustments.,cyclone
sevlab-01041,Chest-high water rising in a school compound in Lalganj; residents stranded on rooftops; power lines hanging low over the water.,4,Severe flooding with people trapped; immediate evacuation required.,flood
sevlab-01042,Scorching heat in Sherghati market; vendors covering stalls with wet cloth; people drinking water frequently.,2,Ankle-deep water slowing movement; manageable with precautions.,heatwave
sevlab-01043,Light rainwater puddles on a bus stand in Anna Nagar; people walking normally with umbrellas; no disruption visible.,1,Light impact visible; monitoring is sufficient for now.,flood
sevlab-01044,Light rainwater puddles on a low-lying colony in Naugachia; people walking normally with umbrellas; no disruption visible.,1,Light impact visible; monitoring is sufficient for now.,flood
sevlab-01045,Light rainwater puddles on a main road in Chowkidingee; people walking normally with umbrellas; no disruption visible.,1,Minor waterlogging with no disruption to people or property.,flood
sevlab-01046,Knee-deep floodwater covering a market road in Dumra; residents wading with belongings; a rescue boat visible in the distance.,3,Water entering ground floors; relief assistance likely needed soon.,flood
sevlab-01047,Heavy rain and gusty winds in Patrakar Nagar; tin roofs rattling; a rescue boat visible in the distance.,2,Ankle-deep water slowing movement; manageable with precautions.,cyclone
sevlab-01048,Chest-high water rising in a village street in Belsand; residents stranded on rooftops; people carrying belongings on their heads.,4,Deep water across residential areas; critical rescue situation.,flood
sevlab-01049,Strong winds bending trees on a railway underpass in Aliganj; rain lashing sideways.,2,Moderate disruption; vulnerable people should take care.,cyclone
sevlab-01050,Damp school compound in Belsand after a shower; normal traffic; shops open.,1,"Mild conditions; situation under control, no urgent action needed.",flood
sevlab-01051,Massive storm surge flooding Liluah; boats washed onto roads; a rescue boat visible in the distance.,5,Life-threatening flooding with people stranded; immediate mass rescue required.,cyclone
sevlab-01052,Damp village street in T Nagar after a shower; normal traffic; shops open.,1,Minor waterlogging with no disruption to people or property.,flood
sevlab-01053,Severe winds in Gomti Nagar; uprooted small trees; waterlogging beginning.,3,Water entering ground floors; relief assistance likely needed soon.,cyclone
sevlab-01054,Dark clouds gathering over Laheriasarai; rough sea; people moving indoors.,1,Light impact visible; monitoring is sufficient for now.,cyclone
sevlab-01055,Damp market road in Raghopur after a shower; normal traffic; shops open.,1,Minor waterlogging with no disruption to people or property.,flood
sevlab-01056,Chest-deep fast-flowing floodwater across Ashok Rajpath; houses partially submerged with only roofs visible; people stranded on rooftops waving for help; volunteers distributing water bottles.,5,Extreme danger to life; highest-priority rescue operation.,flood
sevlab-01057,Heavy rain and gusty winds in Bairgania; tin roofs rattling; volunteers distributing water bottles.,2,Moderate disruption; vulnerable people should take care.,cyclone
sevlab-01058,Cyclonic storm hitting Chandmari; fallen trees blocking the road; damaged shop signboards; volunteers distributing water bottles.,3,Significant flooding; evacuation of low-lying homes advised.,cyclone
sevlab-01059,Damp main road in Aliganj after a shower; normal traffic; shops open.,1,"Mild conditions; situation under control, no urgent action needed.",flood
sevlab-01060,Knee-to-thigh deep water in a low-lying colony in Bairgania; ground floors flooded; people moving to upper floors.,3,Water entering ground floors; relief assistance likely needed soon.,flood
sevlab-01061,Catastrophic cyclone devastation in Bairgania; collapsed buildings; submerged streets; rescue teams evacuating residents; people carrying belongings on their heads.,5,Catastrophic conditions; large-scale emergency response needed.,cyclone
sevlab-01062,Strong winds bending trees on a market road in Danapur; rain lashing sideways.,2,Ankle-deep water slowing movement; manageable with precautions.,cyclone
sevlab-01063,Knee-deep floodwater covering a market road in Pandeypur; residents wading with belongings; volunteers distributing water bottles.,3,Significant flooding; evacuation of low-lying homes advised.,flood
sevlab-01064,Heavy rain and gusty winds in Pusa; tin roofs rattling; submerged hand-pumps and shops.,2,Moderate disruption; vulnerable people should take care.,cyclone
sevlab-01065,Ankle-deep waterlogging on a railway underpass in Sahebganj; two-wheelers moving slowly; an elderly couple watching from a balcony.,2,Noticeable impact but daily life continues with adjustments.,flood
sevlab-01066,Very hot midday on a highway stretch in Pandeypur; shutters half-down; a rescue boat visible in the distance.,2,Moderate disruption; vulnerable people should take care.,heatwave
sevlab-01067,Damp highway stretch in Anna Nagar after a shower; normal traffic; shops open.,1,"Mild conditions; situation under control, no urgent action needed.",flood
sevlab-01068,Destructive winds battering Pupri; collapsed boundary walls; streets flooded.,4,Waist-deep water entering homes; residents stranded; urgent rescue needed.,cyclone
sevlab-01069,Scorching heat in Dhamdaha market; vendors covering stalls with wet cloth; people drinking water frequently.,2,Ankle-deep water slowing movement; manageable with precautions.,heatwave
sevlab-01070,Shin-deep rainwater on a school compound in Adyar; pedestrians wading carefully; shops placing sandbags.,2,Noticeable impact but daily life continues with adjustments.,flood
sevlab-01071,Overcast sky with strong winds in Phulwari Sharif; trees swaying; fishermen securing boats.,1,Minor waterlogging with no disruption to people or property.,cyclone
sevlab-01072,Severe winds in Sea Beach Road; uprooted small trees; waterlogging beginning.,3,Significant flooding; evacuation of low-lying homes advised.,cyclone
sevlab-01073,Overcast sky with strong winds in Hingna; trees swaying; fishermen securing boats.,1,"Mild conditions; situation under control, no urgent action needed.",cyclone
sevlab-01074,Very hot midday on a main road in Ganeshguri; shutters half-down; power lines hanging low over the water.,2,Ankle-deep water slowing movement; manageable with precautions.,heatwave
sevlab-01075,Damp railway underpass in Belaganj after a shower; normal traffic; shops open.,1,"Mild conditions; situation under control, no urgent action needed.",flood
sevlab-01076,Damp market road in Pupri after a shower; normal traffic; shops open.,1,Light impact visible; monitoring is sufficient for now.,flood
sevlab-01077,Shin-deep rainwater on a low-lying colony in Kadwa; pedestrians wading carefully; shops placing sandbags.,2,Moderate disruption; vulnerable people should take care.,flood
sevlab-01078,Light rainwater puddles on a residential lane in Digha; people walking normally with umbrellas; no disruption visible.,1,Light impact visible; monitoring is sufficient for now.,flood
sevlab-01079,Scorching heat in Uluberia market; vendors covering stalls with wet cloth; people drinking water frequently.,2,Moderate disruption; vulnerable people should take care.,heatwave
sevlab-01080,Knee-deep floodwater covering a bus stand in Phulwari Sharif; residents wading with belongings; a stranded auto-rickshaw half submerged.,3,Water entering ground floors; relief assistance likely needed soon.,flood
sevlab-01081,Chest-high water rising in a bus stand in Pandeypur; residents stranded on rooftops; submerged hand-pumps and shops.,4,Deep water across residential areas; critical rescue situation.,flood
sevlab-01082,Chest-high water rising in a school compound in Gulabbagh; residents stranded on rooftops; an elderly couple watching from a balcony.,4,Deep water across residential areas; critical rescue situation.,flood
sevlab-01083,Catastrophic cyclone devastation in Dharampeth; collapsed buildings; submerged streets; rescue teams evacuating residents; power lines hanging low over the water.,5,Extreme danger to life; highest-priority rescue operation.,cyclone
sevlab-01084,Extreme heat in Tekari; thermometer reading dangerously high; streets deserted.,4,Waist-deep water entering homes; residents stranded; urgent rescue needed.,heatwave
sevlab-01085,Light rainwater puddles on a market road in Sea Beach Road; people walking normally with umbrellas; no disruption visible.,1,Light impact visible; monitoring is sufficient for now.,flood
sevlab-01086,Shin-deep rainwater on a market road in Kankarbagh; pedestrians wading carefully; shops placing sandbags.,2,Moderate disruption; vulnerable people should take care.,flood
sevlab-01087,Bright harsh sunlight over a low-lying colony in Danapur; normal crowd with sun protection.,1,Light impact visible; monitoring is sufficient for now.,heatwave
sevlab-01088,Intense heatwave in Mahnar; nearly empty streets at noon; a man resting in shade showing heat exhaustion; a stranded auto-rickshaw half submerged.,3,Water entering ground floors; relief assistance likely needed soon.,heatwave
sevlab-01089,Cyclonic storm hitting Tilkamanjhi; fallen trees blocking the road; damaged shop signboards; a rescue boat visible in the distance.,3,Knee-deep water affecting homes and movement; vulnerable people at risk.,cyclone
sevlab-01090,Very hot midday on a highway stretch in Chandmari; shutters half-down; power lines hanging low over the water.,2,Ankle-deep water slowing movement; manageable with precautions.,heatwave
sevlab-01091,Light rainwater puddles on a low-lying colony in Jale; people walking normally with umbrellas; no disruption visible.,1,Minor waterlogging with no disruption to people or property.,flood
sevlab-01092,Chest-deep fast-flowing floodwater across Baruraj; houses partially submerged with only roofs visible; people stranded on rooftops waving for help; people carrying belongings on their heads.,5,Catastrophic conditions; large-scale emergency response needed.,flood
sevlab-01093,Waist-deep brown floodwater submerging a village street in Mahnar; water entering ground-floor homes; a rescue boat visible in the distance.,4,Deep water across residential areas; critical rescue situation.,flood
sevlab-01094,Knee-deep floodwater covering a market road in Chakratirtha; residents wading with belongings; a rescue boat visible in the distance.,3,Knee-deep water affecting homes and movement; vulnerable people at risk.,flood
sevlab-01095,Chest-high water rising in a school compound in Sahebganj; residents stranded on rooftops; a dog swimming across the lane.,4,Deep water across residential areas; critical rescue situation.,flood
sevlab-01096,Knee-deep floodwater covering a railway underpass in Gandhi Maidan; residents wading with belongings; a rescue boat visible in the distance.,3,Significant flooding; evacuation of low-lying homes advised.,flood
sevlab-01097,Severe flooding in Santragachi; entire low-lying colony underwater; families on rooftops; children sitting on a raised platform.,5,Extreme danger to life; highest-priority rescue operation.,flood
sevlab-01098,Waist-deep brown floodwater submerging a main road in Sahebganj; water entering ground-floor homes; a stranded auto-rickshaw half submerged.,4,Waist-deep water entering homes; residents stranded; urgent rescue needed.,flood
sevlab-01099,Overcast sky with strong winds in Rupauli; trees swaying; fishermen securing boats.,1,"Mild conditions; situation under control, no urgent action needed.",cyclone
sevlab-01100,Ankle-deep waterlogging on a village street in Jale; two-wheelers moving slowly; people carrying belongings on their heads.,2,Noticeable impact but daily life continues with adjustments.,flood
sevlab-01101,Light rainwater puddles on a school compound in Bahadurpur; people walking normally with umbrellas; no disruption visible.,1,Light impact visible; monitoring is sufficient for now.,flood
sevlab-01102,Heavy rain and gusty winds in Dalsinghsarai; tin roofs rattling; floating debris and household items.,2,Ankle-deep water slowing movement; manageable with precautions.,cyclone
sevlab-01103,Light rainwater puddles on a riverside ghat in Hingna; people walking normally with umbrellas; no disruption visible.,1,"Mild conditions; situation under control, no urgent action needed.",flood
sevlab-01104,Severe heatwave in Banmankhi; elderly person collapsed near a bus stop; bystanders giving water; an elderly couple watching from a balcony.,4,Waist-deep water entering homes; residents stranded; urgent rescue needed.,heatwave
sevlab-01105,Knee-deep floodwater covering a highway stretch in Naliapool; residents wading with belongings; an elderly couple watching from a balcony.,3,Significant flooding; evacuation of low-lying homes advised.,flood
sevlab-01106,Very hot midday on a highway stretch in Pupri; shutters half-down; a rescue boat visible in the distance.,2,Ankle-deep water slowing movement; manageable with precautions.,heatwave
sevlab-01107,Light rainwater puddles on a riverside ghat in Behala; people walking normally with umbrellas; no disruption visible.,1,Light impact visible; monitoring is sufficient for now.,flood
sevlab-01108,Damp village street in Kamptee after a shower; normal traffic; shops open.,1,"Mild conditions; situation under control, no urgent action needed.",flood
sevlab-01109,Light rainwater puddles on a railway underpass in Talabania; people walking normally with umbrellas; no disruption visible.,1,"Mild conditions; situation under control, no urgent action needed.",flood
sevlab-01110,Chest-high water rising in a bus stand in Pusa; residents stranded on rooftops; children sitting on a raised platform.,4,Severe flooding with people trapped; immediate evacuation required.,flood
sevlab-01111,Shin-deep rainwater on a village street in Kanti; pedestrians wading carefully; shops placing sandbags.,2,Moderate disruption; vulnerable people should take care.,flood
sevlab-01112,Waist-deep brown floodwater submerging a riverside ghat in Banmankhi; water entering ground-floor homes; children sitting on a raised platform.,4,Deep water across residential areas; critical rescue situation.,flood
sevlab-01113,Shin-deep rainwater on a village street in Velachery; pedestrians wading carefully; shops placing sandbags.,2,Noticeable impact but daily life continues with adjustments.,flood
sevlab-01114,Shin-deep rainwater on a residential lane in Patrakar Nagar; pedestrians wading carefully; shops placing sandbags.,2,Noticeable impact but daily life continues with adjustments.,flood
sevlab-01115,Knee-to-thigh deep water in a school compound in Howrah Bridge; ground floors flooded; people moving to upper floors.,3,Knee-deep water affecting homes and movement; vulnerable people at risk.,flood
sevlab-01116,Light rainwater puddles on a bus stand in Khanpur; people walking normally with umbrellas; no disruption visible.,1,"Mild conditions; situation under control, no urgent action needed.",flood
sevlab-01117,Dark clouds gathering over Hingna; rough sea; people moving indoors.,1,Light impact visible; monitoring is sufficient for now.,cyclone
sevlab-01118,Light rainwater puddles on a village street in Gomti Nagar; people walking normally with umbrellas; no disruption visible.,1,Minor waterlogging with no disruption to people or property.,flood
sevlab-01119,Hot sunny afternoon in Adyar; people using umbrellas; streets active.,1,Light impact visible; monitoring is sufficient for now.,heatwave
sevlab-01120,Knee-deep floodwater covering a residential lane in Chakratirtha; residents wading with belongings; a stranded auto-rickshaw half submerged.,3,Significant flooding; evacuation of low-lying homes advised.,flood
sevlab-01121,Dark clouds gathering over Tajpur; rough sea; people moving indoors.,1,Minor waterlogging with no disruption to people or property.,cyclone
sevlab-01122,Destructive winds battering Hingna; collapsed boundary walls; streets flooded.,4,Severe flooding with people trapped; immediate evacuation required.,cyclone
sevlab-01123,Ankle-deep waterlogging on a railway underpass in Chowkidingee; two-wheelers moving slowly; submerged hand-pumps and shops.,2,Noticeable impact but daily life continues with adjustments.,flood
sevlab-01124,Strong winds bending trees on a school compound in Rosera; rain lashing sideways.,2,Ankle-deep water slowing movement; manageable with precautions.,cyclone
sevlab-01125,Intense heatwave in Beltola; nearly empty streets at noon; a man resting in shade showing heat exhaustion; children sitting on a raised platform.,3,Knee-deep water affecting homes and movement; vulnerable people at risk.,heatwave
sevlab-01126,Light rainwater puddles on a market road in Satyabadi; people walking normally with umbrellas; no disruption visible.,1,Minor waterlogging with no disruption to people or property.,flood
sevlab-01127,Strong winds bending trees on a residential lane in Aliganj; rain lashing sideways.,2,Noticeable impact but daily life continues with adjustments.,cyclone
sevlab-01128,Knee-to-thigh deep water in a school compound in Kushmi; ground floors flooded; people moving to upper floors.,3,Significant flooding; evacuation of low-lying homes advised.,flood
sevlab-01129,Blazing heat over Lanka; cracked dry ground; labourers resting under a tree.,3,Knee-deep water affecting homes and movement; vulnerable people at risk.,heatwave
sevlab-01130,Severe flooding in Tekari; entire bus stand underwater; families on rooftops; a dog swimming across the lane.,5,Extreme danger to life; highest-priority rescue operation.,flood
sevlab-01131,Damp riverside ghat in Manewada after a shower; normal traffic; shops open.,1,"Mild conditions; situation under control, no urgent action needed.",flood
sevlab-01132,Damp low-lying colony in Gomti Nagar after a shower; normal traffic; shops open.,1,Light impact visible; monitoring is sufficient for now.,flood
sevlab-01133,Shin-deep rainwater on a main road in Dhamdaha; pedestrians wading carefully; shops placing sandbags.,2,Moderate disruption; vulnerable people should take care.,flood
sevlab-01134,Severe heatwave in Sahebganj; elderly person collapsed near a bus stop; bystanders giving water; power lines hanging low over the water.,4,Deep water across residential areas; critical rescue situation.,heatwave
sevlab-01135,Waist-deep brown floodwater submerging a highway stretch in Liluah; water entering ground-floor homes; volunteers distributing water bottles.,4,Waist-deep water entering homes; residents stranded; urgent rescue needed.,flood
sevlab-01136,Light rainwater puddles on a village street in Kanti; people walking normally with umbrellas; no disruption visible.,1,Light impact visible; monitoring is sufficient for now.,flood
sevlab-01137,Light rainwater puddles on a bus stand in Maligaon; people walking normally with umbrellas; no disruption visible.,1,Minor waterlogging with no disruption to people or property.,flood
sevlab-01138,Severe cyclone landfall near Mohaddipur; uprooted trees and electric poles; houses with roofs torn off; an elderly couple watching from a balcony.,4,Waist-deep water entering homes; residents stranded; urgent rescue needed.,cyclone
sevlab-01139,Dark clouds gathering over T Nagar; rough sea; people moving indoors.,1,Minor waterlogging with no disruption to people or property.,cyclone
sevlab-01140,Damp bus stand in Golghar after a shower; normal traffic; shops open.,1,"Mild conditions; situation under control, no urgent action needed.",flood
sevlab-01141,Light rainwater puddles on a residential lane in Gandhi Maidan; people walking normally with umbrellas; no disruption visible.,1,Light impact visible; monitoring is sufficient for now.,flood
sevlab-01142,Shin-deep rainwater on a main road in Boring Road; pedestrians wading carefully; shops placing sandbags.,2,Moderate disruption; vulnerable people should take care.,flood
sevlab-01143,Chest-deep fast-flowing floodwater across Dalsinghsarai; houses partially submerged with only roofs visible; people stranded on rooftops waving for help; a dog swimming across the lane.,5,Life-threatening flooding with people stranded; immediate mass rescue required.,flood
sevlab-01144,Damp residential lane in Laheriasarai after a shower; normal traffic; shops open.,1,Light impact visible; monitoring is sufficient for now.,flood
sevlab-01145,Shin-deep rainwater on a residential lane in Naliapool; pedestrians wading carefully; shops placing sandbags.,2,Noticeable impact but daily life continues with adjustments.,flood
sevlab-01146,Ankle-deep waterlogging on a bus stand in Pusa; two-wheelers moving slowly; a rescue boat visible in the distance.,2,Ankle-deep water slowing movement; manageable with precautions.,flood
sevlab-01147,Knee-deep floodwater covering a main road in Manihari; residents wading with belongings; a stranded auto-rickshaw half submerged.,3,Water entering ground floors; relief assistance likely needed soon.,flood
sevlab-01148,Strong winds bending trees on a bus stand in Pupri; rain lashing sideways.,2,Noticeable impact but daily life continues with adjustments.,cyclone
sevlab-01149,Knee-deep floodwater covering a village street in Raghopur; residents wading with belongings; floating debris and household items.,3,Significant flooding; evacuation of low-lying homes advised.,flood
sevlab-01150,Strong winds bending trees on a village street in Dharampeth; rain lashing sideways.,2,Noticeable impact but daily life continues with adjustments.,cyclone
sevlab-01151,Scorching heat in Kursela market; vendors covering stalls with wet cloth; people drinking water frequently.,2,Noticeable impact but daily life continues with adjustments.,heatwave
sevlab-01152,Light rainwater puddles on a residential lane in Mushahari; people walking normally with umbrellas; no disruption visible.,1,"Mild conditions; situation under control, no urgent action needed.",flood
sevlab-01153,Very hot midday on a main road in Motihari Road; shutters half-down; volunteers distributing water bottles.,2,Noticeable impact but daily life continues with adjustments.,heatwave
sevlab-01154,Knee-deep floodwater covering a market road in Kushmi; residents wading with belongings; a dog swimming across the lane.,3,Water entering ground floors; relief assistance likely needed soon.,flood
sevlab-01155,Shin-deep rainwater on a school compound in Sultanganj; pedestrians wading carefully; shops placing sandbags.,2,Ankle-deep water slowing movement; manageable with precautions.,flood
sevlab-01156,Chest-high water rising in a market road in Sealdah; residents stranded on rooftops; floating debris and household items.,4,Waist-deep water entering homes; residents stranded; urgent rescue needed.,flood
sevlab-01157,Light rainwater puddles on a low-lying colony in Mahnar; people walking normally with umbrellas; no disruption visible.,1,Light impact visible; monitoring is sufficient for now.,flood
sevlab-01158,Dark clouds gathering over Kursela; rough sea; people moving indoors.,1,"Mild conditions; situation under control, no urgent action needed.",cyclone
sevlab-01159,Heavy rain and gusty winds in Baruraj; tin roofs rattling; a stranded auto-rickshaw half submerged.,2,Moderate disruption; vulnerable people should take care.,cyclone
sevlab-01160,Intense heatwave in Naliapool; nearly empty streets at noon; a man resting in shade showing heat exhaustion; power lines hanging low over the water.,3,Significant flooding; evacuation of low-lying homes advised.,heatwave
sevlab-01161,Knee-deep floodwater covering a village street in Pupri; residents wading with belongings; submerged hand-pumps and shops.,3,Water entering ground floors; relief assistance likely needed soon.,flood
sevlab-01162,Damp low-lying colony in T Nagar after a shower; normal traffic; shops open.,1,Minor waterlogging with no disruption to people or property.,flood
sevlab-01163,Scorching heat in Bally market; vendors covering stalls with wet cloth; people drinking water frequently.,2,Moderate disruption; vulnerable people should take care.,heatwave
sevlab-01164,Waist-deep brown floodwater submerging a low-lying colony in Sultanganj; water entering ground-floor homes; a stranded auto-rickshaw half submerged.,4,Deep water across residential areas; critical rescue situation.,flood
sevlab-01165,Knee-deep floodwater covering a bus stand in Tilkamanjhi; residents wading with belongings; submerged hand-pumps and shops.,3,Significant flooding; evacuation of low-lying homes advised.,flood
sevlab-01166,Bright harsh sunlight over a village street in Mushahari; normal crowd with sun protection.,1,"Mild conditions; situation under control, no urgent action needed.",heatwave
sevlab-01167,Damp highway stretch in Liluah after a shower; normal traffic; shops open.,1,Minor waterlogging with no disruption to people or property.,flood
sevlab-01168,Waist-deep brown floodwater submerging a low-lying colony in Kahalgaon; water entering ground-floor homes; an elderly couple watching from a balcony.,4,Severe flooding with people trapped; immediate evacuation required.,flood
sevlab-01169,Ankle-deep waterlogging on a school compound in Bodh Gaya; two-wheelers moving slowly; a dog swimming across the lane.,2,Moderate disruption; vulnerable people should take care.,flood
sevlab-01170,Damp bus stand in Naugachia after a shower; normal traffic; shops open.,1,Light impact visible; monitoring is sufficient for now.,flood
sevlab-01171,Shin-deep rainwater on a residential lane in Kanti; pedestrians wading carefully; shops placing sandbags.,2,Ankle-deep water slowing movement; manageable with precautions.,flood
sevlab-01172,Ankle-deep waterlogging on a highway stretch in Aliganj; two-wheelers moving slowly; people carrying belongings on their heads.,2,Ankle-deep water slowing movement; manageable with precautions.,flood
sevlab-01173,Scorching heat in Gomti Nagar market; vendors covering stalls with wet cloth; people drinking water frequently.,2,Ankle-deep water slowing movement; manageable with precautions.,heatwave
sevlab-01174,Chest-deep fast-flowing floodwater across Mohanbari; houses partially submerged with only roofs visible; people stranded on rooftops waving for help; a rescue boat visible in the distance.,5,Extreme danger to life; highest-priority rescue operation.,flood
sevlab-01175,Shin-deep rainwater on a bus stand in Bahadurpur; pedestrians wading carefully; shops placing sandbags.,2,Noticeable impact but daily life continues with adjustments.,flood
sevlab-01176,Ankle-deep waterlogging on a village street in Hingna; two-wheelers moving slowly; children sitting on a raised platform.,2,Ankle-deep water slowing movement; manageable with precautions.,flood
sevlab-01177,Heavy rain and gusty winds in Dalsinghsarai; tin roofs rattling; an elderly couple watching from a balcony.,2,Noticeable impact but daily life continues with adjustments.,cyclone
sevlab-01178,Ankle-deep waterlogging on a riverside ghat in Talabania; two-wheelers moving slowly; children sitting on a raised platform.,2,Ankle-deep water slowing movement; manageable with precautions.,flood
sevlab-01179,Light rainwater puddles on a low-lying colony in Anna Nagar; people walking normally with umbrellas; no disruption visible.,1,"Mild conditions; situation under control, no urgent action needed.",flood
sevlab-01180,Dark clouds gathering over Godowlia; rough sea; people moving indoors.,1,Minor waterlogging with no disruption to people or property.,cyclone
sevlab-01181,Shin-deep rainwater on a residential lane in Raghopur; pedestrians wading carefully; shops placing sandbags.,2,Noticeable impact but daily life continues with adjustments.,flood
sevlab-01182,Chest-high water rising in a riverside ghat in Kasba; residents stranded on rooftops; a rescue boat visible in the distance.,4,Severe flooding with people trapped; immediate evacuation required.,flood
sevlab-01183,Shin-deep rainwater on a railway underpass in Liluah; pedestrians wading carefully; shops placing sandbags.,2,Noticeable impact but daily life continues with adjustments.,flood
sevlab-01184,Light rainwater puddles on a main road in Dalsinghsarai; people walking normally with umbrellas; no disruption visible.,1,Minor waterlogging with no disruption to people or property.,flood
sevlab-01185,Hot sunny afternoon in Ganeshguri; people using umbrellas; streets active.,1,"Mild conditions; situation under control, no urgent action needed.",heatwave
sevlab-01186,Chest-high water rising in a main road in Dalsinghsarai; residents stranded on rooftops; a stranded auto-rickshaw half submerged.,4,Waist-deep water entering homes; residents stranded; urgent rescue needed.,flood
sevlab-01187,Overcast sky with strong winds in Velachery; trees swaying; fishermen securing boats.,1,Light impact visible; monitoring is sufficient for now.,cyclone
sevlab-01188,Severe winds in Naliapool; uprooted small trees; waterlogging beginning.,3,Significant flooding; evacuation of low-lying homes advised.,cyclone
sevlab-01189,Knee-deep floodwater covering a low-lying colony in Sea Beach Road; residents wading with belongings; a dog swimming across the lane.,3,Water entering ground floors; relief assistance likely needed soon.,flood
sevlab-01190,Knee-to-thigh deep water in a residential lane in Mithapur; ground floors flooded; people moving to upper floors.,3,Knee-deep water affecting homes and movement; vulnerable people at risk.,flood
sevlab-01191,Severe flooding in Belsand; entire bus stand underwater; families on rooftops; people carrying belongings on their heads.,5,Life-threatening flooding with people stranded; immediate mass rescue required.,flood
sevlab-01192,Overcast sky with strong winds in Benipur; trees swaying; fishermen securing boats.,1,Minor waterlogging with no disruption to people or property.,cyclone
sevlab-01193,Strong winds bending trees on a riverside ghat in Pandeypur; rain lashing sideways.,2,Moderate disruption; vulnerable people should take care.,cyclone
sevlab-01194,Shin-deep rainwater on a village street in Sitabuldi; pedestrians wading carefully; shops placing sandbags.,2,Ankle-deep water slowing movement; manageable with precautions.,flood
sevlab-01195,Knee-deep floodwater covering a residential lane in Pandeypur; residents wading with belongings; an elderly couple watching from a balcony.,3,Significant flooding; evacuation of low-lying homes advised.,flood
sevlab-01196,Knee-deep floodwater covering a railway underpass in Mahnar; residents wading with belongings; a dog swimming across the lane.,3,Significant flooding; evacuation of low-lying homes advised.,flood
sevlab-01197,Extreme heat in Aminabad; thermometer reading dangerously high; streets deserted.,4,Severe flooding with people trapped; immediate evacuation required.,heatwave
sevlab-01198,Chest-high water rising in a village street in Tajpur; residents stranded on rooftops; floating debris and household items.,4,Deep water across residential areas; critical rescue situation.,flood
sevlab-01199,Dark clouds gathering over Sursand; rough sea; people moving indoors.,1,Minor waterlogging with no disruption to people or property.,cyclone
sevlab-01200,Shin-deep rainwater on a low-lying colony in Chowkidingee; pedestrians wading carefully; shops placing sandbags.,2,Moderate disruption; vulnerable people should take care.,flood
sevlab-01201,Intense heatwave in Sabour; nearly empty streets at noon; a man resting in shade showing heat exhaustion; floating debris and household items.,3,Significant flooding; evacuation of low-lying homes advised.,heatwave
sevlab-01202,Strong winds bending trees on a main road in Rosera; rain lashing sideways.,2,Ankle-deep water slowing movement; manageable with precautions.,cyclone
sevlab-01203,Heavy rain and gusty winds in Sabour; tin roofs rattling; children sitting on a raised platform.,2,Ankle-deep water slowing movement; manageable with precautions.,cyclone
sevlab-01204,Shin-deep rainwater on a bus stand in Chakratirtha; pedestrians wading carefully; shops placing sandbags.,2,Noticeable impact but daily life continues with adjustments.,flood
sevlab-01205,Waist-deep brown floodwater submerging a village street in Pupri; water entering ground-floor homes; a dog swimming across the lane.,4,Deep water across residential areas; critical rescue situation.,flood
sevlab-01206,Intense heatwave in Tilkamanjhi; nearly empty streets at noon; a man resting in shade showing heat exhaustion; floating debris and household items.,3,Water entering ground floors; relief assistance likely needed soon.,heatwave
sevlab-01207,Heavy rain and gusty winds in Patrakar Nagar; tin roofs rattling; children sitting on a raised platform.,2,Moderate disruption; vulnerable people should take care.,cyclone
sevlab-01208,Blazing heat over Dalsinghsarai; cracked dry ground; labourers resting under a tree.,3,Significant flooding; evacuation of low-lying homes advised.,heatwave
sevlab-01209,Ankle-deep waterlogging on a school compound in Pranpur; two-wheelers moving slowly; people carrying belongings on their heads.,2,Noticeable impact but daily life continues with adjustments.,flood
sevlab-01210,Blazing heat over Aminabad; cracked dry ground; labourers resting under a tree.,3,Water entering ground floors; relief assistance likely needed soon.,heatwave
sevlab-01211,Knee-deep floodwater covering a school compound in Bairgania; residents wading with belongings; children sitting on a raised platform.,3,Water entering ground floors; relief assistance likely needed soon.,flood
sevlab-01212,Severe flooding in Howrah Bridge; entire residential lane underwater; families on rooftops; submerged hand-pumps and shops.,5,Life-threatening flooding with people stranded; immediate mass rescue required.,flood
sevlab-01213,Knee-to-thigh deep water in a riverside ghat in Maligaon; ground floors flooded; people moving to upper floors.,3,Water entering ground floors; relief assistance likely needed soon.,flood
sevlab-01214,Chest-high water rising in a highway stretch in Keoti; residents stranded on rooftops; submerged hand-pumps and shops.,4,Waist-deep water entering homes; residents stranded; urgent rescue needed.,flood
sevlab-01215,Heavy rain and gusty winds in Sealdah; tin roofs rattling; a dog swimming across the lane.,2,Moderate disruption; vulnerable people should take care.,cyclone
sevlab-01216,Shin-deep rainwater on a bus stand in Manewada; pedestrians wading carefully; shops placing sandbags.,2,Noticeable impact but daily life continues with adjustments.,flood
sevlab-01217,Strong winds bending trees on a bus stand in Porur; rain lashing sideways.,2,Noticeable impact but daily life continues with adjustments.,cyclone
sevlab-01218,Light rainwater puddles on a market road in Sabour; people walking normally with umbrellas; no disruption visible.,1,"Mild conditions; situation under control, no urgent action needed.",flood
sevlab-01219,Bright harsh sunlight over a main road in Manihari; normal crowd with sun protection.,1,Light impact visible; monitoring is sufficient for now.,heatwave
sevlab-01220,Shin-deep rainwater on a highway stretch in Golghar; pedestrians wading carefully; shops placing sandbags.,2,Ankle-deep water slowing movement; manageable with precautions.,flood
sevlab-01221,Light rainwater puddles on a residential lane in Velachery; people walking normally with umbrellas; no disruption visible.,1,"Mild conditions; situation under control, no urgent action needed.",flood
sevlab-01222,Knee-deep floodwater covering a school compound in Pandeypur; residents wading with belongings; a dog swimming across the lane.,3,Knee-deep water affecting homes and movement; vulnerable people at risk.,flood
sevlab-01223,Knee-deep floodwater covering a market road in Kursela; residents wading with belongings; an elderly couple watching from a balcony.,3,Water entering ground floors; relief assistance likely needed soon.,flood
sevlab-01224,Light rainwater puddles on a village street in Velachery; people walking normally with umbrellas; no disruption visible.,1,Minor waterlogging with no disruption to people or property.,flood
sevlab-01225,Ankle-deep waterlogging on a market road in Tekari; two-wheelers moving slowly; an elderly couple watching from a balcony.,2,Moderate disruption; vulnerable people should take care.,flood
sevlab-01226,Chest-deep fast-flowing floodwater across Godowlia; houses partially submerged with only roofs visible; people stranded on rooftops waving for help; a stranded auto-rickshaw half submerged.,5,Life-threatening flooding with people stranded; immediate mass rescue required.,flood
sevlab-01227,Knee-deep floodwater covering a residential lane in Delang; residents wading with belongings; a stranded auto-rickshaw half submerged.,3,Significant flooding; evacuation of low-lying homes advised.,flood
sevlab-01228,Heavy rain and gusty winds in Laheriasarai; tin roofs rattling; a rescue boat visible in the distance.,2,Noticeable impact but daily life continues with adjustments.,cyclone
sevlab-01229,Damp highway stretch in Bairgania after a shower; normal traffic; shops open.,1,"Mild conditions; situation under control, no urgent action needed.",flood
sevlab-01230,Knee-deep floodwater covering a school compound in Pusa; residents wading with belongings; children sitting on a raised platform.,3,Water entering ground floors; relief assistance likely needed soon.,flood
sevlab-01231,Chest-deep fast-flowing floodwater across Laheriasarai; houses partially submerged with only roofs visible; people stranded on rooftops waving for help; a stranded auto-rickshaw half submerged.,5,Extreme danger to life; highest-priority rescue operation.,flood
sevlab-01232,Severe heatwave in Indira Nagar; elderly person collapsed near a bus stop; bystanders giving water; children sitting on a raised platform.,4,Deep water across residential areas; critical rescue situation.,heatwave
sevlab-01233,Damp residential lane in Keoti after a shower; normal traffic; shops open.,1,Minor waterlogging with no disruption to people or property.,flood
sevlab-01234,Waist-deep brown floodwater submerging a bus stand in Manpur; water entering ground-floor homes; volunteers distributing water bottles.,4,Severe flooding with people trapped; immediate evacuation required.,flood
sevlab-01235,Dark clouds gathering over Ramnagar; rough sea; people moving indoors.,1,"Mild conditions; situation under control, no urgent action needed.",cyclone
sevlab-01236,Ankle-deep waterlogging on a riverside ghat in Banmankhi; two-wheelers moving slowly; submerged hand-pumps and shops.,2,Ankle-deep water slowing movement; manageable with precautions.,flood
sevlab-01237,Shin-deep rainwater on a low-lying colony in Howrah Bridge; pedestrians wading carefully; shops placing sandbags.,2,Moderate disruption; vulnerable people should take care.,flood
sevlab-01238,Blazing heat over Bahadurpur; cracked dry ground; labourers resting under a tree.,3,Knee-deep water affecting homes and movement; vulnerable people at risk.,heatwave
sevlab-01239,Knee-to-thigh deep water in a school compound in Dumra; ground floors flooded; people moving to upper floors.,3,Significant flooding; evacuation of low-lying homes advised.,flood
sevlab-01240,Shin-deep rainwater on a low-lying colony in Pranpur; pedestrians wading carefully; shops placing sandbags.,2,Noticeable impact but daily life continues with adjustments.,flood
sevlab-01241,Strong winds bending trees on a residential lane in Sahjanwa; rain lashing sideways.,2,Noticeable impact but daily life continues with adjustments.,cyclone
sevlab-01242,Waist-deep brown floodwater submerging a school compound in Pusa; water entering ground-floor homes; people carrying belongings on their heads.,4,Severe flooding with people trapped; immediate evacuation required.,flood
sevlab-01243,Knee-deep floodwater covering a main road in Dharampeth; residents wading with belongings; an elderly couple watching from a balcony.,3,Significant flooding; evacuation of low-lying homes advised.,flood
sevlab-01244,Knee-deep floodwater covering a market road in Bahadurpur; residents wading with belongings; an elderly couple watching from a balcony.,3,Water entering ground floors; relief assistance likely needed soon.,flood
sevlab-01245,Severe heatwave in Indira Nagar; elderly person collapsed near a bus stop; bystanders giving water; submerged hand-pumps and shops.,4,Severe flooding with people trapped; immediate evacuation required.,heatwave
sevlab-01246,Scorching heat in Godowlia market; vendors covering stalls with wet cloth; people drinking water frequently.,2,Moderate disruption; vulnerable people should take care.,heatwave
sevlab-01247,Cyclonic storm hitting Tajpur; fallen trees blocking the road; damaged shop signboards; floating debris and household items.,3,Knee-deep water affecting homes and movement; vulnerable people at risk.,cyclone
sevlab-01248,Dark clouds gathering over Tilkamanjhi; rough sea; people moving indoors.,1,"Mild conditions; situation under control, no urgent action needed.",cyclone
sevlab-01249,Ankle-deep waterlogging on a main road in Tekari; two-wheelers moving slowly; volunteers distributing water bottles.,2,Moderate disruption; vulnerable people should take care.,flood
sevlab-01250,Heavy rain and gusty winds in Beltola; tin roofs rattling; volunteers distributing water bottles.,2,Ankle-deep water slowing movement; manageable with precautions.,cyclone
sevlab-01251,Very hot midday on a low-lying colony in Mohaddipur; shutters half-down; submerged hand-pumps and shops.,2,Noticeable impact but daily life continues with adjustments.,heatwave
sevlab-01252,Ankle-deep waterlogging on a main road in Dalsinghsarai; two-wheelers moving slowly; a dog swimming across the lane.,2,Noticeable impact but daily life continues with adjustments.,flood
sevlab-01253,Damp bus stand in Dharampeth after a shower; normal traffic; shops open.,1,"Mild conditions; situation under control, no urgent action needed.",flood
sevlab-01254,Severe flooding in Pipraich; entire market road underwater; families on rooftops; floating debris and household items.,5,Extreme danger to life; highest-priority rescue operation.,flood
sevlab-01255,Bright harsh sunlight over a residential lane in Pranpur; normal crowd with sun protection.,1,"Mild conditions; situation under control, no urgent action needed.",heatwave
sevlab-01256,Knee-deep floodwater covering a main road in Tilkamanjhi; residents wading with belongings; children sitting on a raised platform.,3,Significant flooding; evacuation of low-lying homes advised.,flood
sevlab-01257,Damp market road in Laheriasarai after a shower; normal traffic; shops open.,1,"Mild conditions; situation under control, no urgent action needed.",flood
sevlab-01258,Blazing heat over Jale; cracked dry ground; labourers resting under a tree.,3,Significant flooding; evacuation of low-lying homes advised.,heatwave
sevlab-01259,Massive storm surge flooding Manihari; boats washed onto roads; people carrying belongings on their heads.,5,Catastrophic conditions; large-scale emergency response needed.,cyclone
sevlab-01260,Very hot midday on a village street in Kushmi; shutters half-down; a dog swimming across the lane.,2,Noticeable impact but daily life continues with adjustments.,heatwave
sevlab-01261,Ankle-deep waterlogging on a residential lane in Kahalgaon; two-wheelers moving slowly; a rescue boat visible in the distance.,2,Moderate disruption; vulnerable people should take care.,flood
sevlab-01262,Shin-deep rainwater on a school compound in Naliapool; pedestrians wading carefully; shops placing sandbags.,2,Ankle-deep water slowing movement; manageable with precautions.,flood
sevlab-01263,Severe cyclone landfall near Pandeypur; uprooted trees and electric poles; houses with roofs torn off; submerged hand-pumps and shops.,4,Severe flooding with people trapped; immediate evacuation required.,cyclone
sevlab-01264,Ankle-deep waterlogging on a residential lane in Indira Nagar; two-wheelers moving slowly; power lines hanging low over the water.,2,Noticeable impact but daily life continues with adjustments.,flood
sevlab-01265,Knee-to-thigh deep water in a village street in Manewada; ground floors flooded; people moving to upper floors.,3,Knee-deep water affecting homes and movement; vulnerable people at risk.,flood
sevlab-01266,Blazing heat over Sahebganj; cracked dry ground; labourers resting under a tree.,3,Significant flooding; evacuation of low-lying homes advised.,heatwave
sevlab-01267,Bright harsh sunlight over a riverside ghat in Satyabadi; normal crowd with sun protection.,1,Light impact visible; monitoring is sufficient for now.,heatwave
sevlab-01268,Shin-deep rainwater on a main road in Manpur; pedestrians wading carefully; shops placing sandbags.,2,Ankle-deep water slowing movement; manageable with precautions.,flood
sevlab-01269,Knee-to-thigh deep water in a railway underpass in Phulwari Sharif; ground floors flooded; people moving to upper floors.,3,Water entering ground floors; relief assistance likely needed soon.,flood
sevlab-01270,Massive storm surge flooding Rajendra Nagar; boats washed onto roads; a stranded auto-rickshaw half submerged.,5,Life-threatening flooding with people stranded; immediate mass rescue required.,cyclone
sevlab-01271,Chest-deep fast-flowing floodwater across Sahebganj; houses partially submerged with only roofs visible; people stranded on rooftops waving for help; a dog swimming across the lane.,5,Extreme danger to life; highest-priority rescue operation.,flood
sevlab-01272,Chest-high water rising in a riverside ghat in Chowkidingee; residents stranded on rooftops; people carrying belongings on their heads.,4,Waist-deep water entering homes; residents stranded; urgent rescue needed.,flood
sevlab-01273,Knee-to-thigh deep water in a railway underpass in Mushahari; ground floors flooded; people moving to upper floors.,3,Knee-deep water affecting homes and movement; vulnerable people at risk.,flood
sevlab-01274,Light rainwater puddles on a residential lane in Pandeypur; people walking normally with umbrellas; no disruption visible.,1,"Mild conditions; situation under control, no urgent action needed.",flood
sevlab-01275,Damp low-lying colony in Sigra after a shower; normal traffic; shops open.,1,"Mild conditions; situation under control, no urgent action needed.",flood
sevlab-01276,Ankle-deep waterlogging on a market road in Dumra; two-wheelers moving slowly; children sitting on a raised platform.,2,Noticeable impact but daily life continues with adjustments.,flood
sevlab-01277,Bright harsh sunlight over a residential lane in Bidupur; normal crowd with sun protection.,1,Light impact visible; monitoring is sufficient for now.,heatwave
sevlab-01278,Damp market road in Tekari after a shower; normal traffic; shops open.,1,"Mild conditions; situation under control, no urgent action needed.",flood
sevlab-01279,Shin-deep rainwater on a bus stand in Dharampeth; pedestrians wading carefully; shops placing sandbags.,2,Ankle-deep water slowing movement; manageable with precautions.,flood
sevlab-01280,Cyclonic storm hitting Bairgania; fallen trees blocking the road; damaged shop signboards; a stranded auto-rickshaw half submerged.,3,Water entering ground floors; relief assistance likely needed soon.,cyclone
sevlab-01281,Light rainwater puddles on a low-lying colony in Sea Beach Road; people walking normally with umbrellas; no disruption visible.,1,"Mild conditions; situation under control, no urgent action needed.",flood
sevlab-01282,Very hot midday on a residential lane in Boiragimoth; shutters half-down; people carrying belongings on their heads.,2,Noticeable impact but daily life continues with adjustments.,heatwave
sevlab-01283,Knee-deep floodwater covering a main road in Pipraich; residents wading with belongings; children sitting on a raised platform.,3,Water entering ground floors; relief assistance likely needed soon.,flood
sevlab-01284,Scorching heat in Mahnar market; vendors covering stalls with wet cloth; people drinking water frequently.,2,Ankle-deep water slowing movement; manageable with precautions.,heatwave
sevlab-01285,Waist-deep brown floodwater submerging a bus stand in Anna Nagar; water entering ground-floor homes; volunteers distributing water bottles.,4,Waist-deep water entering homes; residents stranded; urgent rescue needed.,flood
sevlab-01286,Chest-high water rising in a bus stand in Talabania; residents stranded on rooftops; floating debris and household items.,4,Waist-deep water entering homes; residents stranded; urgent rescue needed.,flood
sevlab-01287,Heavy rain and gusty winds in Belsand; tin roofs rattling; submerged hand-pumps and shops.,2,Moderate disruption; vulnerable people should take care.,cyclone
sevlab-01288,Knee-to-thigh deep water in a school compound in Pipraich; ground floors flooded; people moving to upper floors.,3,Knee-deep water affecting homes and movement; vulnerable people at risk.,flood
sevlab-01289,Knee-to-thigh deep water in a highway stretch in Shibpur; ground floors flooded; people moving to upper floors.,3,Knee-deep water affecting homes and movement; vulnerable people at risk.,flood
sevlab-01290,Light rainwater puddles on a village street in Lanka; people walking normally with umbrellas; no disruption visible.,1,Light impact visible; monitoring is sufficient for now.,flood
sevlab-01291,Severe cyclone landfall near Keoti; uprooted trees and electric poles; houses with roofs torn off; an elderly couple watching from a balcony.,4,Waist-deep water entering homes; residents stranded; urgent rescue needed.,cyclone
sevlab-01292,Knee-to-thigh deep water in a school compound in Mohanbari; ground floors flooded; people moving to upper floors.,3,Water entering ground floors; relief assistance likely needed soon.,flood
sevlab-01293,Damp residential lane in Mancotta after a shower; normal traffic; shops open.,1,"Mild conditions; situation under control, no urgent action needed.",flood
sevlab-01294,Blazing heat over Keoti; cracked dry ground; labourers resting under a tree.,3,Knee-deep water affecting homes and movement; vulnerable people at risk.,heatwave
sevlab-01295,Knee-to-thigh deep water in a market road in Uluberia; ground floors flooded; people moving to upper floors.,3,Water entering ground floors; relief assistance likely needed soon.,flood
sevlab-01296,Knee-deep floodwater covering a village street in Gulabbagh; residents wading with belongings; floating debris and household items.,3,Knee-deep water affecting homes and movement; vulnerable people at risk.,flood
sevlab-01297,Shin-deep rainwater on a railway underpass in Sursand; pedestrians wading carefully; shops placing sandbags.,2,Ankle-deep water slowing movement; manageable with precautions.,flood
sevlab-01298,Very hot midday on a bus stand in Kadwa; shutters half-down; floating debris and household items.,2,Moderate disruption; vulnerable people should take care.,heatwave
sevlab-01299,Strong winds bending trees on a market road in Mahnar; rain lashing sideways.,2,Ankle-deep water slowing movement; manageable with precautions.,cyclone
sevlab-01300,Strong winds bending trees on a railway underpass in Gulabbagh; rain lashing sideways.,2,Moderate disruption; vulnerable people should take care.,cyclone
sevlab-01301,Ankle-deep waterlogging on a bus stand in Jale; two-wheelers moving slowly; children sitting on a raised platform.,2,Noticeable impact but daily life continues with adjustments.,flood
sevlab-01302,Light rainwater puddles on a bus stand in Sealdah; people walking normally with umbrellas; no disruption visible.,1,"Mild conditions; situation under control, no urgent action needed.",flood
sevlab-01303,Knee-deep floodwater covering a market road in Kadwa; residents wading with belongings; a rescue boat visible in the distance.,3,Significant flooding; evacuation of low-lying homes advised.,flood
sevlab-01304,Knee-to-thigh deep water in a low-lying colony in Kamptee; ground floors flooded; people moving to upper floors.,3,Water entering ground floors; relief assistance likely needed soon.,flood
sevlab-01305,Strong winds bending trees on a highway stretch in Liluah; rain lashing sideways.,2,Moderate disruption; vulnerable people should take care.,cyclone
sevlab-01306,Knee-to-thigh deep water in a riverside ghat in Liluah; ground floors flooded; people moving to upper floors.,3,Water entering ground floors; relief assistance likely needed soon.,flood
sevlab-01307,Knee-to-thigh deep water in a riverside ghat in Gulabbagh; ground floors flooded; people moving to upper floors.,3,Water entering ground floors; relief assistance likely needed soon.,flood
sevlab-01308,Ankle-deep waterlogging on a school compound in Kushmi; two-wheelers moving slowly; a dog swimming across the lane.,2,Ankle-deep water slowing movement; manageable with precautions.,flood
sevlab-01309,Hot sunny afternoon in T Nagar; people using umbrellas; streets active.,1,Light impact visible; monitoring is sufficient for now.,heatwave
sevlab-01310,Shin-deep rainwater on a school compound in Mancotta; pedestrians wading carefully; shops placing sandbags.,2,Moderate disruption; vulnerable people should take care.,flood
sevlab-01311,Cyclonic storm hitting Sultanganj; fallen trees blocking the road; damaged shop signboards; a dog swimming across the lane.,3,Knee-deep water affecting homes and movement; vulnerable people at risk.,cyclone
sevlab-01312,Severe heatwave in Dalsinghsarai; elderly person collapsed near a bus stop; bystanders giving water; floating debris and household items.,4,Severe flooding with people trapped; immediate evacuation required.,heatwave
sevlab-01313,Damp low-lying colony in Dhamdaha after a shower; normal traffic; shops open.,1,"Mild conditions; situation under control, no urgent action needed.",flood
sevlab-01314,Waist-deep brown floodwater submerging a riverside ghat in Ramnagar; water entering ground-floor homes; people carrying belongings on their heads.,4,Deep water across residential areas; critical rescue situation.,flood
sevlab-01315,Shin-deep rainwater on a bus stand in Sitabuldi; pedestrians wading carefully; shops placing sandbags.,2,Noticeable impact but daily life continues with adjustments.,flood
sevlab-01316,Chest-deep fast-flowing floodwater across Ganeshguri; houses partially submerged with only roofs visible; people stranded on rooftops waving for help; submerged hand-pumps and shops.,5,Extreme danger to life; highest-priority rescue operation.,flood
sevlab-01317,Ankle-deep waterlogging on a low-lying colony in Aliganj; two-wheelers moving slowly; a dog swimming across the lane.,2,Ankle-deep water slowing movement; manageable with precautions.,flood
sevlab-01318,Dark clouds gathering over Dumra; rough sea; people moving indoors.,1,Minor waterlogging with no disruption to people or property.,cyclone
sevlab-01319,Shin-deep rainwater on a riverside ghat in Santragachi; pedestrians wading carefully; shops placing sandbags.,2,Noticeable impact but daily life continues with adjustments.,flood
sevlab-01320,Severe flooding in Mancotta; entire low-lying colony underwater; families on rooftops; children sitting on a raised platform.,5,Extreme danger to life; highest-priority rescue operation.,flood
sevlab-01321,Knee-deep floodwater covering a bus stand in Salt Lake; residents wading with belongings; power lines hanging low over the water.,3,Knee-deep water affecting homes and movement; vulnerable people at risk.,flood
sevlab-01322,Light rainwater puddles on a riverside ghat in Bidupur; people walking normally with umbrellas; no disruption visible.,1,Light impact visible; monitoring is sufficient for now.,flood
sevlab-01323,Massive storm surge flooding Gulabbagh; boats washed onto roads; an elderly couple watching from a balcony.,5,Life-threatening flooding with people stranded; immediate mass rescue required.,cyclone
sevlab-01324,Deadly heatwave in Keoti; hospital entrance crowded; shops shuttered in peak afternoon.,5,Extreme danger to life; highest-priority rescue operation.,heatwave
sevlab-01325,Knee-deep floodwater covering a highway stretch in Khanpur; residents wading with belongings; a stranded auto-rickshaw half submerged.,3,Knee-deep water affecting homes and movement; vulnerable people at risk.,flood
sevlab-01326,Ankle-deep waterlogging on a market road in Kamptee; two-wheelers moving slowly; people carrying belongings on their heads.,2,Noticeable impact but daily life continues with adjustments.,flood
sevlab-01327,Damp low-lying colony in Liluah after a shower; normal traffic; shops open.,1,"Mild conditions; situation under control, no urgent action needed.",flood
sevlab-01328,Strong winds bending trees on a highway stretch in Belaganj; rain lashing sideways.,2,Noticeable impact but daily life continues with adjustments.,cyclone
sevlab-01329,Very hot midday on a market road in Bahadurpur; shutters half-down; submerged hand-pumps and shops.,2,Noticeable impact but daily life continues with adjustments.,heatwave
sevlab-01330,Knee-to-thigh deep water in a main road in Hingna; ground floors flooded; people moving to upper floors.,3,Water entering ground floors; relief assistance likely needed soon.,flood
sevlab-01331,Shin-deep rainwater on a main road in Porur; pedestrians wading carefully; shops placing sandbags.,2,Noticeable impact but daily life continues with adjustments.,flood
sevlab-01332,Chest-high water rising in a residential lane in Velachery; residents stranded on rooftops; people carrying belongings on their heads.,4,Deep water across residential areas; critical rescue situation.,flood
sevlab-01333,Ankle-deep waterlogging on a bus stand in Gandhi Maidan; two-wheelers moving slowly; submerged hand-pumps and shops.,2,Noticeable impact but daily life continues with adjustments.,flood
sevlab-01334,Very hot midday on a residential lane in Uluberia; shutters half-down; power lines hanging low over the water.,2,Noticeable impact but daily life continues with adjustments.,heatwave
sevlab-01335,Ankle-deep waterlogging on a village street in Kadwa; two-wheelers moving slowly; power lines hanging low over the water.,2,Moderate disruption; vulnerable people should take care.,flood
sevlab-01336,Knee-to-thigh deep water in a residential lane in Hajipur; ground floors flooded; people moving to upper floors.,3,Water entering ground floors; relief assistance likely needed soon.,flood
sevlab-01337,Chest-deep fast-flowing floodwater across Phulwari Sharif; houses partially submerged with only roofs visible; people stranded on rooftops waving for help; submerged hand-pumps and shops.,5,Life-threatening flooding with people stranded; immediate mass rescue required.,flood
sevlab-01338,Damp school compound in Shibpur after a shower; normal traffic; shops open.,1,Light impact visible; monitoring is sufficient for now.,flood
sevlab-01339,Ankle-deep waterlogging on a riverside ghat in Chandmari; two-wheelers moving slowly; a stranded auto-rickshaw half submerged.,2,Ankle-deep water slowing movement; manageable with precautions.,flood
sevlab-01340,Strong winds bending trees on a market road in Mushahari; rain lashing sideways.,2,Noticeable impact but daily life continues with adjustments.,cyclone
sevlab-01341,Shin-deep rainwater on a residential lane in Rajendra Nagar; pedestrians wading carefully; shops placing sandbags.,2,Moderate disruption; vulnerable people should take care.,flood
sevlab-01342,Shin-deep rainwater on a residential lane in Rupauli; pedestrians wading carefully; shops placing sandbags.,2,Ankle-deep water slowing movement; manageable with precautions.,flood
sevlab-01343,Ankle-deep waterlogging on a village street in Santragachi; two-wheelers moving slowly; a rescue boat visible in the distance.,2,Moderate disruption; vulnerable people should take care.,flood
sevlab-01344,Strong winds bending trees on a bus stand in Keoti; rain lashing sideways.,2,Moderate disruption; vulnerable people should take care.,cyclone
sevlab-01345,Knee-to-thigh deep water in a village street in Howrah Bridge; ground floors flooded; people moving to upper floors.,3,Water entering ground floors; relief assistance likely needed soon.,flood
sevlab-01346,Knee-to-thigh deep water in a highway stretch in Dhamdaha; ground floors flooded; people moving to upper floors.,3,Knee-deep water affecting homes and movement; vulnerable people at risk.,flood
sevlab-01347,Knee-deep floodwater covering a main road in Boring Road; residents wading with belongings; submerged hand-pumps and shops.,3,Knee-deep water affecting homes and movement; vulnerable people at risk.,flood
sevlab-01348,Waist-deep brown floodwater submerging a school compound in Pupri; water entering ground-floor homes; volunteers distributing water bottles.,4,Waist-deep water entering homes; residents stranded; urgent rescue needed.,flood
sevlab-01349,Ankle-deep waterlogging on a highway stretch in Pupri; two-wheelers moving slowly; people carrying belongings on their heads.,2,Moderate disruption; vulnerable people should take care.,flood
sevlab-01350,Knee-deep floodwater covering a village street in Tekari; residents wading with belongings; an elderly couple watching from a balcony.,3,Water entering ground floors; relief assistance likely needed soon.,flood
sevlab-01351,Intense heatwave in Benipur; nearly empty streets at noon; a man resting in shade showing heat exhaustion; floating debris and household items.,3,Water entering ground floors; relief assistance likely needed soon.,heatwave
sevlab-01352,Bright harsh sunlight over a market road in Anna Nagar; normal crowd with sun protection.,1,Light impact visible; monitoring is sufficient for now.,heatwave
sevlab-01353,Waist-deep brown floodwater submerging a market road in Kamptee; water entering ground-floor homes; people carrying belongings on their heads.,4,Deep water across residential areas; critical rescue situation.,flood
sevlab-01354,Shin-deep rainwater on a highway stretch in Gulabbagh; pedestrians wading carefully; shops placing sandbags.,2,Ankle-deep water slowing movement; manageable with precautions.,flood
sevlab-01355,Waist-deep brown floodwater submerging a riverside ghat in Ganeshguri; water entering ground-floor homes; a rescue boat visible in the distance.,4,Deep water across residential areas; critical rescue situation.,flood
sevlab-01356,Shin-deep rainwater on a school compound in T Nagar; pedestrians wading carefully; shops placing sandbags.,2,Moderate disruption; vulnerable people should take care.,flood
sevlab-01357,Shin-deep rainwater on a main road in Dumra; pedestrians wading carefully; shops placing sandbags.,2,Noticeable impact but daily life continues with adjustments.,flood
sevlab-01358,Overcast sky with strong winds in Keoti; trees swaying; fishermen securing boats.,1,Light impact visible; monitoring is sufficient for now.,cyclone
sevlab-01359,Dark clouds gathering over Belaganj; rough sea; people moving indoors.,1,Light impact visible; monitoring is sufficient for now.,cyclone
sevlab-01360,Cyclonic storm hitting Godowlia; fallen trees blocking the road; damaged shop signboards; power lines hanging low over the water.,3,Significant flooding; evacuation of low-lying homes advised.,cyclone
sevlab-01361,Cyclonic storm hitting Manpur; fallen trees blocking the road; damaged shop signboards; a rescue boat visible in the distance.,3,Knee-deep water affecting homes and movement; vulnerable people at risk.,cyclone
sevlab-01362,Scorching heat in Sahjanwa market; vendors covering stalls with wet cloth; people drinking water frequently.,2,Noticeable impact but daily life continues with adjustments.,heatwave
sevlab-01363,Knee-to-thigh deep water in a village street in Beltola; ground floors flooded; people moving to upper floors.,3,Knee-deep water affecting homes and movement; vulnerable people at risk.,flood
sevlab-01364,Dark clouds gathering over Manewada; rough sea; people moving indoors.,1,Minor waterlogging with no disruption to people or property.,cyclone
sevlab-01365,Chest-high water rising in a market road in Mohanbari; residents stranded on rooftops; people carrying belongings on their heads.,4,Severe flooding with people trapped; immediate evacuation required.,flood
sevlab-01366,Ankle-deep waterlogging on a residential lane in Boiragimoth; two-wheelers moving slowly; power lines hanging low over the water.,2,Ankle-deep water slowing movement; manageable with precautions.,flood
sevlab-01367,Heavy rain and gusty winds in Sursand; tin roofs rattling; power lines hanging low over the water.,2,Ankle-deep water slowing movement; manageable with precautions.,cyclone
sevlab-01368,Strong winds bending trees on a main road in Barsoi; rain lashing sideways.,2,Noticeable impact but daily life continues with adjustments.,cyclone
sevlab-01369,Shin-deep rainwater on a residential lane in Manewada; pedestrians wading carefully; shops placing sandbags.,2,Noticeable impact but daily life continues with adjustments.,flood
sevlab-01370,Hot sunny afternoon in Sealdah; people using umbrellas; streets active.,1,"Mild conditions; situation under control, no urgent action needed.",heatwave
sevlab-01371,Shin-deep rainwater on a village street in Howrah Bridge; pedestrians wading carefully; shops placing sandbags.,2,Noticeable impact but daily life continues with adjustments.,flood
sevlab-01372,Chest-high water rising in a highway stretch in Delang; residents stranded on rooftops; volunteers distributing water bottles.,4,Waist-deep water entering homes; residents stranded; urgent rescue needed.,flood
sevlab-01373,Very hot midday on a market road in Manewada; shutters half-down; power lines hanging low over the water.,2,Ankle-deep water slowing movement; manageable with precautions.,heatwave
sevlab-01374,Damp main road in Sahebganj after a shower; normal traffic; shops open.,1,"Mild conditions; situation under control, no urgent action needed.",flood
sevlab-01375,Heavy rain and gusty winds in Mushahari; tin roofs rattling; children sitting on a raised platform.,2,Noticeable impact but daily life continues with adjustments.,cyclone
sevlab-01376,Strong winds bending trees on a low-lying colony in Bally; rain lashing sideways.,2,Noticeable impact but daily life continues with adjustments.,cyclone
sevlab-01377,Hot sunny afternoon in Porur; people using umbrellas; streets active.,1,"Mild conditions; situation under control, no urgent action needed.",heatwave
sevlab-01378,Damp village street in Sursand after a shower; normal traffic; shops open.,1,Minor waterlogging with no disruption to people or property.,flood
sevlab-01379,Severe heatwave in Phulwari Sharif; elderly person collapsed near a bus stop; bystanders giving water; a dog swimming across the lane.,4,Deep water across residential areas; critical rescue situation.,heatwave
sevlab-01380,Knee-to-thigh deep water in a low-lying colony in Motihari Road; ground floors flooded; people moving to upper floors.,3,Significant flooding; evacuation of low-lying homes advised.,flood
sevlab-01381,Damp riverside ghat in Gomti Nagar after a shower; normal traffic; shops open.,1,"Mild conditions; situation under control, no urgent action needed.",flood
sevlab-01382,Severe flooding in Kahalgaon; entire bus stand underwater; families on rooftops; a stranded auto-rickshaw half submerged.,5,Catastrophic conditions; large-scale emergency response needed.,flood
sevlab-01383,Damp village street in Laheriasarai after a shower; normal traffic; shops open.,1,"Mild conditions; situation under control, no urgent action needed.",flood
sevlab-01384,Severe heatwave in Shibpur; elderly person collapsed near a bus stop; bystanders giving water; a rescue boat visible in the distance.,4,Deep water across residential areas; critical rescue situation.,heatwave
sevlab-01385,Hot sunny afternoon in Kursela; people using umbrellas; streets active.,1,Minor waterlogging with no disruption to people or property.,heatwave
sevlab-01386,Severe winds in Mahnar; uprooted small trees; waterlogging beginning.,3,Knee-deep water affecting homes and movement; vulnerable people at risk.,cyclone
sevlab-01387,Shin-deep rainwater on a residential lane in Sherghati; pedestrians wading carefully; shops placing sandbags.,2,Ankle-deep water slowing movement; manageable with precautions.,flood
sevlab-01388,Dark clouds gathering over Kadwa; rough sea; people moving indoors.,1,"Mild conditions; situation under control, no urgent action needed.",cyclone
sevlab-01389,Light rainwater puddles on a riverside ghat in Naugachia; people walking normally with umbrellas; no disruption visible.,1,Minor waterlogging with no disruption to people or property.,flood
sevlab-01390,Knee-deep floodwater covering a highway stretch in Mushahari; residents wading with belongings; children sitting on a raised platform.,3,Significant flooding; evacuation of low-lying homes advised.,flood
sevlab-01391,Cyclonic storm hitting Adyar; fallen trees blocking the road; damaged shop signboards; volunteers distributing water bottles.,3,Significant flooding; evacuation of low-lying homes advised.,cyclone
sevlab-01392,Bright harsh sunlight over a riverside ghat in Motihari Road; normal crowd with sun protection.,1,Minor waterlogging with no disruption to people or property.,heatwave
sevlab-01393,Light rainwater puddles on a bus stand in Kanti; people walking normally with umbrellas; no disruption visible.,1,Minor waterlogging with no disruption to people or property.,flood
sevlab-01394,Damp school compound in Ganeshguri after a shower; normal traffic; shops open.,1,Minor waterlogging with no disruption to people or property.,flood
sevlab-01395,Light rainwater puddles on a village street in Talabania; people walking normally with umbrellas; no disruption visible.,1,"Mild conditions; situation under control, no urgent action needed.",flood
sevlab-01396,Knee-to-thigh deep water in a village street in Tajpur; ground floors flooded; people moving to upper floors.,3,Significant flooding; evacuation of low-lying homes advised.,flood
sevlab-01397,Ankle-deep waterlogging on a riverside ghat in Shibpur; two-wheelers moving slowly; an elderly couple watching from a balcony.,2,Noticeable impact but daily life continues with adjustments.,flood
sevlab-01398,Ankle-deep waterlogging on a main road in Gandhi Maidan; two-wheelers moving slowly; a rescue boat visible in the distance.,2,Ankle-deep water slowing movement; manageable with precautions.,flood
sevlab-01399,Ankle-deep waterlogging on a main road in Lanka; two-wheelers moving slowly; a stranded auto-rickshaw half submerged.,2,Moderate disruption; vulnerable people should take care.,flood
sevlab-01400,Severe winds in Velachery; uprooted small trees; waterlogging beginning.,3,Water entering ground floors; relief assistance likely needed soon.,cyclone
sevlab-01401,Bright harsh sunlight over a residential lane in Baruraj; normal crowd with sun protection.,1,Light impact visible; monitoring is sufficient for now.,heatwave
sevlab-01402,Scorching heat in Kahalgaon market; vendors covering stalls with wet cloth; people drinking water frequently.,2,Noticeable impact but daily life continues with adjustments.,heatwave
sevlab-01403,Chest-high water rising in a railway underpass in Rosera; residents stranded on rooftops; people carrying belongings on their heads.,4,Waist-deep water entering homes; residents stranded; urgent rescue needed.,flood
sevlab-01404,Damp bus stand in Bally after a shower; normal traffic; shops open.,1,Minor waterlogging with no disruption to people or property.,flood
sevlab-01405,Shin-deep rainwater on a riverside ghat in Tekari; pedestrians wading carefully; shops placing sandbags.,2,Moderate disruption; vulnerable people should take care.,flood
sevlab-01406,Dark clouds gathering over Sabour; rough sea; people moving indoors.,1,"Mild conditions; situation under control, no urgent action needed.",cyclone
sevlab-01407,Ankle-deep waterlogging on a highway stretch in Tajpur; two-wheelers moving slowly; children sitting on a raised platform.,2,Ankle-deep water slowing movement; manageable with precautions.,flood
sevlab-01408,Knee-to-thigh deep water in a village street in Kushmi; ground floors flooded; people moving to upper floors.,3,Significant flooding; evacuation of low-lying homes advised.,flood
sevlab-01409,Chest-high water rising in a village street in Bairgania; residents stranded on rooftops; power lines hanging low over the water.,4,Waist-deep water entering homes; residents stranded; urgent rescue needed.,flood
sevlab-01410,Shin-deep rainwater on a riverside ghat in Belaganj; pedestrians wading carefully; shops placing sandbags.,2,Noticeable impact but daily life continues with adjustments.,flood
sevlab-01411,Intense heatwave in Dalsinghsarai; nearly empty streets at noon; a man resting in shade showing heat exhaustion; volunteers distributing water bottles.,3,Significant flooding; evacuation of low-lying homes advised.,heatwave
sevlab-01412,Shin-deep rainwater on a bus stand in Mushahari; pedestrians wading carefully; shops placing sandbags.,2,Moderate disruption; vulnerable people should take care.,flood
sevlab-01413,Shin-deep rainwater on a school compound in Kasba; pedestrians wading carefully; shops placing sandbags.,2,Noticeable impact but daily life continues with adjustments.,flood
sevlab-01414,Heavy rain and gusty winds in Raghopur; tin roofs rattling; volunteers distributing water bottles.,2,Noticeable impact but daily life continues with adjustments.,cyclone
sevlab-01415,Knee-deep floodwater covering a village street in Manewada; residents wading with belongings; a rescue boat visible in the distance.,3,Significant flooding; evacuation of low-lying homes advised.,flood
sevlab-01416,Blazing heat over T Nagar; cracked dry ground; labourers resting under a tree.,3,Knee-deep water affecting homes and movement; vulnerable people at risk.,heatwave
sevlab-01417,Chest-high water rising in a main road in Boiragimoth; residents stranded on rooftops; submerged hand-pumps and shops.,4,Deep water across residential areas; critical rescue situation.,flood
sevlab-01418,Heavy rain and gusty winds in Boiragimoth; tin roofs rattling; an elderly couple watching from a balcony.,2,Moderate disruption; vulnerable people should take care.,cyclone
sevlab-01419,Light rainwater puddles on a residential lane in Patrakar Nagar; people walking normally with umbrellas; no disruption visible.,1,Minor waterlogging with no disruption to people or property.,flood
sevlab-01420,Light rainwater puddles on a school compound in Ramnagar; people walking normally with umbrellas; no disruption visible.,1,Minor waterlogging with no disruption to people or property.,flood
sevlab-01421,Shin-deep rainwater on a bus stand in Lanka; pedestrians wading carefully; shops placing sandbags.,2,Moderate disruption; vulnerable people should take care.,flood
sevlab-01422,Severe winds in Talabania; uprooted small trees; waterlogging beginning.,3,Significant flooding; evacuation of low-lying homes advised.,cyclone
sevlab-01423,Knee-to-thigh deep water in a bus stand in Ramnagar; ground floors flooded; people moving to upper floors.,3,Significant flooding; evacuation of low-lying homes advised.,flood
sevlab-01424,Bright harsh sunlight over a village street in Mohanbari; normal crowd with sun protection.,1,Minor waterlogging with no disruption to people or property.,heatwave
sevlab-01425,Knee-deep floodwater covering a bus stand in Hajipur; residents wading with belongings; a stranded auto-rickshaw half submerged.,3,Significant flooding; evacuation of low-lying homes advised.,flood
sevlab-01426,Light rainwater puddles on a village street in Dumra; people walking normally with umbrellas; no disruption visible.,1,Minor waterlogging with no disruption to people or property.,flood
sevlab-01427,Scorching heat in Raghopur market; vendors covering stalls with wet cloth; people drinking water frequently.,2,Noticeable impact but daily life continues with adjustments.,heatwave
sevlab-01428,Knee-deep floodwater covering a railway underpass in Baruraj; residents wading with belongings; a stranded auto-rickshaw half submerged.,3,Water entering ground floors; relief assistance likely needed soon.,flood
sevlab-01429,Heavy rain and gusty winds in Kahalgaon; tin roofs rattling; an elderly couple watching from a balcony.,2,Ankle-deep water slowing movement; manageable with precautions.,cyclone
sevlab-01430,Strong winds bending trees on a main road in Sitabuldi; rain lashing sideways.,2,Ankle-deep water slowing movement; manageable with precautions.,cyclone
sevlab-01431,Light rainwater puddles on a market road in Patrakar Nagar; people walking normally with umbrellas; no disruption visible.,1,"Mild conditions; situation under control, no urgent action needed.",flood
sevlab-01432,Waist-deep brown floodwater submerging a market road in Manihari; water entering ground-floor homes; a dog swimming across the lane.,4,Severe flooding with people trapped; immediate evacuation required.,flood
sevlab-01433,Severe winds in Mohaddipur; uprooted small trees; waterlogging beginning.,3,Knee-deep water affecting homes and movement; vulnerable people at risk.,cyclone
sevlab-01434,Light rainwater puddles on a residential lane in Aliganj; people walking normally with umbrellas; no disruption visible.,1,Minor waterlogging with no disruption to people or property.,flood
sevlab-01435,Strong winds bending trees on a village street in Santragachi; rain lashing sideways.,2,Ankle-deep water slowing movement; manageable with precautions.,cyclone
sevlab-01436,Damp market road in Danapur after a shower; normal traffic; shops open.,1,"Mild conditions; situation under control, no urgent action needed.",flood
sevlab-01437,Cyclonic storm hitting Hajipur; fallen trees blocking the road; damaged shop signboards; a stranded auto-rickshaw half submerged.,3,Significant flooding; evacuation of low-lying homes advised.,cyclone
sevlab-01438,Strong winds bending trees on a riverside ghat in Anna Nagar; rain lashing sideways.,2,Noticeable impact but daily life continues with adjustments.,cyclone
sevlab-01439,Severe heatwave in Bahadurpur; elderly person collapsed near a bus stop; bystanders giving water; power lines hanging low over the water.,4,Severe flooding with people trapped; immediate evacuation required.,heatwave
sevlab-01440,Ankle-deep waterlogging on a low-lying colony in Banmankhi; two-wheelers moving slowly; submerged hand-pumps and shops.,2,Ankle-deep water slowing movement; manageable with precautions.,flood
sevlab-01441,Shin-deep rainwater on a highway stretch in Laheriasarai; pedestrians wading carefully; shops placing sandbags.,2,Noticeable impact but daily life continues with adjustments.,flood
sevlab-01442,Light rainwater puddles on a low-lying colony in Kamptee; people walking normally with umbrellas; no disruption visible.,1,"Mild conditions; situation under control, no urgent action needed.",flood
sevlab-01443,Ankle-deep waterlogging on a residential lane in Bodh Gaya; two-wheelers moving slowly; people carrying belongings on their heads.,2,Moderate disruption; vulnerable people should take care.,flood
sevlab-01444,Light rainwater puddles on a residential lane in Keoti; people walking normally with umbrellas; no disruption visible.,1,"Mild conditions; situation under control, no urgent action needed.",flood
sevlab-01445,Knee-to-thigh deep water in a village street in Naugachia; ground floors flooded; people moving to upper floors.,3,Knee-deep water affecting homes and movement; vulnerable people at risk.,flood
sevlab-01446,Knee-deep floodwater covering a market road in Aliganj; residents wading with belongings; people carrying belongings on their heads.,3,Significant flooding; evacuation of low-lying homes advised.,flood
sevlab-01447,Severe heatwave in Motihari Road; elderly person collapsed near a bus stop; bystanders giving water; children sitting on a raised platform.,4,Severe flooding with people trapped; immediate evacuation required.,heatwave
sevlab-01448,Dark clouds gathering over Jale; rough sea; people moving indoors.,1,Minor waterlogging with no disruption to people or property.,cyclone
sevlab-01449,Knee-to-thigh deep water in a low-lying colony in Hingna; ground floors flooded; people moving to upper floors.,3,Significant flooding; evacuation of low-lying homes advised.,flood
sevlab-01450,Ankle-deep waterlogging on a residential lane in Bally; two-wheelers moving slowly; people carrying belongings on their heads.,2,Moderate disruption; vulnerable people should take care.,flood
sevlab-01451,Severe winds in Motihari Road; uprooted small trees; waterlogging beginning.,3,Water entering ground floors; relief assistance likely needed soon.,cyclone
sevlab-01452,Cyclonic storm hitting Mohanbari; fallen trees blocking the road; damaged shop signboards; children sitting on a raised platform.,3,Knee-deep water affecting homes and movement; vulnerable people at risk.,cyclone
sevlab-01453,Scorching heat in Sultanganj market; vendors covering stalls with wet cloth; people drinking water frequently.,2,Ankle-deep water slowing movement; manageable with precautions.,heatwave
sevlab-01454,Severe heatwave in Dharampeth; elderly person collapsed near a bus stop; bystanders giving water; an elderly couple watching from a balcony.,4,Waist-deep water entering homes; residents stranded; urgent rescue needed.,heatwave
sevlab-01455,Knee-to-thigh deep water in a highway stretch in Sherghati; ground floors flooded; people moving to upper floors.,3,Significant flooding; evacuation of low-lying homes advised.,flood
sevlab-01456,Scorching heat in Manpur market; vendors covering stalls with wet cloth; people drinking water frequently.,2,Noticeable impact but daily life continues with adjustments.,heatwave
sevlab-01457,Overcast sky with strong winds in Howrah Bridge; trees swaying; fishermen securing boats.,1,"Mild conditions; situation under control, no urgent action needed.",cyclone
sevlab-01458,Very hot midday on a riverside ghat in Naugachia; shutters half-down; children sitting on a raised platform.,2,Noticeable impact but daily life continues with adjustments.,heatwave
sevlab-01459,Severe heatwave in Kanti; elderly person collapsed near a bus stop; bystanders giving water; children sitting on a raised platform.,4,Deep water across residential areas; critical rescue situation.,heatwave
sevlab-01460,Chest-high water rising in a riverside ghat in Maligaon; residents stranded on rooftops; submerged hand-pumps and shops.,4,Severe flooding with people trapped; immediate evacuation required.,flood
sevlab-01461,Strong winds bending trees on a main road in Liluah; rain lashing sideways.,2,Moderate disruption; vulnerable people should take care.,cyclone
sevlab-01462,Light rainwater puddles on a residential lane in Hajipur; people walking normally with umbrellas; no disruption visible.,1,"Mild conditions; situation under control, no urgent action needed.",flood
sevlab-01463,Severe winds in Boiragimoth; uprooted small trees; waterlogging beginning.,3,Knee-deep water affecting homes and movement; vulnerable people at risk.,cyclone
sevlab-01464,Knee-deep floodwater covering a village street in Bidupur; residents wading with belongings; floating debris and household items.,3,Significant flooding; evacuation of low-lying homes advised.,flood
sevlab-01465,Light rainwater puddles on a village street in Pusa; people walking normally with umbrellas; no disruption visible.,1,Minor waterlogging with no disruption to people or property.,flood
sevlab-01466,Knee-deep floodwater covering a school compound in Sabour; residents wading with belongings; a dog swimming across the lane.,3,Knee-deep water affecting homes and movement; vulnerable people at risk.,flood
sevlab-01467,Very hot midday on a village street in Kahalgaon; shutters half-down; floating debris and household items.,2,Noticeable impact but daily life continues with adjustments.,heatwave
sevlab-01468,Damp residential lane in Chakratirtha after a shower; normal traffic; shops open.,1,Minor waterlogging with no disruption to people or property.,flood
sevlab-01469,Damp school compound in Manewada after a shower; normal traffic; shops open.,1,Light impact visible; monitoring is sufficient for now.,flood
sevlab-01470,Knee-deep floodwater covering a market road in Mancotta; residents wading with belongings; a dog swimming across the lane.,3,Knee-deep water affecting homes and movement; vulnerable people at risk.,flood
sevlab-01471,Chest-high water rising in a low-lying colony in Beltola; residents stranded on rooftops; power lines hanging low over the water.,4,Severe flooding with people trapped; immediate evacuation required.,flood
sevlab-01472,Waist-deep brown floodwater submerging a riverside ghat in Bahadurpur; water entering ground-floor homes; volunteers distributing water bottles.,4,Severe flooding with people trapped; immediate evacuation required.,flood
sevlab-01473,Damp railway underpass in Baruraj after a shower; normal traffic; shops open.,1,Minor waterlogging with no disruption to people or property.,flood
sevlab-01474,Heavy rain and gusty winds in Chandmari; tin roofs rattling; a stranded auto-rickshaw half submerged.,2,Ankle-deep water slowing movement; manageable with precautions.,cyclone
sevlab-01475,Waist-deep brown floodwater submerging a market road in Mancotta; water entering ground-floor homes; floating debris and household items.,4,Deep water across residential areas; critical rescue situation.,flood
sevlab-01476,Blazing heat over Kahalgaon; cracked dry ground; labourers resting under a tree.,3,Knee-deep water affecting homes and movement; vulnerable people at risk.,heatwave
sevlab-01477,Shin-deep rainwater on a bus stand in Dum Dum; pedestrians wading carefully; shops placing sandbags.,2,Noticeable impact but daily life continues with adjustments.,flood
sevlab-01478,Knee-deep floodwater covering a bus stand in Howrah Bridge; residents wading with belongings; a stranded auto-rickshaw half submerged.,3,Knee-deep water affecting homes and movement; vulnerable people at risk.,flood
sevlab-01479,Damp low-lying colony in Sahjanwa after a shower; normal traffic; shops open.,1,"Mild conditions; situation under control, no urgent action needed.",flood
sevlab-01480,Ankle-deep waterlogging on a riverside ghat in Kamptee; two-wheelers moving slowly; children sitting on a raised platform.,2,Moderate disruption; vulnerable people should take care.,flood
sevlab-01481,Very hot midday on a highway stretch in Satyabadi; shutters half-down; people carrying belongings on their heads.,2,Noticeable impact but daily life continues with adjustments.,heatwave
sevlab-01482,Blazing heat over Naugachia; cracked dry ground; labourers resting under a tree.,3,Water entering ground floors; relief assistance likely needed soon.,heatwave
sevlab-01483,Destructive winds battering Digha; collapsed boundary walls; streets flooded.,4,Severe flooding with people trapped; immediate evacuation required.,cyclone
sevlab-01484,Ankle-deep waterlogging on a school compound in Beltola; two-wheelers moving slowly; power lines hanging low over the water.,2,Moderate disruption; vulnerable people should take care.,flood
sevlab-01485,Knee-deep floodwater covering a low-lying colony in Sherghati; residents wading with belongings; a dog swimming across the lane.,3,Water entering ground floors; relief assistance likely needed soon.,flood
sevlab-01486,Light rainwater puddles on a bus stand in Bairgania; people walking normally with umbrellas; no disruption visible.,1,Minor waterlogging with no disruption to people or property.,flood
sevlab-01487,Light rainwater puddles on a highway stretch in Kahalgaon; people walking normally with umbrellas; no disruption visible.,1,Light impact visible; monitoring is sufficient for now.,flood
sevlab-01488,Shin-deep rainwater on a railway underpass in Gulabbagh; pedestrians wading carefully; shops placing sandbags.,2,Ankle-deep water slowing movement; manageable with precautions.,flood
sevlab-01489,Scorching heat in Lalganj market; vendors covering stalls with wet cloth; people drinking water frequently.,2,Noticeable impact but daily life continues with adjustments.,heatwave
sevlab-01490,Severe heatwave in Salt Lake; elderly person collapsed near a bus stop; bystanders giving water; an elderly couple watching from a balcony.,4,Severe flooding with people trapped; immediate evacuation required.,heatwave
sevlab-01491,Overcast sky with strong winds in Dharampeth; trees swaying; fishermen securing boats.,1,Minor waterlogging with no disruption to people or property.,cyclone
sevlab-01492,Ankle-deep waterlogging on a low-lying colony in Motihari Road; two-wheelers moving slowly; volunteers distributing water bottles.,2,Ankle-deep water slowing movement; manageable with precautions.,flood
sevlab-01493,Ankle-deep waterlogging on a school compound in Uluberia; two-wheelers moving slowly; a stranded auto-rickshaw half submerged.,2,Moderate disruption; vulnerable people should take care.,flood
sevlab-01494,Chest-deep fast-flowing floodwater across Sabour; houses partially submerged with only roofs visible; people stranded on rooftops waving for help; a rescue boat visible in the distance.,5,Life-threatening flooding with people stranded; immediate mass rescue required.,flood
sevlab-01495,Ankle-deep waterlogging on a village street in Gomti Nagar; two-wheelers moving slowly; a dog swimming across the lane.,2,Ankle-deep water slowing movement; manageable with precautions.,flood
sevlab-01496,Light rainwater puddles on a low-lying colony in Chandmari; people walking normally with umbrellas; no disruption visible.,1,Light impact visible; monitoring is sufficient for now.,flood
sevlab-01497,Very hot midday on a low-lying colony in Gomti Nagar; shutters half-down; power lines hanging low over the water.,2,Moderate disruption; vulnerable people should take care.,heatwave
sevlab-01498,Massive storm surge flooding Liluah; boats washed onto roads; an elderly couple watching from a balcony.,5,Catastrophic conditions; large-scale emergency response needed.,cyclone
sevlab-01499,Knee-deep floodwater covering a residential lane in Ganeshguri; residents wading with belongings; a dog swimming across the lane.,3,Significant flooding; evacuation of low-lying homes advised.,flood
sevlab-01500,Strong winds bending trees on a school compound in Satyabadi; rain lashing sideways.,2,Ankle-deep water slowing movement; manageable with precautions.,cyclone
sevlab-01501,Light rainwater puddles on a school compound in Gulabbagh; people walking normally with umbrellas; no disruption visible.,1,Minor waterlogging with no disruption to people or property.,flood
sevlab-01502,Extreme heat emergency in Pupri; multiple people fainted on the street; ambulance present; a stranded auto-rickshaw half submerged.,5,Life-threatening flooding with people stranded; immediate mass rescue required.,heatwave
sevlab-01503,Light rainwater puddles on a bus stand in Sherghati; people walking normally with umbrellas; no disruption visible.,1,Light impact visible; monitoring is sufficient for now.,flood
sevlab-01504,Knee-deep floodwater covering a school compound in Sahjanwa; residents wading with belongings; children sitting on a raised platform.,3,Significant flooding; evacuation of low-lying homes advised.,flood
sevlab-01505,Damp market road in Rosera after a shower; normal traffic; shops open.,1,Minor waterlogging with no disruption to people or property.,flood
sevlab-01506,Chest-high water rising in a railway underpass in Kursela; residents stranded on rooftops; volunteers distributing water bottles.,4,Severe flooding with people trapped; immediate evacuation required.,flood
sevlab-01507,Strong winds bending trees on a village street in Porur; rain lashing sideways.,2,Ankle-deep water slowing movement; manageable with precautions.,cyclone
sevlab-01508,Shin-deep rainwater on a bus stand in Bodh Gaya; pedestrians wading carefully; shops placing sandbags.,2,Ankle-deep water slowing movement; manageable with precautions.,flood
sevlab-01509,Damp low-lying colony in Uluberia after a shower; normal traffic; shops open.,1,Minor waterlogging with no disruption to people or property.,flood
sevlab-01510,Ankle-deep waterlogging on a school compound in Manpur; two-wheelers moving slowly; volunteers distributing water bottles.,2,Ankle-deep water slowing movement; manageable with precautions.,flood
sevlab-01511,Knee-to-thigh deep water in a bus stand in Chowkidingee; ground floors flooded; people moving to upper floors.,3,Water entering ground floors; relief assistance likely needed soon.,flood
sevlab-01512,Damp highway stretch in Godowlia after a shower; normal traffic; shops open.,1,Minor waterlogging with no disruption to people or property.,flood
sevlab-01513,Waist-deep brown floodwater submerging a residential lane in Mancotta; water entering ground-floor homes; a dog swimming across the lane.,4,Deep water across residential areas; critical rescue situation.,flood
sevlab-01514,Ankle-deep waterlogging on a low-lying colony in Behala; two-wheelers moving slowly; volunteers distributing water bottles.,2,Noticeable impact but daily life continues with adjustments.,flood
sevlab-01515,Hot sunny afternoon in Pupri; people using umbrellas; streets active.,1,Light impact visible; monitoring is sufficient for now.,heatwave
sevlab-01516,Strong winds bending trees on a low-lying colony in Porur; rain lashing sideways.,2,Moderate disruption; vulnerable people should take care.,cyclone
sevlab-01517,Knee-deep floodwater covering a highway stretch in Salt Lake; residents wading with belongings; a dog swimming across the lane.,3,Water entering ground floors; relief assistance likely needed soon.,flood
sevlab-01518,Ankle-deep waterlogging on a village street in Tilkamanjhi; two-wheelers moving slowly; a rescue boat visible in the distance.,2,Ankle-deep water slowing movement; manageable with precautions.,flood
sevlab-01519,Knee-to-thigh deep water in a riverside ghat in Sherghati; ground floors flooded; people moving to upper floors.,3,Knee-deep water affecting homes and movement; vulnerable people at risk.,flood
sevlab-01520,Light rainwater puddles on a school compound in Kasba; people walking normally with umbrellas; no disruption visible.,1,"Mild conditions; situation under control, no urgent action needed.",flood
sevlab-01521,Shin-deep rainwater on a railway underpass in Barsoi; pedestrians wading carefully; shops placing sandbags.,2,Noticeable impact but daily life continues with adjustments.,flood
sevlab-01522,Severe flooding in Tilkamanjhi; entire main road underwater; families on rooftops; power lines hanging low over the water.,5,Life-threatening flooding with people stranded; immediate mass rescue required.,flood
sevlab-01523,Knee-deep floodwater covering a school compound in Manpur; residents wading with belongings; a dog swimming across the lane.,3,Significant flooding; evacuation of low-lying homes advised.,flood
sevlab-01524,Very hot midday on a low-lying colony in Hingna; shutters half-down; people carrying belongings on their heads.,2,Noticeable impact but daily life continues with adjustments.,heatwave
sevlab-01525,Chest-high water rising in a market road in Gulabbagh; residents stranded on rooftops; power lines hanging low over the water.,4,Severe flooding with people trapped; immediate evacuation required.,flood
sevlab-01526,Ankle-deep waterlogging on a low-lying colony in Chakratirtha; two-wheelers moving slowly; floating debris and household items.,2,Noticeable impact but daily life continues with adjustments.,flood
sevlab-01527,Chest-deep fast-flowing floodwater across Jale; houses partially submerged with only roofs visible; people stranded on rooftops waving for help; submerged hand-pumps and shops.,5,Catastrophic conditions; large-scale emergency response needed.,flood
sevlab-01528,Waist-deep brown floodwater submerging a riverside ghat in Dumra; water entering ground-floor homes; a rescue boat visible in the distance.,4,Deep water across residential areas; critical rescue situation.,flood
sevlab-01529,Intense heatwave in Sitabuldi; nearly empty streets at noon; a man resting in shade showing heat exhaustion; submerged hand-pumps and shops.,3,Significant flooding; evacuation of low-lying homes advised.,heatwave
sevlab-01530,Shin-deep rainwater on a low-lying colony in Sea Beach Road; pedestrians wading carefully; shops placing sandbags.,2,Ankle-deep water slowing movement; manageable with precautions.,flood
sevlab-01531,Chest-high water rising in a market road in Naliapool; residents stranded on rooftops; volunteers distributing water bottles.,4,Deep water across residential areas; critical rescue situation.,flood
sevlab-01532,Knee-deep floodwater covering a school compound in Adyar; residents wading with belongings; people carrying belongings on their heads.,3,Knee-deep water affecting homes and movement; vulnerable people at risk.,flood
sevlab-01533,Waist-deep brown floodwater submerging a low-lying colony in Boring Road; water entering ground-floor homes; an elderly couple watching from a balcony.,4,Waist-deep water entering homes; residents stranded; urgent rescue needed.,flood
sevlab-01534,Bright harsh sunlight over a riverside ghat in Lalganj; normal crowd with sun protection.,1,Light impact visible; monitoring is sufficient for now.,heatwave
sevlab-01535,Very hot midday on a riverside ghat in Rupauli; shutters half-down; a rescue boat visible in the distance.,2,Ankle-deep water slowing movement; manageable with precautions.,heatwave
sevlab-01536,Damp low-lying colony in Belsand after a shower; normal traffic; shops open.,1,Minor waterlogging with no disruption to people or property.,flood
sevlab-01537,Knee-deep floodwater covering a bus stand in Chowk; residents wading with belongings; a stranded auto-rickshaw half submerged.,3,Water entering ground floors; relief assistance likely needed soon.,flood
sevlab-01538,Scorching heat in Kadwa market; vendors covering stalls with wet cloth; people drinking water frequently.,2,Ankle-deep water slowing movement; manageable with precautions.,heatwave
sevlab-01539,Strong winds bending trees on a village street in Sigra; rain lashing sideways.,2,Noticeable impact but daily life continues with adjustments.,cyclone
sevlab-01540,Damp railway underpass in Belsand after a shower; normal traffic; shops open.,1,Minor waterlogging with no disruption to people or property.,flood
sevlab-01541,Ankle-deep waterlogging on a school compound in Bodh Gaya; two-wheelers moving slowly; a stranded auto-rickshaw half submerged.,2,Ankle-deep water slowing movement; manageable with precautions.,flood
sevlab-01542,Destructive winds battering Pranpur; collapsed boundary walls; streets flooded.,4,Deep water across residential areas; critical rescue situation.,cyclone
sevlab-01543,Ankle-deep waterlogging on a low-lying colony in Dharampeth; two-wheelers moving slowly; a dog swimming across the lane.,2,Moderate disruption; vulnerable people should take care.,flood
sevlab-01544,Extreme heat emergency in Chandmari; multiple people fainted on the street; ambulance present; power lines hanging low over the water.,5,Life-threatening flooding with people stranded; immediate mass rescue required.,heatwave
sevlab-01545,Knee-to-thigh deep water in a market road in Velachery; ground floors flooded; people moving to upper floors.,3,Knee-deep water affecting homes and movement; vulnerable people at risk.,flood
sevlab-01546,Ankle-deep waterlogging on a riverside ghat in Chowk; two-wheelers moving slowly; submerged hand-pumps and shops.,2,Ankle-deep water slowing movement; manageable with precautions.,flood
sevlab-01547,Knee-deep floodwater covering a village street in Sahebganj; residents wading with belongings; power lines hanging low over the water.,3,Water entering ground floors; relief assistance likely needed soon.,flood
sevlab-01548,Ankle-deep waterlogging on a riverside ghat in Kankarbagh; two-wheelers moving slowly; a dog swimming across the lane.,2,Ankle-deep water slowing movement; manageable with precautions.,flood
sevlab-01549,Damp main road in Motihari Road after a shower; normal traffic; shops open.,1,Light impact visible; monitoring is sufficient for now.,flood
sevlab-01550,Extreme heat in Adyar; thermometer reading dangerously high; streets deserted.,4,Severe flooding with people trapped; immediate evacuation required.,heatwave
sevlab-01551,Very hot midday on a residential lane in Salt Lake; shutters half-down; a rescue boat visible in the distance.,2,Noticeable impact but daily life continues with adjustments.,heatwave
sevlab-01552,Severe winds in Indira Nagar; uprooted small trees; waterlogging beginning.,3,Knee-deep water affecting homes and movement; vulnerable people at risk.,cyclone
sevlab-01553,Heavy rain and gusty winds in Sherghati; tin roofs rattling; volunteers distributing water bottles.,2,Moderate disruption; vulnerable people should take care.,cyclone
sevlab-01554,Heavy rain and gusty winds in Kushmi; tin roofs rattling; children sitting on a raised platform.,2,Ankle-deep water slowing movement; manageable with precautions.,cyclone
sevlab-01555,Ankle-deep waterlogging on a riverside ghat in Pupri; two-wheelers moving slowly; an elderly couple watching from a balcony.,2,Ankle-deep water slowing movement; manageable with precautions.,flood
sevlab-01556,Shin-deep rainwater on a highway stretch in Kadwa; pedestrians wading carefully; shops placing sandbags.,2,Moderate disruption; vulnerable people should take care.,flood
sevlab-01557,Intense heatwave in Pipraich; nearly empty streets at noon; a man resting in shade showing heat exhaustion; submerged hand-pumps and shops.,3,Significant flooding; evacuation of low-lying homes advised.,heatwave
sevlab-01558,Knee-deep floodwater covering a school compound in Adyar; residents wading with belongings; a dog swimming across the lane.,3,Knee-deep water affecting homes and movement; vulnerable people at risk.,flood
sevlab-01559,Damp railway underpass in Banmankhi after a shower; normal traffic; shops open.,1,Light impact visible; monitoring is sufficient for now.,flood
sevlab-01560,Knee-deep floodwater covering a riverside ghat in Manpur; residents wading with belongings; an elderly couple watching from a balcony.,3,Water entering ground floors; relief assistance likely needed soon.,flood
sevlab-01561,Knee-to-thigh deep water in a residential lane in Kursela; ground floors flooded; people moving to upper floors.,3,Knee-deep water affecting homes and movement; vulnerable people at risk.,flood
sevlab-01562,Severe winds in Behala; uprooted small trees; waterlogging beginning.,3,Knee-deep water affecting homes and movement; vulnerable people at risk.,cyclone
sevlab-01563,Knee-to-thigh deep water in a village street in Santragachi; ground floors flooded; people moving to upper floors.,3,Water entering ground floors; relief assistance likely needed soon.,flood
sevlab-01564,Catastrophic cyclone devastation in Sitabuldi; collapsed buildings; submerged streets; rescue teams evacuating residents; submerged hand-pumps and shops.,5,Catastrophic conditions; large-scale emergency response needed.,cyclone
sevlab-01565,Deadly heatwave in Hingna; hospital entrance crowded; shops shuttered in peak afternoon.,5,Life-threatening flooding with people stranded; immediate mass rescue required.,heatwave
sevlab-01566,Shin-deep rainwater on a residential lane in Golghar; pedestrians wading carefully; shops placing sandbags.,2,Ankle-deep water slowing movement; manageable with precautions.,flood
sevlab-01567,Intense heatwave in Barsoi; nearly empty streets at noon; a man resting in shade showing heat exhaustion; people carrying belongings on their heads.,3,Knee-deep water affecting homes and movement; vulnerable people at risk.,heatwave
sevlab-01568,Ankle-deep waterlogging on a bus stand in Dum Dum; two-wheelers moving slowly; an elderly couple watching from a balcony.,2,Ankle-deep water slowing movement; manageable with precautions.,flood
sevlab-01569,Extreme heat in Lalganj; thermometer reading dangerously high; streets deserted.,4,Waist-deep water entering homes; residents stranded; urgent rescue needed.,heatwave
sevlab-01570,Knee-deep floodwater covering a highway stretch in Chowkidingee; residents wading with belongings; a dog swimming across the lane.,3,Knee-deep water affecting homes and movement; vulnerable people at risk.,flood
sevlab-01571,Knee-deep floodwater covering a low-lying colony in Mohanbari; residents wading with belongings; a stranded auto-rickshaw half submerged.,3,Water entering ground floors; relief assistance likely needed soon.,flood
sevlab-01572,Ankle-deep waterlogging on a riverside ghat in Belaganj; two-wheelers moving slowly; submerged hand-pumps and shops.,2,Moderate disruption; vulnerable people should take care.,flood
sevlab-01573,Ankle-deep waterlogging on a village street in Banmankhi; two-wheelers moving slowly; a rescue boat visible in the distance.,2,Ankle-deep water slowing movement; manageable with precautions.,flood
sevlab-01574,Chest-high water rising in a main road in Satyabadi; residents stranded on rooftops; an elderly couple watching from a balcony.,4,Waist-deep water entering homes; residents stranded; urgent rescue needed.,flood
sevlab-01575,Scorching heat in Porur market; vendors covering stalls with wet cloth; people drinking water frequently.,2,Ankle-deep water slowing movement; manageable with precautions.,heatwave
sevlab-01576,Ankle-deep waterlogging on a bus stand in Sea Beach Road; two-wheelers moving slowly; a stranded auto-rickshaw half submerged.,2,Noticeable impact but daily life continues with adjustments.,flood
sevlab-01577,Extreme heat in Pandeypur; thermometer reading dangerously high; streets deserted.,4,Deep water across residential areas; critical rescue situation.,heatwave
sevlab-01578,Chest-high water rising in a bus stand in Ashok Rajpath; residents stranded on rooftops; children sitting on a raised platform.,4,Deep water across residential areas; critical rescue situation.,flood
sevlab-01579,Severe winds in Sigra; uprooted small trees; waterlogging beginning.,3,Significant flooding; evacuation of low-lying homes advised.,cyclone
sevlab-01580,Knee-to-thigh deep water in a railway underpass in Indira Nagar; ground floors flooded; people moving to upper floors.,3,Significant flooding; evacuation of low-lying homes advised.,flood
sevlab-01581,Light rainwater puddles on a railway underpass in Pandeypur; people walking normally with umbrellas; no disruption visible.,1,"Mild conditions; situation under control, no urgent action needed.",flood
sevlab-01582,Ankle-deep waterlogging on a highway stretch in Raghopur; two-wheelers moving slowly; people carrying belongings on their heads.,2,Noticeable impact but daily life continues with adjustments.,flood
sevlab-01583,Bright harsh sunlight over a bus stand in Lalganj; normal crowd with sun protection.,1,Light impact visible; monitoring is sufficient for now.,heatwave
sevlab-01584,Bright harsh sunlight over a market road in Kadwa; normal crowd with sun protection.,1,Light impact visible; monitoring is sufficient for now.,heatwave
sevlab-01585,Strong winds bending trees on a highway stretch in Kasba; rain lashing sideways.,2,Ankle-deep water slowing movement; manageable with precautions.,cyclone
sevlab-01586,Scorching heat in Aliganj market; vendors covering stalls with wet cloth; people drinking water frequently.,2,Moderate disruption; vulnerable people should take care.,heatwave
sevlab-01587,Chest-high water rising in a village street in Lalganj; residents stranded on rooftops; power lines hanging low over the water.,4,Severe flooding with people trapped; immediate evacuation required.,flood
sevlab-01588,Waist-deep brown floodwater submerging a village street in Sursand; water entering ground-floor homes; volunteers distributing water bottles.,4,Severe flooding with people trapped; immediate evacuation required.,flood
sevlab-01589,Shin-deep rainwater on a bus stand in Ramnagar; pedestrians wading carefully; shops placing sandbags.,2,Ankle-deep water slowing movement; manageable with precautions.,flood
sevlab-01590,Damp residential lane in Kahalgaon after a shower; normal traffic; shops open.,1,"Mild conditions; situation under control, no urgent action needed.",flood
sevlab-01591,Ankle-deep waterlogging on a railway underpass in Rupauli; two-wheelers moving slowly; volunteers distributing water bottles.,2,Ankle-deep water slowing movement; manageable with precautions.,flood
sevlab-01592,Very hot midday on a low-lying colony in Bally; shutters half-down; a rescue boat visible in the distance.,2,Moderate disruption; vulnerable people should take care.,heatwave
sevlab-01593,Waist-deep brown floodwater submerging a railway underpass in Dumra; water entering ground-floor homes; submerged hand-pumps and shops.,4,Deep water across residential areas; critical rescue situation.,flood
sevlab-01594,Knee-deep floodwater covering a school compound in Chowk; residents wading with belongings; floating debris and household items.,3,Significant flooding; evacuation of low-lying homes advised.,flood
sevlab-01595,Light rainwater puddles on a riverside ghat in Tilkamanjhi; people walking normally with umbrellas; no disruption visible.,1,"Mild conditions; situation under control, no urgent action needed.",flood
sevlab-01596,Heavy rain and gusty winds in Kushmi; tin roofs rattling; an elderly couple watching from a balcony.,2,Noticeable impact but daily life continues with adjustments.,cyclone
sevlab-01597,Intense heatwave in Talabania; nearly empty streets at noon; a man resting in shade showing heat exhaustion; an elderly couple watching from a balcony.,3,Significant flooding; evacuation of low-lying homes advised.,heatwave
sevlab-01598,Overcast sky with strong winds in Tilkamanjhi; trees swaying; fishermen securing boats.,1,"Mild conditions; situation under control, no urgent action needed.",cyclone
sevlab-01599,Ankle-deep waterlogging on a residential lane in Anna Nagar; two-wheelers moving slowly; power lines hanging low over the water.,2,Noticeable impact but daily life continues with adjustments.,flood
sevlab-01600,Hot sunny afternoon in Sabour; people using umbrellas; streets active.,1,Minor waterlogging with no disruption to people or property.,heatwave
sevlab-01601,Intense heatwave in Manpur; nearly empty streets at noon; a man resting in shade showing heat exhaustion; floating debris and household items.,3,Significant flooding; evacuation of low-lying homes advised.,heatwave
sevlab-01602,Bright harsh sunlight over a main road in Uluberia; normal crowd with sun protection.,1,Minor waterlogging with no disruption to people or property.,heatwave
sevlab-01603,Damp highway stretch in Sahjanwa after a shower; normal traffic; shops open.,1,Minor waterlogging with no disruption to people or property.,flood
sevlab-01604,Strong winds bending trees on a main road in Beltola; rain lashing sideways.,2,Noticeable impact but daily life continues with adjustments.,cyclone
sevlab-01605,Severe cyclone landfall near Godowlia; uprooted trees and electric poles; houses with roofs torn off; a stranded auto-rickshaw half submerged.,4,Deep water across residential areas; critical rescue situation.,cyclone
sevlab-01606,Intense heatwave in Bairgania; nearly empty streets at noon; a man resting in shade showing heat exhaustion; people carrying belongings on their heads.,3,Water entering ground floors; relief assistance likely needed soon.,heatwave
sevlab-01607,Dark clouds gathering over Chandmari; rough sea; people moving indoors.,1,"Mild conditions; situation under control, no urgent action needed.",cyclone
sevlab-01608,Knee-to-thigh deep water in a village street in Ganeshguri; ground floors flooded; people moving to upper floors.,3,Significant flooding; evacuation of low-lying homes advised.,flood
sevlab-01609,Light rainwater puddles on a low-lying colony in Talabania; people walking normally with umbrellas; no disruption visible.,1,"Mild conditions; situation under control, no urgent action needed.",flood
sevlab-01610,Bright harsh sunlight over a bus stand in Kushmi; normal crowd with sun protection.,1,Minor waterlogging with no disruption to people or property.,heatwave
sevlab-01611,Light rainwater puddles on a village street in Pranpur; people walking normally with umbrellas; no disruption visible.,1,"Mild conditions; situation under control, no urgent action needed.",flood
sevlab-01612,Severe winds in Maligaon; uprooted small trees; waterlogging beginning.,3,Water entering ground floors; relief assistance likely needed soon.,cyclone
sevlab-01613,Damp residential lane in Jale after a shower; normal traffic; shops open.,1,Minor waterlogging with no disruption to people or property.,flood
sevlab-01614,Shin-deep rainwater on a village street in Banmankhi; pedestrians wading carefully; shops placing sandbags.,2,Moderate disruption; vulnerable people should take care.,flood
sevlab-01615,Overcast sky with strong winds in Sahjanwa; trees swaying; fishermen securing boats.,1,Minor waterlogging with no disruption to people or property.,cyclone
sevlab-01616,Ankle-deep waterlogging on a bus stand in Aminabad; two-wheelers moving slowly; children sitting on a raised platform.,2,Moderate disruption; vulnerable people should take care.,flood
sevlab-01617,Chest-deep fast-flowing floodwater across Gandhi Maidan; houses partially submerged with only roofs visible; people stranded on rooftops waving for help; submerged hand-pumps and shops.,5,Life-threatening flooding with people stranded; immediate mass rescue required.,flood
sevlab-01618,Knee-to-thigh deep water in a highway stretch in Kushmi; ground floors flooded; people moving to upper floors.,3,Knee-deep water affecting homes and movement; vulnerable people at risk.,flood
sevlab-01619,Knee-to-thigh deep water in a railway underpass in Benipur; ground floors flooded; people moving to upper floors.,3,Water entering ground floors; relief assistance likely needed soon.,flood
sevlab-01620,Intense heatwave in T Nagar; nearly empty streets at noon; a man resting in shade showing heat exhaustion; an elderly couple watching from a balcony.,3,Knee-deep water affecting homes and movement; vulnerable people at risk.,heatwave
sevlab-01621,Severe heatwave in Belaganj; elderly person collapsed near a bus stop; bystanders giving water; volunteers distributing water bottles.,4,Deep water across residential areas; critical rescue situation.,heatwave
sevlab-01622,Chest-high water rising in a market road in Naugachia; residents stranded on rooftops; children sitting on a raised platform.,4,Waist-deep water entering homes; residents stranded; urgent rescue needed.,flood
sevlab-01623,Very hot midday on a residential lane in Rupauli; shutters half-down; people carrying belongings on their heads.,2,Ankle-deep water slowing movement; manageable with precautions.,heatwave
sevlab-01624,Destructive winds battering Paltan Bazaar; collapsed boundary walls; streets flooded.,4,Waist-deep water entering homes; residents stranded; urgent rescue needed.,cyclone
sevlab-01625,Shin-deep rainwater on a railway underpass in Porur; pedestrians wading carefully; shops placing sandbags.,2,Ankle-deep water slowing movement; manageable with precautions.,flood
sevlab-01626,Severe winds in Sabour; uprooted small trees; waterlogging beginning.,3,Significant flooding; evacuation of low-lying homes advised.,cyclone
sevlab-01627,Shin-deep rainwater on a village street in Paltan Bazaar; pedestrians wading carefully; shops placing sandbags.,2,Moderate disruption; vulnerable people should take care.,flood
sevlab-01628,Bright harsh sunlight over a village street in Kasba; normal crowd with sun protection.,1,"Mild conditions; situation under control, no urgent action needed.",heatwave
sevlab-01629,Ankle-deep waterlogging on a school compound in Mushahari; two-wheelers moving slowly; a rescue boat visible in the distance.,2,Moderate disruption; vulnerable people should take care.,flood
sevlab-01630,Very hot midday on a market road in T Nagar; shutters half-down; people carrying belongings on their heads.,2,Moderate disruption; vulnerable people should take care.,heatwave
sevlab-01631,Cyclonic storm hitting Mohaddipur; fallen trees blocking the road; damaged shop signboards; submerged hand-pumps and shops.,3,Knee-deep water affecting homes and movement; vulnerable people at risk.,cyclone
sevlab-01632,Shin-deep rainwater on a village street in Dumra; pedestrians wading carefully; shops placing sandbags.,2,Noticeable impact but daily life continues with adjustments.,flood
sevlab-01633,Damp bus stand in Sursand after a shower; normal traffic; shops open.,1,Minor waterlogging with no disruption to people or property.,flood
sevlab-01634,Destructive winds battering Sealdah; collapsed boundary walls; streets flooded.,4,Deep water across residential areas; critical rescue situation.,cyclone
sevlab-01635,Damp highway stretch in Manihari after a shower; normal traffic; shops open.,1,Minor waterlogging with no disruption to people or property.,flood
sevlab-01636,Heavy rain and gusty winds in Dumra; tin roofs rattling; volunteers distributing water bottles.,2,Ankle-deep water slowing movement; manageable with precautions.,cyclone
sevlab-01637,Ankle-deep waterlogging on a bus stand in Gulabbagh; two-wheelers moving slowly; children sitting on a raised platform.,2,Moderate disruption; vulnerable people should take care.,flood
sevlab-01638,Heavy rain and gusty winds in Sahjanwa; tin roofs rattling; volunteers distributing water bottles.,2,Ankle-deep water slowing movement; manageable with precautions.,cyclone
sevlab-01639,Knee-to-thigh deep water in a school compound in Paltan Bazaar; ground floors flooded; people moving to upper floors.,3,Significant flooding; evacuation of low-lying homes advised.,flood
sevlab-01640,Scorching heat in Paltan Bazaar market; vendors covering stalls with wet cloth; people drinking water frequently.,2,Moderate disruption; vulnerable people should take care.,heatwave
sevlab-01641,Light rainwater puddles on a highway stretch in Porur; people walking normally with umbrellas; no disruption visible.,1,Light impact visible; monitoring is sufficient for now.,flood
sevlab-01642,Knee-deep floodwater covering a low-lying colony in Belsand; residents wading with belongings; a stranded auto-rickshaw half submerged.,3,Knee-deep water affecting homes and movement; vulnerable people at risk.,flood
sevlab-01643,Cyclonic storm hitting Chakratirtha; fallen trees blocking the road; damaged shop signboards; floating debris and household items.,3,Water entering ground floors; relief assistance likely needed soon.,cyclone
sevlab-01644,Hot sunny afternoon in Satyabadi; people using umbrellas; streets active.,1,Minor waterlogging with no disruption to people or property.,heatwave
sevlab-01645,Damp school compound in Pusa after a shower; normal traffic; shops open.,1,Minor waterlogging with no disruption to people or property.,flood
sevlab-01646,Light rainwater puddles on a school compound in Golghar; people walking normally with umbrellas; no disruption visible.,1,Minor waterlogging with no disruption to people or property.,flood
sevlab-01647,Knee-to-thigh deep water in a riverside ghat in Gomti Nagar; ground floors flooded; people moving to upper floors.,3,Significant flooding; evacuation of low-lying homes advised.,flood
sevlab-01648,Heavy rain and gusty winds in Bally; tin roofs rattling; a rescue boat visible in the distance.,2,Moderate disruption; vulnerable people should take care.,cyclone
sevlab-01649,Severe flooding in Kamptee; entire highway stretch underwater; families on rooftops; floating debris and household items.,5,Extreme danger to life; highest-priority rescue operation.,flood
sevlab-01650,Scorching heat in Baruraj market; vendors covering stalls with wet cloth; people drinking water frequently.,2,Moderate disruption; vulnerable people should take care.,heatwave
sevlab-01651,Overcast sky with strong winds in Mushahari; trees swaying; fishermen securing boats.,1,Light impact visible; monitoring is sufficient for now.,cyclone
sevlab-01652,Ankle-deep waterlogging on a residential lane in Pandeypur; two-wheelers moving slowly; a rescue boat visible in the distance.,2,Moderate disruption; vulnerable people should take care.,flood
sevlab-01653,Extreme heat in Ganeshguri; thermometer reading dangerously high; streets deserted.,4,Deep water across residential areas; critical rescue situation.,heatwave
sevlab-01654,Chest-high water rising in a riverside ghat in Raghopur; residents stranded on rooftops; children sitting on a raised platform.,4,Waist-deep water entering homes; residents stranded; urgent rescue needed.,flood
sevlab-01655,Light rainwater puddles on a market road in Velachery; people walking normally with umbrellas; no disruption visible.,1,Light impact visible; monitoring is sufficient for now.,flood
sevlab-01656,Heavy rain and gusty winds in Manihari; tin roofs rattling; power lines hanging low over the water.,2,Ankle-deep water slowing movement; manageable with precautions.,cyclone
sevlab-01657,Massive storm surge flooding Aliganj; boats washed onto roads; a stranded auto-rickshaw half submerged.,5,Extreme danger to life; highest-priority rescue operation.,cyclone
sevlab-01658,Strong winds bending trees on a highway stretch in Velachery; rain lashing sideways.,2,Ankle-deep water slowing movement; manageable with precautions.,cyclone
sevlab-01659,Hot sunny afternoon in Phulwari Sharif; people using umbrellas; streets active.,1,Light impact visible; monitoring is sufficient for now.,heatwave
sevlab-01660,Bright harsh sunlight over a residential lane in Indira Nagar; normal crowd with sun protection.,1,Minor waterlogging with no disruption to people or property.,heatwave
sevlab-01661,Knee-deep floodwater covering a school compound in Mohaddipur; residents wading with belongings; people carrying belongings on their heads.,3,Significant flooding; evacuation of low-lying homes advised.,flood
sevlab-01662,Shin-deep rainwater on a market road in Keoti; pedestrians wading carefully; shops placing sandbags.,2,Noticeable impact but daily life continues with adjustments.,flood
sevlab-01663,Light rainwater puddles on a highway stretch in Dharampeth; people walking normally with umbrellas; no disruption visible.,1,"Mild conditions; situation under control, no urgent action needed.",flood
sevlab-01664,Cyclonic storm hitting Tilkamanjhi; fallen trees blocking the road; damaged shop signboards; floating debris and household items.,3,Water entering ground floors; relief assistance likely needed soon.,cyclone
sevlab-01665,Knee-deep floodwater covering a riverside ghat in Sea Beach Road; residents wading with belongings; people carrying belongings on their heads.,3,Knee-deep water affecting homes and movement; vulnerable people at risk.,flood
sevlab-01666,Hot sunny afternoon in Barsoi; people using umbrellas; streets active.,1,Light impact visible; monitoring is sufficient for now.,heatwave
sevlab-01667,Light rainwater puddles on a market road in Sursand; people walking normally with umbrellas; no disruption visible.,1,Light impact visible; monitoring is sufficient for now.,flood
sevlab-01668,Ankle-deep waterlogging on a riverside ghat in Lalganj; two-wheelers moving slowly; a rescue boat visible in the distance.,2,Ankle-deep water slowing movement; manageable with precautions.,flood
sevlab-01669,Massive storm surge flooding Sursand; boats washed onto roads; an elderly couple watching from a balcony.,5,Extreme danger to life; highest-priority rescue operation.,cyclone
sevlab-01670,Light rainwater puddles on a village street in Bidupur; people walking normally with umbrellas; no disruption visible.,1,Minor waterlogging with no disruption to people or property.,flood
sevlab-01671,Shin-deep rainwater on a school compound in Talabania; pedestrians wading carefully; shops placing sandbags.,2,Ankle-deep water slowing movement; manageable with precautions.,flood
sevlab-01672,Damp market road in Pandeypur after a shower; normal traffic; shops open.,1,"Mild conditions; situation under control, no urgent action needed.",flood
sevlab-01673,Knee-deep floodwater covering a school compound in Godowlia; residents wading with belongings; submerged hand-pumps and shops.,3,Significant flooding; evacuation of low-lying homes advised.,flood
sevlab-01674,Cyclonic storm hitting Liluah; fallen trees blocking the road; damaged shop signboards; volunteers distributing water bottles.,3,Knee-deep water affecting homes and movement; vulnerable people at risk.,cyclone
sevlab-01675,Chest-deep fast-flowing floodwater across Ashok Rajpath; houses partially submerged with only roofs visible; people stranded on rooftops waving for help; a rescue boat visible in the distance.,5,Catastrophic conditions; large-scale emergency response needed.,flood
sevlab-01676,Light rainwater puddles on a residential lane in Bahadurpur; people walking normally with umbrellas; no disruption visible.,1,"Mild conditions; situation under control, no urgent action needed.",flood
sevlab-01677,Ankle-deep waterlogging on a school compound in Rosera; two-wheelers moving slowly; children sitting on a raised platform.,2,Ankle-deep water slowing movement; manageable with precautions.,flood
sevlab-01678,Overcast sky with strong winds in Sahebganj; trees swaying; fishermen securing boats.,1,Light impact visible; monitoring is sufficient for now.,cyclone
sevlab-01679,Shin-deep rainwater on a village street in Satyabadi; pedestrians wading carefully; shops placing sandbags.,2,Noticeable impact but daily life continues with adjustments.,flood
sevlab-01680,Deadly heatwave in Liluah; hospital entrance crowded; shops shuttered in peak afternoon.,5,Catastrophic conditions; large-scale emergency response needed.,heatwave
sevlab-01681,Massive storm surge flooding Sealdah; boats washed onto roads; volunteers distributing water bottles.,5,Catastrophic conditions; large-scale emergency response needed.,cyclone
sevlab-01682,Blazing heat over Bally; cracked dry ground; labourers resting under a tree.,3,Water entering ground floors; relief assistance likely needed soon.,heatwave
sevlab-01683,Knee-to-thigh deep water in a bus stand in Pusa; ground floors flooded; people moving to upper floors.,3,Water entering ground floors; relief assistance likely needed soon.,flood
sevlab-01684,Ankle-deep waterlogging on a school compound in Aliganj; two-wheelers moving slowly; people carrying belongings on their heads.,2,Moderate disruption; vulnerable people should take care.,flood
sevlab-01685,Ankle-deep waterlogging on a railway underpass in Phulwari Sharif; two-wheelers moving slowly; a stranded auto-rickshaw half submerged.,2,Ankle-deep water slowing movement; manageable with precautions.,flood
sevlab-01686,Severe flooding in Chandmari; entire bus stand underwater; families on rooftops; children sitting on a raised platform.,5,Life-threatening flooding with people stranded; immediate mass rescue required.,flood
sevlab-01687,Knee-deep floodwater covering a riverside ghat in Gandhi Maidan; residents wading with belongings; children sitting on a raised platform.,3,Water entering ground floors; relief assistance likely needed soon.,flood
sevlab-01688,Severe winds in Beltola; uprooted small trees; waterlogging beginning.,3,Significant flooding; evacuation of low-lying homes advised.,cyclone
sevlab-01689,Hot sunny afternoon in Kushmi; people using umbrellas; streets active.,1,Minor waterlogging with no disruption to people or property.,heatwave
sevlab-01690,Knee-deep floodwater covering a highway stretch in Gomti Nagar; residents wading with belongings; children sitting on a raised platform.,3,Water entering ground floors; relief assistance likely needed soon.,flood
sevlab-01691,Severe cyclone landfall near Manpur; uprooted trees and electric poles; houses with roofs torn off; power lines hanging low over the water.,4,Severe flooding with people trapped; immediate evacuation required.,cyclone
sevlab-01692,Knee-to-thigh deep water in a village street in Dumra; ground floors flooded; people moving to upper floors.,3,Knee-deep water affecting homes and movement; vulnerable people at risk.,flood
sevlab-01693,Scorching heat in Khanpur market; vendors covering stalls with wet cloth; people drinking water frequently.,2,Noticeable impact but daily life continues with adjustments.,heatwave
sevlab-01694,Severe heatwave in Danapur; elderly person collapsed near a bus stop; bystanders giving water; a stranded auto-rickshaw half submerged.,4,Severe flooding with people trapped; immediate evacuation required.,heatwave
sevlab-01695,Scorching heat in Sealdah market; vendors covering stalls with wet cloth; people drinking water frequently.,2,Moderate disruption; vulnerable people should take care.,heatwave
sevlab-01696,Heavy rain and gusty winds in Dharampeth; tin roofs rattling; an elderly couple watching from a balcony.,2,Noticeable impact but daily life continues with adjustments.,cyclone
sevlab-01697,Heavy rain and gusty winds in Satyabadi; tin roofs rattling; people carrying belongings on their heads.,2,Noticeable impact but daily life continues with adjustments.,cyclone
sevlab-01698,Extreme heat in Gomti Nagar; thermometer reading dangerously high; streets deserted.,4,Waist-deep water entering homes; residents stranded; urgent rescue needed.,heatwave
sevlab-01699,Knee-deep floodwater covering a school compound in Kushmi; residents wading with belongings; children sitting on a raised platform.,3,Knee-deep water affecting homes and movement; vulnerable people at risk.,flood
sevlab-01700,Cyclonic storm hitting Motihari Road; fallen trees blocking the road; damaged shop signboards; a rescue boat visible in the distance.,3,Knee-deep water affecting homes and movement; vulnerable people at risk.,cyclone
sevlab-01701,Knee-deep floodwater covering a residential lane in Bairgania; residents wading with belongings; children sitting on a raised platform.,3,Significant flooding; evacuation of low-lying homes advised.,flood
sevlab-01702,Severe flooding in Dhamdaha; entire market road underwater; families on rooftops; a stranded auto-rickshaw half submerged.,5,Life-threatening flooding with people stranded; immediate mass rescue required.,flood
sevlab-01703,Knee-deep floodwater covering a residential lane in Rupauli; residents wading with belongings; people carrying belongings on their heads.,3,Water entering ground floors; relief assistance likely needed soon.,flood
sevlab-01704,Severe flooding in Maligaon; entire low-lying colony underwater; families on rooftops; floating debris and household items.,5,Life-threatening flooding with people stranded; immediate mass rescue required.,flood
sevlab-01705,Chest-deep fast-flowing floodwater across Manpur; houses partially submerged with only roofs visible; people stranded on rooftops waving for help; submerged hand-pumps and shops.,5,Extreme danger to life; highest-priority rescue operation.,flood
sevlab-01706,Severe cyclone landfall near Anna Nagar; uprooted trees and electric poles; houses with roofs torn off; people carrying belongings on their heads.,4,Waist-deep water entering homes; residents stranded; urgent rescue needed.,cyclone
sevlab-01707,Heavy rain and gusty winds in Dalsinghsarai; tin roofs rattling; a rescue boat visible in the distance.,2,Noticeable impact but daily life continues with adjustments.,cyclone
sevlab-01708,Chest-high water rising in a village street in Mohanbari; residents stranded on rooftops; floating debris and household items.,4,Deep water across residential areas; critical rescue situation.,flood
sevlab-01709,Bright harsh sunlight over a railway underpass in Benipur; normal crowd with sun protection.,1,Minor waterlogging with no disruption to people or property.,heatwave
sevlab-01710,Damp main road in Mushahari after a shower; normal traffic; shops open.,1,Minor waterlogging with no disruption to people or property.,flood
sevlab-01711,Ankle-deep waterlogging on a market road in Rupauli; two-wheelers moving slowly; children sitting on a raised platform.,2,Moderate disruption; vulnerable people should take care.,flood
sevlab-01712,Heavy rain and gusty winds in Sigra; tin roofs rattling; a stranded auto-rickshaw half submerged.,2,Moderate disruption; vulnerable people should take care.,cyclone
sevlab-01713,Catastrophic cyclone devastation in Hingna; collapsed buildings; submerged streets; rescue teams evacuating residents; power lines hanging low over the water.,5,Extreme danger to life; highest-priority rescue operation.,cyclone
sevlab-01714,Light rainwater puddles on a residential lane in Kursela; people walking normally with umbrellas; no disruption visible.,1,"Mild conditions; situation under control, no urgent action needed.",flood
sevlab-01715,Shin-deep rainwater on a village street in Jale; pedestrians wading carefully; shops placing sandbags.,2,Moderate disruption; vulnerable people should take care.,flood
sevlab-01716,Knee-to-thigh deep water in a village street in Kankarbagh; ground floors flooded; people moving to upper floors.,3,Water entering ground floors; relief assistance likely needed soon.,flood
sevlab-01717,Knee-deep floodwater covering a bus stand in Sabour; residents wading with belongings; children sitting on a raised platform.,3,Water entering ground floors; relief assistance likely needed soon.,flood
sevlab-01718,Knee-to-thigh deep water in a village street in Mahnar; ground floors flooded; people moving to upper floors.,3,Water entering ground floors; relief assistance likely needed soon.,flood
sevlab-01719,Light rainwater puddles on a residential lane in Bodh Gaya; people walking normally with umbrellas; no disruption visible.,1,Minor waterlogging with no disruption to people or property.,flood
sevlab-01720,Severe heatwave in Manpur; elderly person collapsed near a bus stop; bystanders giving water; power lines hanging low over the water.,4,Deep water across residential areas; critical rescue situation.,heatwave
sevlab-01721,Waist-deep brown floodwater submerging a village street in Golghar; water entering ground-floor homes; floating debris and household items.,4,Waist-deep water entering homes; residents stranded; urgent rescue needed.,flood
sevlab-01722,Bright harsh sunlight over a bus stand in Godowlia; normal crowd with sun protection.,1,Minor waterlogging with no disruption to people or property.,heatwave
sevlab-01723,Waist-deep brown floodwater submerging a village street in Dharampeth; water entering ground-floor homes; a dog swimming across the lane.,4,Waist-deep water entering homes; residents stranded; urgent rescue needed.,flood
sevlab-01724,Scorching heat in Chakratirtha market; vendors covering stalls with wet cloth; people drinking water frequently.,2,Moderate disruption; vulnerable people should take care.,heatwave
sevlab-01725,Shin-deep rainwater on a market road in Sahebganj; pedestrians wading carefully; shops placing sandbags.,2,Ankle-deep water slowing movement; manageable with precautions.,flood
sevlab-01726,Severe cyclone landfall near Hingna; uprooted trees and electric poles; houses with roofs torn off; a stranded auto-rickshaw half submerged.,4,Deep water across residential areas; critical rescue situation.,cyclone
sevlab-01727,Shin-deep rainwater on a riverside ghat in Liluah; pedestrians wading carefully; shops placing sandbags.,2,Moderate disruption; vulnerable people should take care.,flood
sevlab-01728,Heavy rain and gusty winds in Beltola; tin roofs rattling; a rescue boat visible in the distance.,2,Moderate disruption; vulnerable people should take care.,cyclone
sevlab-01729,Heavy rain and gusty winds in Gulabbagh; tin roofs rattling; submerged hand-pumps and shops.,2,Ankle-deep water slowing movement; manageable with precautions.,cyclone
sevlab-01730,Heavy rain and gusty winds in Santragachi; tin roofs rattling; volunteers distributing water bottles.,2,Moderate disruption; vulnerable people should take care.,cyclone
sevlab-01731,Severe heatwave in Sultanganj; elderly person collapsed near a bus stop; bystanders giving water; a dog swimming across the lane.,4,Deep water across residential areas; critical rescue situation.,heatwave
sevlab-01732,Bright harsh sunlight over a main road in Barsoi; normal crowd with sun protection.,1,Light impact visible; monitoring is sufficient for now.,heatwave
sevlab-01733,Severe cyclone landfall near Sealdah; uprooted trees and electric poles; houses with roofs torn off; a rescue boat visible in the distance.,4,Deep water across residential areas; critical rescue situation.,cyclone
sevlab-01734,Light rainwater puddles on a main road in Paltan Bazaar; people walking normally with umbrellas; no disruption visible.,1,"Mild conditions; situation under control, no urgent action needed.",flood
sevlab-01735,Severe winds in Naugachia; uprooted small trees; waterlogging beginning.,3,Knee-deep water affecting homes and movement; vulnerable people at risk.,cyclone
sevlab-01736,Knee-to-thigh deep water in a main road in Velachery; ground floors flooded; people moving to upper floors.,3,Significant flooding; evacuation of low-lying homes advised.,flood
sevlab-01737,Damp highway stretch in Rupauli after a shower; normal traffic; shops open.,1,"Mild conditions; situation under control, no urgent action needed.",flood
sevlab-01738,Bright harsh sunlight over a village street in Aminabad; normal crowd with sun protection.,1,Light impact visible; monitoring is sufficient for now.,heatwave
sevlab-01739,Ankle-deep waterlogging on a highway stretch in Dalsinghsarai; two-wheelers moving slowly; an elderly couple watching from a balcony.,2,Ankle-deep water slowing movement; manageable with precautions.,flood
sevlab-01740,Very hot midday on a residential lane in Manpur; shutters half-down; a rescue boat visible in the distance.,2,Ankle-deep water slowing movement; manageable with precautions.,heatwave
sevlab-01741,Shin-deep rainwater on a residential lane in Sea Beach Road; pedestrians wading carefully; shops placing sandbags.,2,Ankle-deep water slowing movement; manageable with precautions.,flood
sevlab-01742,Ankle-deep waterlogging on a railway underpass in Bahadurpur; two-wheelers moving slowly; floating debris and household items.,2,Ankle-deep water slowing movement; manageable with precautions.,flood
sevlab-01743,Strong winds bending trees on a residential lane in Laheriasarai; rain lashing sideways.,2,Moderate disruption; vulnerable people should take care.,cyclone
sevlab-01744,Chest-deep fast-flowing floodwater across Belsand; houses partially submerged with only roofs visible; people stranded on rooftops waving for help; children sitting on a raised platform.,5,Extreme danger to life; highest-priority rescue operation.,flood
sevlab-01745,Knee-to-thigh deep water in a riverside ghat in Mohanbari; ground floors flooded; people moving to upper floors.,3,Water entering ground floors; relief assistance likely needed soon.,flood
sevlab-01746,Waist-deep brown floodwater submerging a railway underpass in Sultanganj; water entering ground-floor homes; people carrying belongings on their heads.,4,Deep water across residential areas; critical rescue situation.,flood
sevlab-01747,Knee-deep floodwater covering a village street in Talabania; residents wading with belongings; an elderly couple watching from a balcony.,3,Knee-deep water affecting homes and movement; vulnerable people at risk.,flood
sevlab-01748,Strong winds bending trees on a village street in Gomti Nagar; rain lashing sideways.,2,Noticeable impact but daily life continues with adjustments.,cyclone
sevlab-01749,Ankle-deep waterlogging on a low-lying colony in Belaganj; two-wheelers moving slowly; children sitting on a raised platform.,2,Moderate disruption; vulnerable people should take care.,flood
sevlab-01750,Damp school compound in Satyabadi after a shower; normal traffic; shops open.,1,Light impact visible; monitoring is sufficient for now.,flood
sevlab-01751,Shin-deep rainwater on a main road in Uluberia; pedestrians wading carefully; shops placing sandbags.,2,Noticeable impact but daily life continues with adjustments.,flood
sevlab-01752,Severe heatwave in Belsand; elderly person collapsed near a bus stop; bystanders giving water; people carrying belongings on their heads.,4,Deep water across residential areas; critical rescue situation.,heatwave
sevlab-01753,Strong winds bending trees on a riverside ghat in Sherghati; rain lashing sideways.,2,Moderate disruption; vulnerable people should take care.,cyclone
sevlab-01754,Knee-deep floodwater covering a highway stretch in Howrah Bridge; residents wading with belongings; power lines hanging low over the water.,3,Water entering ground floors; relief assistance likely needed soon.,flood
sevlab-01755,Chest-high water rising in a riverside ghat in Dum Dum; residents stranded on rooftops; power lines hanging low over the water.,4,Deep water across residential areas; critical rescue situation.,flood
sevlab-01756,Damp riverside ghat in Pusa after a shower; normal traffic; shops open.,1,Minor waterlogging with no disruption to people or property.,flood
sevlab-01757,Shin-deep rainwater on a village street in Barsoi; pedestrians wading carefully; shops placing sandbags.,2,Moderate disruption; vulnerable people should take care.,flood
sevlab-01758,Waist-deep brown floodwater submerging a railway underpass in Baruraj; water entering ground-floor homes; people carrying belongings on their heads.,4,Waist-deep water entering homes; residents stranded; urgent rescue needed.,flood
sevlab-01759,Light rainwater puddles on a school compound in Kamptee; people walking normally with umbrellas; no disruption visible.,1,"Mild conditions; situation under control, no urgent action needed.",flood
sevlab-01760,Destructive winds battering Sea Beach Road; collapsed boundary walls; streets flooded.,4,Severe flooding with people trapped; immediate evacuation required.,cyclone
sevlab-01761,Very hot midday on a market road in Sealdah; shutters half-down; a rescue boat visible in the distance.,2,Ankle-deep water slowing movement; manageable with precautions.,heatwave
sevlab-01762,Ankle-deep waterlogging on a school compound in Sultanganj; two-wheelers moving slowly; a stranded auto-rickshaw half submerged.,2,Moderate disruption; vulnerable people should take care.,flood
sevlab-01763,Light rainwater puddles on a school compound in Gandhi Maidan; people walking normally with umbrellas; no disruption visible.,1,"Mild conditions; situation under control, no urgent action needed.",flood
sevlab-01764,Waist-deep brown floodwater submerging a residential lane in Banmankhi; water entering ground-floor homes; children sitting on a raised platform.,4,Waist-deep water entering homes; residents stranded; urgent rescue needed.,flood
sevlab-01765,Hot sunny afternoon in Pusa; people using umbrellas; streets active.,1,Light impact visible; monitoring is sufficient for now.,heatwave
sevlab-01766,Dark clouds gathering over Bally; rough sea; people moving indoors.,1,Minor waterlogging with no disruption to people or property.,cyclone
sevlab-01767,Ankle-deep waterlogging on a highway stretch in Santragachi; two-wheelers moving slowly; a rescue boat visible in the distance.,2,Moderate disruption; vulnerable people should take care.,flood
sevlab-01768,Shin-deep rainwater on a riverside ghat in Howrah Bridge; pedestrians wading carefully; shops placing sandbags.,2,Ankle-deep water slowing movement; manageable with precautions.,flood
sevlab-01769,Chest-high water rising in a market road in Mushahari; residents stranded on rooftops; floating debris and household items.,4,Waist-deep water entering homes; residents stranded; urgent rescue needed.,flood
sevlab-01770,Overcast sky with strong winds in Shibpur; trees swaying; fishermen securing boats.,1,"Mild conditions; situation under control, no urgent action needed.",cyclone
sevlab-01771,Damp bus stand in Sea Beach Road after a shower; normal traffic; shops open.,1,Light impact visible; monitoring is sufficient for now.,flood
sevlab-01772,Cyclonic storm hitting Lalganj; fallen trees blocking the road; damaged shop signboards; a rescue boat visible in the distance.,3,Knee-deep water affecting homes and movement; vulnerable people at risk.,cyclone
sevlab-01773,Ankle-deep waterlogging on a bus stand in Pusa; two-wheelers moving slowly; a dog swimming across the lane.,2,Moderate disruption; vulnerable people should take care.,flood
sevlab-01774,Knee-deep floodwater covering a low-lying colony in Chakratirtha; residents wading with belongings; floating debris and household items.,3,Knee-deep water affecting homes and movement; vulnerable people at risk.,flood
sevlab-01775,Heavy rain and gusty winds in Kahalgaon; tin roofs rattling; a stranded auto-rickshaw half submerged.,2,Noticeable impact but daily life continues with adjustments.,cyclone
sevlab-01776,Light rainwater puddles on a school compound in Sahebganj; people walking normally with umbrellas; no disruption visible.,1,"Mild conditions; situation under control, no urgent action needed.",flood
sevlab-01777,Severe cyclone landfall near Ganeshguri; uprooted trees and electric poles; houses with roofs torn off; children sitting on a raised platform.,4,Severe flooding with people trapped; immediate evacuation required.,cyclone
sevlab-01778,Knee-to-thigh deep water in a market road in Baruraj; ground floors flooded; people moving to upper floors.,3,Significant flooding; evacuation of low-lying homes advised.,flood
sevlab-01779,Severe flooding in Porur; entire market road underwater; families on rooftops; children sitting on a raised platform.,5,Life-threatening flooding with people stranded; immediate mass rescue required.,flood
sevlab-01780,Scorching heat in Sahebganj market; vendors covering stalls with wet cloth; people drinking water frequently.,2,Noticeable impact but daily life continues with adjustments.,heatwave
sevlab-01781,Ankle-deep waterlogging on a railway underpass in Shibpur; two-wheelers moving slowly; an elderly couple watching from a balcony.,2,Moderate disruption; vulnerable people should take care.,flood
sevlab-01782,Chest-high water rising in a residential lane in Dalsinghsarai; residents stranded on rooftops; volunteers distributing water bottles.,4,Deep water across residential areas; critical rescue situation.,flood
sevlab-01783,Chest-high water rising in a residential lane in Anna Nagar; residents stranded on rooftops; power lines hanging low over the water.,4,Deep water across residential areas; critical rescue situation.,flood
sevlab-01784,Damp main road in Ashok Rajpath after a shower; normal traffic; shops open.,1,Light impact visible; monitoring is sufficient for now.,flood
sevlab-01785,Knee-deep floodwater covering a low-lying colony in Beltola; residents wading with belongings; power lines hanging low over the water.,3,Water entering ground floors; relief assistance likely needed soon.,flood
sevlab-01786,Severe winds in Belaganj; uprooted small trees; waterlogging beginning.,3,Knee-deep water affecting homes and movement; vulnerable people at risk.,cyclone
sevlab-01787,Shin-deep rainwater on a village street in Naugachia; pedestrians wading carefully; shops placing sandbags.,2,Moderate disruption; vulnerable people should take care.,flood
sevlab-01788,Light rainwater puddles on a riverside ghat in Bahadurpur; people walking normally with umbrellas; no disruption visible.,1,"Mild conditions; situation under control, no urgent action needed.",flood
sevlab-01789,Severe flooding in Salt Lake; entire bus stand underwater; families on rooftops; people carrying belongings on their heads.,5,Life-threatening flooding with people stranded; immediate mass rescue required.,flood
sevlab-01790,Severe flooding in Salt Lake; entire main road underwater; families on rooftops; a stranded auto-rickshaw half submerged.,5,Life-threatening flooding with people stranded; immediate mass rescue required.,flood
sevlab-01791,Strong winds bending trees on a railway underpass in Mancotta; rain lashing sideways.,2,Moderate disruption; vulnerable people should take care.,cyclone
sevlab-01792,Shin-deep rainwater on a railway underpass in Bahadurpur; pedestrians wading carefully; shops placing sandbags.,2,Ankle-deep water slowing movement; manageable with precautions.,flood
sevlab-01793,Severe winds in Banmankhi; uprooted small trees; waterlogging beginning.,3,Knee-deep water affecting homes and movement; vulnerable people at risk.,cyclone
sevlab-01794,Extreme heat emergency in Anna Nagar; multiple people fainted on the street; ambulance present; volunteers distributing water bottles.,5,Catastrophic conditions; large-scale emergency response needed.,heatwave
sevlab-01795,Shin-deep rainwater on a highway stretch in Velachery; pedestrians wading carefully; shops placing sandbags.,2,Moderate disruption; vulnerable people should take care.,flood
sevlab-01796,Deadly heatwave in Shibpur; hospital entrance crowded; shops shuttered in peak afternoon.,5,Life-threatening flooding with people stranded; immediate mass rescue required.,heatwave
sevlab-01797,Chest-high water rising in a village street in Chowk; residents stranded on rooftops; submerged hand-pumps and shops.,4,Severe flooding with people trapped; immediate evacuation required.,flood
sevlab-01798,Knee-deep floodwater covering a village street in Pipraich; residents wading with belongings; a stranded auto-rickshaw half submerged.,3,Water entering ground floors; relief assistance likely needed soon.,flood
sevlab-01799,Ankle-deep waterlogging on a market road in Sultanganj; two-wheelers moving slowly; a dog swimming across the lane.,2,Moderate disruption; vulnerable people should take care.,flood
sevlab-01800,Cyclonic storm hitting Boring Road; fallen trees blocking the road; damaged shop signboards; floating debris and household items.,3,Water entering ground floors; relief assistance likely needed soon.,cyclone
sevlab-01801,Knee-deep floodwater covering a residential lane in Rosera; residents wading with belongings; submerged hand-pumps and shops.,3,Water entering ground floors; relief assistance likely needed soon.,flood
sevlab-01802,Severe flooding in Rajendra Nagar; entire residential lane underwater; families on rooftops; people carrying belongings on their heads.,5,Catastrophic conditions; large-scale emergency response needed.,flood
sevlab-01803,Severe winds in T Nagar; uprooted small trees; waterlogging beginning.,3,Water entering ground floors; relief assistance likely needed soon.,cyclone
sevlab-01804,Shin-deep rainwater on a village street in Pranpur; pedestrians wading carefully; shops placing sandbags.,2,Ankle-deep water slowing movement; manageable with precautions.,flood
sevlab-01805,Shin-deep rainwater on a residential lane in Godowlia; pedestrians wading carefully; shops placing sandbags.,2,Ankle-deep water slowing movement; manageable with precautions.,flood
sevlab-01806,Heavy rain and gusty winds in Anna Nagar; tin roofs rattling; floating debris and household items.,2,Moderate disruption; vulnerable people should take care.,cyclone
sevlab-01807,Chest-deep fast-flowing floodwater across Motihari Road; houses partially submerged with only roofs visible; people stranded on rooftops waving for help; people carrying belongings on their heads.,5,Life-threatening flooding with people stranded; immediate mass rescue required.,flood
sevlab-01808,Severe flooding in Manihari; entire low-lying colony underwater; families on rooftops; a stranded auto-rickshaw half submerged.,5,Extreme danger to life; highest-priority rescue operation.,flood
sevlab-01809,Shin-deep rainwater on a highway stretch in Pranpur; pedestrians wading carefully; shops placing sandbags.,2,Noticeable impact but daily life continues with adjustments.,flood
sevlab-01810,Bright harsh sunlight over a school compound in Rosera; normal crowd with sun protection.,1,Minor waterlogging with no disruption to people or property.,heatwave
sevlab-01811,Intense heatwave in Barsoi; nearly empty streets at noon; a man resting in shade showing heat exhaustion; a rescue boat visible in the distance.,3,Water entering ground floors; relief assistance likely needed soon.,heatwave
sevlab-01812,Deadly heatwave in Lanka; hospital entrance crowded; shops shuttered in peak afternoon.,5,Life-threatening flooding with people stranded; immediate mass rescue required.,heatwave
sevlab-01813,Ankle-deep waterlogging on a village street in Gulabbagh; two-wheelers moving slowly; a stranded auto-rickshaw half submerged.,2,Noticeable impact but daily life continues with adjustments.,flood
sevlab-01814,Blazing heat over Pandeypur; cracked dry ground; labourers resting under a tree.,3,Water entering ground floors; relief assistance likely needed soon.,heatwave
sevlab-01815,Very hot midday on a highway stretch in Bodh Gaya; shutters half-down; volunteers distributing water bottles.,2,Ankle-deep water slowing movement; manageable with precautions.,heatwave
sevlab-01816,Intense heatwave in Kamptee; nearly empty streets at noon; a man resting in shade showing heat exhaustion; floating debris and household items.,3,Significant flooding; evacuation of low-lying homes advised.,heatwave
sevlab-01817,Bright harsh sunlight over a highway stretch in T Nagar; normal crowd with sun protection.,1,Minor waterlogging with no disruption to people or property.,heatwave
sevlab-01818,Damp riverside ghat in Sabour after a shower; normal traffic; shops open.,1,Light impact visible; monitoring is sufficient for now.,flood
sevlab-01819,Knee-to-thigh deep water in a market road in Ashok Rajpath; ground floors flooded; people moving to upper floors.,3,Water entering ground floors; relief assistance likely needed soon.,flood
sevlab-01820,Severe cyclone landfall near Mahnar; uprooted trees and electric poles; houses with roofs torn off; children sitting on a raised platform.,4,Waist-deep water entering homes; residents stranded; urgent rescue needed.,cyclone
sevlab-01821,Extreme heat emergency in Delang; multiple people fainted on the street; ambulance present; children sitting on a raised platform.,5,Life-threatening flooding with people stranded; immediate mass rescue required.,heatwave
sevlab-01822,Chest-high water rising in a school compound in Tekari; residents stranded on rooftops; submerged hand-pumps and shops.,4,Deep water across residential areas; critical rescue situation.,flood
sevlab-01823,Chest-deep fast-flowing floodwater across Bahadurpur; houses partially submerged with only roofs visible; people stranded on rooftops waving for help; an elderly couple watching from a balcony.,5,Catastrophic conditions; large-scale emergency response needed.,flood
sevlab-01824,Severe heatwave in Laheriasarai; elderly person collapsed near a bus stop; bystanders giving water; volunteers distributing water bottles.,4,Waist-deep water entering homes; residents stranded; urgent rescue needed.,heatwave
sevlab-01825,Chest-high water rising in a school compound in Bairgania; residents stranded on rooftops; submerged hand-pumps and shops.,4,Severe flooding with people trapped; immediate evacuation required.,flood
sevlab-01826,Chest-high water rising in a residential lane in Barsoi; residents stranded on rooftops; people carrying belongings on their heads.,4,Deep water across residential areas; critical rescue situation.,flood
sevlab-01827,Overcast sky with strong winds in Dhamdaha; trees swaying; fishermen securing boats.,1,Minor waterlogging with no disruption to people or property.,cyclone
sevlab-01828,Knee-to-thigh deep water in a school compound in Raghopur; ground floors flooded; people moving to upper floors.,3,Significant flooding; evacuation of low-lying homes advised.,flood
sevlab-01829,Severe winds in Aminabad; uprooted small trees; waterlogging beginning.,3,Knee-deep water affecting homes and movement; vulnerable people at risk.,cyclone
sevlab-01830,Knee-to-thigh deep water in a market road in Dhamdaha; ground floors flooded; people moving to upper floors.,3,Knee-deep water affecting homes and movement; vulnerable people at risk.,flood
sevlab-01831,Bright harsh sunlight over a railway underpass in Mohanbari; normal crowd with sun protection.,1,Light impact visible; monitoring is sufficient for now.,heatwave
sevlab-01832,Light rainwater puddles on a residential lane in Naugachia; people walking normally with umbrellas; no disruption visible.,1,"Mild conditions; situation under control, no urgent action needed.",flood
sevlab-01833,Intense heatwave in Delang; nearly empty streets at noon; a man resting in shade showing heat exhaustion; people carrying belongings on their heads.,3,Knee-deep water affecting homes and movement; vulnerable people at risk.,heatwave
sevlab-01834,Knee-to-thigh deep water in a bus stand in Chakratirtha; ground floors flooded; people moving to upper floors.,3,Significant flooding; evacuation of low-lying homes advised.,flood
sevlab-01835,Destructive winds battering Sultanganj; collapsed boundary walls; streets flooded.,4,Waist-deep water entering homes; residents stranded; urgent rescue needed.,cyclone
sevlab-01836,Very hot midday on a low-lying colony in Sherghati; shutters half-down; floating debris and household items.,2,Moderate disruption; vulnerable people should take care.,heatwave
sevlab-01837,Damp low-lying colony in Bahadurpur after a shower; normal traffic; shops open.,1,Minor waterlogging with no disruption to people or property.,flood
sevlab-01838,Scorching heat in Belaganj market; vendors covering stalls with wet cloth; people drinking water frequently.,2,Moderate disruption; vulnerable people should take care.,heatwave
sevlab-01839,Light rainwater puddles on a bus stand in Sultanganj; people walking normally with umbrellas; no disruption visible.,1,"Mild conditions; situation under control, no urgent action needed.",flood
sevlab-01840,Ankle-deep waterlogging on a highway stretch in Dharampeth; two-wheelers moving slowly; volunteers distributing water bottles.,2,Ankle-deep water slowing movement; manageable with precautions.,flood
sevlab-01841,Dark clouds gathering over Gomti Nagar; rough sea; people moving indoors.,1,"Mild conditions; situation under control, no urgent action needed.",cyclone
sevlab-01842,Heavy rain and gusty winds in Sigra; tin roofs rattling; a rescue boat visible in the distance.,2,Ankle-deep water slowing movement; manageable with precautions.,cyclone
sevlab-01843,Bright harsh sunlight over a bus stand in Sahebganj; normal crowd with sun protection.,1,Light impact visible; monitoring is sufficient for now.,heatwave
sevlab-01844,Blazing heat over Khanpur; cracked dry ground; labourers resting under a tree.,3,Water entering ground floors; relief assistance likely needed soon.,heatwave
sevlab-01845,Ankle-deep waterlogging on a highway stretch in Lanka; two-wheelers moving slowly; power lines hanging low over the water.,2,Ankle-deep water slowing movement; manageable with precautions.,flood
sevlab-01846,Light rainwater puddles on a riverside ghat in Pusa; people walking normally with umbrellas; no disruption visible.,1,Light impact visible; monitoring is sufficient for now.,flood
sevlab-01847,Knee-to-thigh deep water in a railway underpass in Aliganj; ground floors flooded; people moving to upper floors.,3,Knee-deep water affecting homes and movement; vulnerable people at risk.,flood
sevlab-01848,Blazing heat over Beltola; cracked dry ground; labourers resting under a tree.,3,Water entering ground floors; relief assistance likely needed soon.,heatwave
sevlab-01849,Dark clouds gathering over Ganeshguri; rough sea; people moving indoors.,1,Minor waterlogging with no disruption to people or property.,cyclone
sevlab-01850,Damp school compound in Maligaon after a shower; normal traffic; shops open.,1,"Mild conditions; situation under control, no urgent action needed.",flood
sevlab-01851,Knee-to-thigh deep water in a highway stretch in Manihari; ground floors flooded; people moving to upper floors.,3,Water entering ground floors; relief assistance likely needed soon.,flood
sevlab-01852,Ankle-deep waterlogging on a market road in Sherghati; two-wheelers moving slowly; volunteers distributing water bottles.,2,Noticeable impact but daily life continues with adjustments.,flood
sevlab-01853,Damp school compound in Dumra after a shower; normal traffic; shops open.,1,Minor waterlogging with no disruption to people or property.,flood
sevlab-01854,Chest-deep fast-flowing floodwater across Ganeshguri; houses partially submerged with only roofs visible; people stranded on rooftops waving for help; power lines hanging low over the water.,5,Catastrophic conditions; large-scale emergency response needed.,flood
sevlab-01855,Heavy rain and gusty winds in Godowlia; tin roofs rattling; a stranded auto-rickshaw half submerged.,2,Noticeable impact but daily life continues with adjustments.,cyclone
sevlab-01856,Shin-deep rainwater on a highway stretch in Hingna; pedestrians wading carefully; shops placing sandbags.,2,Moderate disruption; vulnerable people should take care.,flood
sevlab-01857,Light rainwater puddles on a village street in Ganeshguri; people walking normally with umbrellas; no disruption visible.,1,Minor waterlogging with no disruption to people or property.,flood
sevlab-01858,Ankle-deep waterlogging on a highway stretch in Keoti; two-wheelers moving slowly; an elderly couple watching from a balcony.,2,Noticeable impact but daily life continues with adjustments.,flood
sevlab-01859,Ankle-deep waterlogging on a village street in Mushahari; two-wheelers moving slowly; an elderly couple watching from a balcony.,2,Noticeable impact but daily life continues with adjustments.,flood
sevlab-01860,Knee-to-thigh deep water in a main road in Kankarbagh; ground floors flooded; people moving to upper floors.,3,Water entering ground floors; relief assistance likely needed soon.,flood
sevlab-01861,Severe cyclone landfall near Santragachi; uprooted trees and electric poles; houses with roofs torn off; power lines hanging low over the water.,4,Waist-deep water entering homes; residents stranded; urgent rescue needed.,cyclone
sevlab-01862,Chest-high water rising in a residential lane in Chakratirtha; residents stranded on rooftops; floating debris and household items.,4,Waist-deep water entering homes; residents stranded; urgent rescue needed.,flood
sevlab-01863,Ankle-deep waterlogging on a bus stand in Dharampeth; two-wheelers moving slowly; floating debris and household items.,2,Ankle-deep water slowing movement; manageable with precautions.,flood
sevlab-01864,Knee-deep floodwater covering a school compound in Sitabuldi; residents wading with belongings; volunteers distributing water bottles.,3,Significant flooding; evacuation of low-lying homes advised.,flood
sevlab-01865,Light rainwater puddles on a main road in Howrah Bridge; people walking normally with umbrellas; no disruption visible.,1,Light impact visible; monitoring is sufficient for now.,flood
sevlab-01866,Severe heatwave in Bally; elderly person collapsed near a bus stop; bystanders giving water; children sitting on a raised platform.,4,Deep water across residential areas; critical rescue situation.,heatwave
sevlab-01867,Very hot midday on a village street in Sigra; shutters half-down; power lines hanging low over the water.,2,Moderate disruption; vulnerable people should take care.,heatwave
sevlab-01868,Knee-to-thigh deep water in a low-lying colony in Keoti; ground floors flooded; people moving to upper floors.,3,Water entering ground floors; relief assistance likely needed soon.,flood
sevlab-01869,Damp school compound in Aliganj after a shower; normal traffic; shops open.,1,Light impact visible; monitoring is sufficient for now.,flood
sevlab-01870,Waist-deep brown floodwater submerging a market road in Tilkamanjhi; water entering ground-floor homes; volunteers distributing water bottles.,4,Severe flooding with people trapped; immediate evacuation required.,flood
sevlab-01871,Knee-deep floodwater covering a residential lane in Mohanbari; residents wading with belongings; children sitting on a raised platform.,3,Water entering ground floors; relief assistance likely needed soon.,flood
sevlab-01872,Heavy rain and gusty winds in Gulabbagh; tin roofs rattling; a rescue boat visible in the distance.,2,Moderate disruption; vulnerable people should take care.,cyclone
sevlab-01873,Hot sunny afternoon in Gomti Nagar; people using umbrellas; streets active.,1,"Mild conditions; situation under control, no urgent action needed.",heatwave
sevlab-01874,Heavy rain and gusty winds in Aliganj; tin roofs rattling; floating debris and household items.,2,Ankle-deep water slowing movement; manageable with precautions.,cyclone
sevlab-01875,Knee-deep floodwater covering a railway underpass in Mithapur; residents wading with belongings; volunteers distributing water bottles.,3,Water entering ground floors; relief assistance likely needed soon.,flood
sevlab-01876,Extreme heat in Godowlia; thermometer reading dangerously high; streets deserted.,4,Waist-deep water entering homes; residents stranded; urgent rescue needed.,heatwave
sevlab-01877,Ankle-deep waterlogging on a village street in Dhamdaha; two-wheelers moving slowly; a dog swimming across the lane.,2,Ankle-deep water slowing movement; manageable with precautions.,flood
sevlab-01878,Very hot midday on a highway stretch in Santragachi; shutters half-down; floating debris and household items.,2,Noticeable impact but daily life continues with adjustments.,heatwave
sevlab-01879,Shin-deep rainwater on a school compound in Indira Nagar; pedestrians wading carefully; shops placing sandbags.,2,Noticeable impact but daily life continues with adjustments.,flood
sevlab-01880,Deadly heatwave in Dum Dum; hospital entrance crowded; shops shuttered in peak afternoon.,5,Extreme danger to life; highest-priority rescue operation.,heatwave
sevlab-01881,Dark clouds gathering over Khanpur; rough sea; people moving indoors.,1,"Mild conditions; situation under control, no urgent action needed.",cyclone
sevlab-01882,Shin-deep rainwater on a low-lying colony in Mohanbari; pedestrians wading carefully; shops placing sandbags.,2,Ankle-deep water slowing movement; manageable with precautions.,flood
sevlab-01883,Shin-deep rainwater on a village street in Sherghati; pedestrians wading carefully; shops placing sandbags.,2,Noticeable impact but daily life continues with adjustments.,flood
sevlab-01884,Strong winds bending trees on a village street in Bally; rain lashing sideways.,2,Ankle-deep water slowing movement; manageable with precautions.,cyclone
sevlab-01885,Intense heatwave in Baruraj; nearly empty streets at noon; a man resting in shade showing heat exhaustion; a dog swimming across the lane.,3,Water entering ground floors; relief assistance likely needed soon.,heatwave
sevlab-01886,Knee-to-thigh deep water in a market road in Naliapool; ground floors flooded; people moving to upper floors.,3,Knee-deep water affecting homes and movement; vulnerable people at risk.,flood
sevlab-01887,Knee-deep floodwater covering a school compound in Baruraj; residents wading with belongings; a stranded auto-rickshaw half submerged.,3,Knee-deep water affecting homes and movement; vulnerable people at risk.,flood
sevlab-01888,Damp railway underpass in Kahalgaon after a shower; normal traffic; shops open.,1,"Mild conditions; situation under control, no urgent action needed.",flood
sevlab-01889,Waist-deep brown floodwater submerging a village street in Lalganj; water entering ground-floor homes; floating debris and household items.,4,Severe flooding with people trapped; immediate evacuation required.,flood
sevlab-01890,Ankle-deep waterlogging on a low-lying colony in Indira Nagar; two-wheelers moving slowly; a rescue boat visible in the distance.,2,Ankle-deep water slowing movement; manageable with precautions.,flood
sevlab-01891,Bright harsh sunlight over a main road in Raghopur; normal crowd with sun protection.,1,Light impact visible; monitoring is sufficient for now.,heatwave
sevlab-01892,Damp main road in Belsand after a shower; normal traffic; shops open.,1,"Mild conditions; situation under control, no urgent action needed.",flood
sevlab-01893,Knee-deep floodwater covering a main road in Dalsinghsarai; residents wading with belongings; a stranded auto-rickshaw half submerged.,3,Significant flooding; evacuation of low-lying homes advised.,flood
sevlab-01894,Ankle-deep waterlogging on a market road in Uluberia; two-wheelers moving slowly; floating debris and household items.,2,Noticeable impact but daily life continues with adjustments.,flood
sevlab-01895,Waist-deep brown floodwater submerging a railway underpass in Ganeshguri; water entering ground-floor homes; a rescue boat visible in the distance.,4,Severe flooding with people trapped; immediate evacuation required.,flood
sevlab-01896,Chest-high water rising in a riverside ghat in Phulwari Sharif; residents stranded on rooftops; volunteers distributing water bottles.,4,Severe flooding with people trapped; immediate evacuation required.,flood
sevlab-01897,Shin-deep rainwater on a market road in Sitabuldi; pedestrians wading carefully; shops placing sandbags.,2,Moderate disruption; vulnerable people should take care.,flood
sevlab-01898,Knee-to-thigh deep water in a railway underpass in Kadwa; ground floors flooded; people moving to upper floors.,3,Significant flooding; evacuation of low-lying homes advised.,flood
sevlab-01899,Shin-deep rainwater on a school compound in Godowlia; pedestrians wading carefully; shops placing sandbags.,2,Noticeable impact but daily life continues with adjustments.,flood
sevlab-01900,Cyclonic storm hitting Pranpur; fallen trees blocking the road; damaged shop signboards; a dog swimming across the lane.,3,Water entering ground floors; relief assistance likely needed soon.,cyclone
sevlab-01901,Knee-deep floodwater covering a residential lane in Keoti; residents wading with belongings; power lines hanging low over the water.,3,Significant flooding; evacuation of low-lying homes advised.,flood
sevlab-01902,Extreme heat in Tilkamanjhi; thermometer reading dangerously high; streets deserted.,4,Deep water across residential areas; critical rescue situation.,heatwave
sevlab-01903,Chest-high water rising in a village street in Bodh Gaya; residents stranded on rooftops; an elderly couple watching from a balcony.,4,Severe flooding with people trapped; immediate evacuation required.,flood
sevlab-01904,Strong winds bending trees on a residential lane in Manpur; rain lashing sideways.,2,Moderate disruption; vulnerable people should take care.,cyclone
sevlab-01905,Knee-to-thigh deep water in a residential lane in Motihari Road; ground floors flooded; people moving to upper floors.,3,Significant flooding; evacuation of low-lying homes advised.,flood
sevlab-01906,Shin-deep rainwater on a main road in Tilkamanjhi; pedestrians wading carefully; shops placing sandbags.,2,Ankle-deep water slowing movement; manageable with precautions.,flood
sevlab-01907,Severe winds in Manewada; uprooted small trees; waterlogging beginning.,3,Significant flooding; evacuation of low-lying homes advised.,cyclone
sevlab-01908,Hot sunny afternoon in Naliapool; people using umbrellas; streets active.,1,"Mild conditions; situation under control, no urgent action needed.",heatwave
sevlab-01909,Severe winds in Pranpur; uprooted small trees; waterlogging beginning.,3,Knee-deep water affecting homes and movement; vulnerable people at risk.,cyclone
sevlab-01910,Damp main road in Bairgania after a shower; normal traffic; shops open.,1,Minor waterlogging with no disruption to people or property.,flood
sevlab-01911,Strong winds bending trees on a railway underpass in Delang; rain lashing sideways.,2,Moderate disruption; vulnerable people should take care.,cyclone
sevlab-01912,Bright harsh sunlight over a school compound in Keoti; normal crowd with sun protection.,1,Minor waterlogging with no disruption to people or property.,heatwave
sevlab-01913,Severe flooding in Chowk; entire market road underwater; families on rooftops; floating debris and household items.,5,Extreme danger to life; highest-priority rescue operation.,flood
sevlab-01914,Deadly heatwave in Porur; hospital entrance crowded; shops shuttered in peak afternoon.,5,Life-threatening flooding with people stranded; immediate mass rescue required.,heatwave
sevlab-01915,Ankle-deep waterlogging on a bus stand in Pipraich; two-wheelers moving slowly; submerged hand-pumps and shops.,2,Moderate disruption; vulnerable people should take care.,flood
sevlab-01916,Shin-deep rainwater on a market road in Mahnar; pedestrians wading carefully; shops placing sandbags.,2,Moderate disruption; vulnerable people should take care.,flood
sevlab-01917,Heavy rain and gusty winds in Delang; tin roofs rattling; a stranded auto-rickshaw half submerged.,2,Noticeable impact but daily life continues with adjustments.,cyclone
sevlab-01918,Ankle-deep waterlogging on a market road in Pusa; two-wheelers moving slowly; power lines hanging low over the water.,2,Ankle-deep water slowing movement; manageable with precautions.,flood
sevlab-01919,Chest-high water rising in a residential lane in Manewada; residents stranded on rooftops; a stranded auto-rickshaw half submerged.,4,Waist-deep water entering homes; residents stranded; urgent rescue needed.,flood
sevlab-01920,Knee-deep floodwater covering a market road in Golghar; residents wading with belongings; a dog swimming across the lane.,3,Significant flooding; evacuation of low-lying homes advised.,flood
sevlab-01921,Light rainwater puddles on a market road in Sahebganj; people walking normally with umbrellas; no disruption visible.,1,Minor waterlogging with no disruption to people or property.,flood
sevlab-01922,Strong winds bending trees on a residential lane in Bodh Gaya; rain lashing sideways.,2,Noticeable impact but daily life continues with adjustments.,cyclone
sevlab-01923,Knee-to-thigh deep water in a riverside ghat in Ganeshguri; ground floors flooded; people moving to upper floors.,3,Water entering ground floors; relief assistance likely needed soon.,flood
sevlab-01924,Catastrophic cyclone devastation in Golghar; collapsed buildings; submerged streets; rescue teams evacuating residents; volunteers distributing water bottles.,5,Life-threatening flooding with people stranded; immediate mass rescue required.,cyclone
sevlab-01925,Scorching heat in Ganeshguri market; vendors covering stalls with wet cloth; people drinking water frequently.,2,Noticeable impact but daily life continues with adjustments.,heatwave
sevlab-01926,Waist-deep brown floodwater submerging a highway stretch in Indira Nagar; water entering ground-floor homes; volunteers distributing water bottles.,4,Waist-deep water entering homes; residents stranded; urgent rescue needed.,flood
sevlab-01927,Ankle-deep waterlogging on a residential lane in Sea Beach Road; two-wheelers moving slowly; a rescue boat visible in the distance.,2,Moderate disruption; vulnerable people should take care.,flood
sevlab-01928,Knee-deep floodwater covering a residential lane in Maligaon; residents wading with belongings; submerged hand-pumps and shops.,3,Knee-deep water affecting homes and movement; vulnerable people at risk.,flood
sevlab-01929,Massive storm surge flooding Bairgania; boats washed onto roads; children sitting on a raised platform.,5,Catastrophic conditions; large-scale emergency response needed.,cyclone
sevlab-01930,Dark clouds gathering over Mohanbari; rough sea; people moving indoors.,1,"Mild conditions; situation under control, no urgent action needed.",cyclone
sevlab-01931,Knee-to-thigh deep water in a riverside ghat in Baruraj; ground floors flooded; people moving to upper floors.,3,Knee-deep water affecting homes and movement; vulnerable people at risk.,flood
sevlab-01932,Overcast sky with strong winds in Laheriasarai; trees swaying; fishermen securing boats.,1,Light impact visible; monitoring is sufficient for now.,cyclone
sevlab-01933,Shin-deep rainwater on a highway stretch in Dhamdaha; pedestrians wading carefully; shops placing sandbags.,2,Moderate disruption; vulnerable people should take care.,flood
sevlab-01934,Knee-to-thigh deep water in a highway stretch in Mohaddipur; ground floors flooded; people moving to upper floors.,3,Water entering ground floors; relief assistance likely needed soon.,flood
sevlab-01935,Knee-deep floodwater covering a riverside ghat in Salt Lake; residents wading with belongings; an elderly couple watching from a balcony.,3,Significant flooding; evacuation of low-lying homes advised.,flood
sevlab-01936,Chest-deep fast-flowing floodwater across Mushahari; houses partially submerged with only roofs visible; people stranded on rooftops waving for help; people carrying belongings on their heads.,5,Catastrophic conditions; large-scale emergency response needed.,flood
sevlab-01937,Chest-high water rising in a railway underpass in Porur; residents stranded on rooftops; a dog swimming across the lane.,4,Deep water across residential areas; critical rescue situation.,flood
sevlab-01938,Hot sunny afternoon in Pranpur; people using umbrellas; streets active.,1,Minor waterlogging with no disruption to people or property.,heatwave
sevlab-01939,Damp residential lane in Hajipur after a shower; normal traffic; shops open.,1,Minor waterlogging with no disruption to people or property.,flood
sevlab-01940,Ankle-deep waterlogging on a main road in Chakratirtha; two-wheelers moving slowly; submerged hand-pumps and shops.,2,Noticeable impact but daily life continues with adjustments.,flood
sevlab-01941,Chest-deep fast-flowing floodwater across Chowk; houses partially submerged with only roofs visible; people stranded on rooftops waving for help; power lines hanging low over the water.,5,Extreme danger to life; highest-priority rescue operation.,flood
sevlab-01942,Hot sunny afternoon in Delang; people using umbrellas; streets active.,1,Minor waterlogging with no disruption to people or property.,heatwave
sevlab-01943,Light rainwater puddles on a residential lane in Chandmari; people walking normally with umbrellas; no disruption visible.,1,Light impact visible; monitoring is sufficient for now.,flood
sevlab-01944,Severe flooding in Rupauli; entire low-lying colony underwater; families on rooftops; a stranded auto-rickshaw half submerged.,5,Catastrophic conditions; large-scale emergency response needed.,flood
sevlab-01945,Knee-deep floodwater covering a railway underpass in Kamptee; residents wading with belongings; floating debris and household items.,3,Knee-deep water affecting homes and movement; vulnerable people at risk.,flood
sevlab-01946,Blazing heat over Hingna; cracked dry ground; labourers resting under a tree.,3,Significant flooding; evacuation of low-lying homes advised.,heatwave
sevlab-01947,Intense heatwave in Naliapool; nearly empty streets at noon; a man resting in shade showing heat exhaustion; people carrying belongings on their heads.,3,Significant flooding; evacuation of low-lying homes advised.,heatwave
sevlab-01948,Light rainwater puddles on a village street in Maligaon; people walking normally with umbrellas; no disruption visible.,1,"Mild conditions; situation under control, no urgent action needed.",flood
sevlab-01949,Extreme heat in Bally; thermometer reading dangerously high; streets deserted.,4,Deep water across residential areas; critical rescue situation.,heatwave
sevlab-01950,Heavy rain and gusty winds in Howrah Bridge; tin roofs rattling; people carrying belongings on their heads.,2,Noticeable impact but daily life continues with adjustments.,cyclone
sevlab-01951,Knee-deep floodwater covering a main road in Laheriasarai; residents wading with belongings; floating debris and household items.,3,Knee-deep water affecting homes and movement; vulnerable people at risk.,flood
sevlab-01952,Dark clouds gathering over Manpur; rough sea; people moving indoors.,1,"Mild conditions; situation under control, no urgent action needed.",cyclone
sevlab-01953,Heavy rain and gusty winds in Sherghati; tin roofs rattling; children sitting on a raised platform.,2,Noticeable impact but daily life continues with adjustments.,cyclone
sevlab-01954,Intense heatwave in Golghar; nearly empty streets at noon; a man resting in shade showing heat exhaustion; a rescue boat visible in the distance.,3,Knee-deep water affecting homes and movement; vulnerable people at risk.,heatwave
sevlab-01955,Knee-to-thigh deep water in a railway underpass in Kasba; ground floors flooded; people moving to upper floors.,3,Water entering ground floors; relief assistance likely needed soon.,flood
sevlab-01956,Ankle-deep waterlogging on a market road in Sigra; two-wheelers moving slowly; power lines hanging low over the water.,2,Moderate disruption; vulnerable people should take care.,flood
sevlab-01957,Damp school compound in Adyar after a shower; normal traffic; shops open.,1,Minor waterlogging with no disruption to people or property.,flood
sevlab-01958,Chest-deep fast-flowing floodwater across Pipraich; houses partially submerged with only roofs visible; people stranded on rooftops waving for help; power lines hanging low over the water.,5,Catastrophic conditions; large-scale emergency response needed.,flood
sevlab-01959,Massive storm surge flooding Pusa; boats washed onto roads; volunteers distributing water bottles.,5,Catastrophic conditions; large-scale emergency response needed.,cyclone
sevlab-01960,Bright harsh sunlight over a highway stretch in Dalsinghsarai; normal crowd with sun protection.,1,Light impact visible; monitoring is sufficient for now.,heatwave
sevlab-01961,Knee-to-thigh deep water in a low-lying colony in Sigra; ground floors flooded; people moving to upper floors.,3,Knee-deep water affecting homes and movement; vulnerable people at risk.,flood
sevlab-01962,Very hot midday on a low-lying colony in Chakratirtha; shutters half-down; submerged hand-pumps and shops.,2,Noticeable impact but daily life continues with adjustments.,heatwave
sevlab-01963,Very hot midday on a highway stretch in Lanka; shutters half-down; floating debris and household items.,2,Noticeable impact but daily life continues with adjustments.,heatwave
sevlab-01964,Ankle-deep waterlogging on a residential lane in Tajpur; two-wheelers moving slowly; volunteers distributing water bottles.,2,Moderate disruption; vulnerable people should take care.,flood
sevlab-01965,Damp low-lying colony in Kursela after a shower; normal traffic; shops open.,1,Light impact visible; monitoring is sufficient for now.,flood
sevlab-01966,Damp railway underpass in Rosera after a shower; normal traffic; shops open.,1,"Mild conditions; situation under control, no urgent action needed.",flood
sevlab-01967,Severe heatwave in Ashok Rajpath; elderly person collapsed near a bus stop; bystanders giving water; a stranded auto-rickshaw half submerged.,4,Deep water across residential areas; critical rescue situation.,heatwave
sevlab-01968,Strong winds bending trees on a village street in Jale; rain lashing sideways.,2,Moderate disruption; vulnerable people should take care.,cyclone
sevlab-01969,Intense heatwave in Mushahari; nearly empty streets at noon; a man resting in shade showing heat exhaustion; people carrying belongings on their heads.,3,Significant flooding; evacuation of low-lying homes advised.,heatwave
sevlab-01970,Chest-high water rising in a low-lying colony in Aminabad; residents stranded on rooftops; a rescue boat visible in the distance.,4,Deep water across residential areas; critical rescue situation.,flood
sevlab-01971,Strong winds bending trees on a main road in Dhamdaha; rain lashing sideways.,2,Ankle-deep water slowing movement; manageable with precautions.,cyclone
sevlab-01972,Strong winds bending trees on a residential lane in Sursand; rain lashing sideways.,2,Ankle-deep water slowing movement; manageable with precautions.,cyclone
sevlab-01973,Damp highway stretch in Bally after a shower; normal traffic; shops open.,1,Minor waterlogging with no disruption to people or property.,flood
sevlab-01974,Strong winds bending trees on a market road in Salt Lake; rain lashing sideways.,2,Noticeable impact but daily life continues with adjustments.,cyclone
sevlab-01975,Ankle-deep waterlogging on a railway underpass in Manihari; two-wheelers moving slowly; people carrying belongings on their heads.,2,Moderate disruption; vulnerable people should take care.,flood
sevlab-01976,Knee-deep floodwater covering a market road in Gulabbagh; residents wading with belongings; volunteers distributing water bottles.,3,Knee-deep water affecting homes and movement; vulnerable people at risk.,flood
sevlab-01977,Light rainwater puddles on a riverside ghat in Sherghati; people walking normally with umbrellas; no disruption visible.,1,Light impact visible; monitoring is sufficient for now.,flood
sevlab-01978,Severe flooding in Sealdah; entire residential lane underwater; families on rooftops; floating debris and household items.,5,Catastrophic conditions; large-scale emergency response needed.,flood
sevlab-01979,Ankle-deep waterlogging on a bus stand in Kamptee; two-wheelers moving slowly; power lines hanging low over the water.,2,Noticeable impact but daily life continues with adjustments.,flood
sevlab-01980,Hot sunny afternoon in Bahadurpur; people using umbrellas; streets active.,1,Minor waterlogging with no disruption to people or property.,heatwave
sevlab-01981,Ankle-deep waterlogging on a railway underpass in Salt Lake; two-wheelers moving slowly; submerged hand-pumps and shops.,2,Ankle-deep water slowing movement; manageable with precautions.,flood
sevlab-01982,Damp market road in Ganeshguri after a shower; normal traffic; shops open.,1,Light impact visible; monitoring is sufficient for now.,flood
sevlab-01983,Ankle-deep waterlogging on a school compound in Jale; two-wheelers moving slowly; children sitting on a raised platform.,2,Ankle-deep water slowing movement; manageable with precautions.,flood
sevlab-01984,Extreme heat emergency in Rupauli; multiple people fainted on the street; ambulance present; submerged hand-pumps and shops.,5,Extreme danger to life; highest-priority rescue operation.,heatwave
sevlab-01985,Light rainwater puddles on a market road in Pusa; people walking normally with umbrellas; no disruption visible.,1,"Mild conditions; situation under control, no urgent action needed.",flood
sevlab-01986,Knee-deep floodwater covering a school compound in Bodh Gaya; residents wading with belongings; power lines hanging low over the water.,3,Significant flooding; evacuation of low-lying homes advised.,flood
sevlab-01987,Scorching heat in Adyar market; vendors covering stalls with wet cloth; people drinking water frequently.,2,Noticeable impact but daily life continues with adjustments.,heatwave
sevlab-01988,Dark clouds gathering over Phulwari Sharif; rough sea; people moving indoors.,1,Minor waterlogging with no disruption to people or property.,cyclone
sevlab-01989,Chest-high water rising in a residential lane in Sherghati; residents stranded on rooftops; a dog swimming across the lane.,4,Deep water across residential areas; critical rescue situation.,flood
sevlab-01990,Knee-deep floodwater covering a market road in Mushahari; residents wading with belongings; submerged hand-pumps and shops.,3,Water entering ground floors; relief assistance likely needed soon.,flood
sevlab-01991,Damp low-lying colony in Naliapool after a shower; normal traffic; shops open.,1,Minor waterlogging with no disruption to people or property.,flood
sevlab-01992,Knee-deep floodwater covering a main road in Laheriasarai; residents wading with belongings; children sitting on a raised platform.,3,Significant flooding; evacuation of low-lying homes advised.,flood
sevlab-01993,Dark clouds gathering over Naugachia; rough sea; people moving indoors.,1,Minor waterlogging with no disruption to people or property.,cyclone
sevlab-01994,Severe flooding in Jale; entire school compound underwater; families on rooftops; a dog swimming across the lane.,5,Extreme danger to life; highest-priority rescue operation.,flood
sevlab-01995,Catastrophic cyclone devastation in Sigra; collapsed buildings; submerged streets; rescue teams evacuating residents; a stranded auto-rickshaw half submerged.,5,Catastrophic conditions; large-scale emergency response needed.,cyclone
sevlab-01996,Ankle-deep waterlogging on a bus stand in Hajipur; two-wheelers moving slowly; people carrying belongings on their heads.,2,Moderate disruption; vulnerable people should take care.,flood
sevlab-01997,Hot sunny afternoon in Mancotta; people using umbrellas; streets active.,1,"Mild conditions; situation under control, no urgent action needed.",heatwave
sevlab-01998,Severe flooding in Benipur; entire bus stand underwater; families on rooftops; children sitting on a raised platform.,5,Life-threatening flooding with people stranded; immediate mass rescue required.,flood
sevlab-01999,Shin-deep rainwater on a railway underpass in Tilkamanjhi; pedestrians wading carefully; shops placing sandbags.,2,Ankle-deep water slowing movement; manageable with precautions.,flood
sevlab-02000,Bright harsh sunlight over a highway stretch in Golghar; normal crowd with sun protection.,1,"Mild conditions; situation under control, no urgent action needed.",heatwave
sevlab-02001,Dark clouds gathering over Bairgania; rough sea; people moving indoors.,1,"Mild conditions; situation under control, no urgent action needed.",cyclone
sevlab-02002,Shin-deep rainwater on a main road in Anna Nagar; pedestrians wading carefully; shops placing sandbags.,2,Moderate disruption; vulnerable people should take care.,flood
sevlab-02003,Severe flooding in Naugachia; entire residential lane underwater; families on rooftops; power lines hanging low over the water.,5,Catastrophic conditions; large-scale emergency response needed.,flood
sevlab-02004,Knee-deep floodwater covering a main road in Kadwa; residents wading with belongings; a dog swimming across the lane.,3,Significant flooding; evacuation of low-lying homes advised.,flood
sevlab-02005,Waist-deep brown floodwater submerging a residential lane in Chowkidingee; water entering ground-floor homes; volunteers distributing water bottles.,4,Deep water across residential areas; critical rescue situation.,flood
sevlab-02006,Light rainwater puddles on a bus stand in Lalganj; people walking normally with umbrellas; no disruption visible.,1,Minor waterlogging with no disruption to people or property.,flood
sevlab-02007,Dark clouds gathering over Mithapur; rough sea; people moving indoors.,1,Light impact visible; monitoring is sufficient for now.,cyclone
sevlab-02008,Light rainwater puddles on a residential lane in Godowlia; people walking normally with umbrellas; no disruption visible.,1,Minor waterlogging with no disruption to people or property.,flood
sevlab-02009,Knee-deep floodwater covering a highway stretch in Beltola; residents wading with belongings; floating debris and household items.,3,Knee-deep water affecting homes and movement; vulnerable people at risk.,flood
sevlab-02010,Ankle-deep waterlogging on a riverside ghat in Sahebganj; two-wheelers moving slowly; floating debris and household items.,2,Noticeable impact but daily life continues with adjustments.,flood
sevlab-02011,Waist-deep brown floodwater submerging a riverside ghat in T Nagar; water entering ground-floor homes; an elderly couple watching from a balcony.,4,Waist-deep water entering homes; residents stranded; urgent rescue needed.,flood
sevlab-02012,Chest-high water rising in a riverside ghat in Salt Lake; residents stranded on rooftops; children sitting on a raised platform.,4,Severe flooding with people trapped; immediate evacuation required.,flood
sevlab-02013,Knee-deep floodwater covering a main road in Paltan Bazaar; residents wading with belongings; floating debris and household items.,3,Water entering ground floors; relief assistance likely needed soon.,flood
sevlab-02014,Cyclonic storm hitting Dharampeth; fallen trees blocking the road; damaged shop signboards; power lines hanging low over the water.,3,Knee-deep water affecting homes and movement; vulnerable people at risk.,cyclone
sevlab-02015,Shin-deep rainwater on a low-lying colony in Naugachia; pedestrians wading carefully; shops placing sandbags.,2,Moderate disruption; vulnerable people should take care.,flood
sevlab-02016,Knee-deep floodwater covering a bus stand in Salt Lake; residents wading with belongings; a dog swimming across the lane.,3,Knee-deep water affecting homes and movement; vulnerable people at risk.,flood
sevlab-02017,Severe flooding in Ganeshguri; entire highway stretch underwater; families on rooftops; power lines hanging low over the water.,5,Extreme danger to life; highest-priority rescue operation.,flood
sevlab-02018,Heavy rain and gusty winds in Aminabad; tin roofs rattling; volunteers distributing water bottles.,2,Noticeable impact but daily life continues with adjustments.,cyclone
sevlab-02019,Heavy rain and gusty winds in Behala; tin roofs rattling; children sitting on a raised platform.,2,Moderate disruption; vulnerable people should take care.,cyclone
sevlab-02020,Severe cyclone landfall near Naugachia; uprooted trees and electric poles; houses with roofs torn off; floating debris and household items.,4,Severe flooding with people trapped; immediate evacuation required.,cyclone
sevlab-02021,Deadly heatwave in Bodh Gaya; hospital entrance crowded; shops shuttered in peak afternoon.,5,Extreme danger to life; highest-priority rescue operation.,heatwave
sevlab-02022,Waist-deep brown floodwater submerging a low-lying colony in Manewada; water entering ground-floor homes; an elderly couple watching from a balcony.,4,Deep water across residential areas; critical rescue situation.,flood
sevlab-02023,Ankle-deep waterlogging on a riverside ghat in Laheriasarai; two-wheelers moving slowly; volunteers distributing water bottles.,2,Noticeable impact but daily life continues with adjustments.,flood
sevlab-02024,Light rainwater puddles on a school compound in Dhamdaha; people walking normally with umbrellas; no disruption visible.,1,Minor waterlogging with no disruption to people or property.,flood
sevlab-02025,Waist-deep brown floodwater submerging a village street in Ramnagar; water entering ground-floor homes; children sitting on a raised platform.,4,Waist-deep water entering homes; residents stranded; urgent rescue needed.,flood
sevlab-02026,Knee-to-thigh deep water in a market road in Chowk; ground floors flooded; people moving to upper floors.,3,Significant flooding; evacuation of low-lying homes advised.,flood
sevlab-02027,Knee-deep floodwater covering a bus stand in Maligaon; residents wading with belongings; power lines hanging low over the water.,3,Water entering ground floors; relief assistance likely needed soon.,flood
sevlab-02028,Light rainwater puddles on a bus stand in Benipur; people walking normally with umbrellas; no disruption visible.,1,"Mild conditions; situation under control, no urgent action needed.",flood
sevlab-02029,Ankle-deep waterlogging on a bus stand in Mancotta; two-wheelers moving slowly; floating debris and household items.,2,Noticeable impact but daily life continues with adjustments.,flood
sevlab-02030,Damp market road in Patrakar Nagar after a shower; normal traffic; shops open.,1,"Mild conditions; situation under control, no urgent action needed.",flood
sevlab-02031,Severe cyclone landfall near Sahjanwa; uprooted trees and electric poles; houses with roofs torn off; an elderly couple watching from a balcony.,4,Deep water across residential areas; critical rescue situation.,cyclone
sevlab-02032,Hot sunny afternoon in Sultanganj; people using umbrellas; streets active.,1,Light impact visible; monitoring is sufficient for now.,heatwave
sevlab-02033,Strong winds bending trees on a bus stand in Belaganj; rain lashing sideways.,2,Ankle-deep water slowing movement; manageable with precautions.,cyclone
sevlab-02034,Hot sunny afternoon in Jale; people using umbrellas; streets active.,1,Minor waterlogging with no disruption to people or property.,heatwave
sevlab-02035,Damp highway stretch in Laheriasarai after a shower; normal traffic; shops open.,1,Minor waterlogging with no disruption to people or property.,flood
sevlab-02036,Shin-deep rainwater on a village street in Raghopur; pedestrians wading carefully; shops placing sandbags.,2,Noticeable impact but daily life continues with adjustments.,flood
sevlab-02037,Damp highway stretch in Sea Beach Road after a shower; normal traffic; shops open.,1,"Mild conditions; situation under control, no urgent action needed.",flood
sevlab-02038,Hot sunny afternoon in Tekari; people using umbrellas; streets active.,1,"Mild conditions; situation under control, no urgent action needed.",heatwave
sevlab-02039,Bright harsh sunlight over a residential lane in Khanpur; normal crowd with sun protection.,1,"Mild conditions; situation under control, no urgent action needed.",heatwave
sevlab-02040,Massive storm surge flooding Sahebganj; boats washed onto roads; a rescue boat visible in the distance.,5,Extreme danger to life; highest-priority rescue operation.,cyclone
sevlab-02041,Severe winds in Satyabadi; uprooted small trees; waterlogging beginning.,3,Significant flooding; evacuation of low-lying homes advised.,cyclone
sevlab-02042,Chest-deep fast-flowing floodwater across Ganeshguri; houses partially submerged with only roofs visible; people stranded on rooftops waving for help; an elderly couple watching from a balcony.,5,Life-threatening flooding with people stranded; immediate mass rescue required.,flood
sevlab-02043,Severe heatwave in Barsoi; elderly person collapsed near a bus stop; bystanders giving water; children sitting on a raised platform.,4,Deep water across residential areas; critical rescue situation.,heatwave
sevlab-02044,Ankle-deep waterlogging on a low-lying colony in Chandmari; two-wheelers moving slowly; a dog swimming across the lane.,2,Noticeable impact but daily life continues with adjustments.,flood
sevlab-02045,Catastrophic cyclone devastation in Mohaddipur; collapsed buildings; submerged streets; rescue teams evacuating residents; an elderly couple watching from a balcony.,5,Life-threatening flooding with people stranded; immediate mass rescue required.,cyclone
sevlab-02046,Light rainwater puddles on a main road in Bairgania; people walking normally with umbrellas; no disruption visible.,1,Light impact visible; monitoring is sufficient for now.,flood
sevlab-02047,Knee-deep floodwater covering a main road in T Nagar; residents wading with belongings; power lines hanging low over the water.,3,Knee-deep water affecting homes and movement; vulnerable people at risk.,flood
sevlab-02048,Knee-to-thigh deep water in a bus stand in Naliapool; ground floors flooded; people moving to upper floors.,3,Significant flooding; evacuation of low-lying homes advised.,flood
sevlab-02049,Light rainwater puddles on a market road in Kankarbagh; people walking normally with umbrellas; no disruption visible.,1,"Mild conditions; situation under control, no urgent action needed.",flood
sevlab-02050,Very hot midday on a school compound in Hajipur; shutters half-down; people carrying belongings on their heads.,2,Moderate disruption; vulnerable people should take care.,heatwave
sevlab-02051,Damp residential lane in Kankarbagh after a shower; normal traffic; shops open.,1,"Mild conditions; situation under control, no urgent action needed.",flood
sevlab-02052,Shin-deep rainwater on a main road in Benipur; pedestrians wading carefully; shops placing sandbags.,2,Moderate disruption; vulnerable people should take care.,flood
sevlab-02053,Knee-deep floodwater covering a village street in Shibpur; residents wading with belongings; children sitting on a raised platform.,3,Water entering ground floors; relief assistance likely needed soon.,flood
sevlab-02054,Shin-deep rainwater on a school compound in Benipur; pedestrians wading carefully; shops placing sandbags.,2,Ankle-deep water slowing movement; manageable with precautions.,flood
sevlab-02055,Scorching heat in Liluah market; vendors covering stalls with wet cloth; people drinking water frequently.,2,Ankle-deep water slowing movement; manageable with precautions.,heatwave
sevlab-02056,Knee-to-thigh deep water in a bus stand in Mahnar; ground floors flooded; people moving to upper floors.,3,Water entering ground floors; relief assistance likely needed soon.,flood
sevlab-02057,Damp village street in Howrah Bridge after a shower; normal traffic; shops open.,1,Light impact visible; monitoring is sufficient for now.,flood
sevlab-02058,Bright harsh sunlight over a village street in Behala; normal crowd with sun protection.,1,"Mild conditions; situation under control, no urgent action needed.",heatwave
sevlab-02059,Ankle-deep waterlogging on a riverside ghat in Mancotta; two-wheelers moving slowly; floating debris and household items.,2,Ankle-deep water slowing movement; manageable with precautions.,flood
sevlab-02060,Shin-deep rainwater on a riverside ghat in Hingna; pedestrians wading carefully; shops placing sandbags.,2,Moderate disruption; vulnerable people should take care.,flood
sevlab-02061,Hot sunny afternoon in Sherghati; people using umbrellas; streets active.,1,"Mild conditions; situation under control, no urgent action needed.",heatwave
sevlab-02062,Cyclonic storm hitting Manpur; fallen trees blocking the road; damaged shop signboards; an elderly couple watching from a balcony.,3,Knee-deep water affecting homes and movement; vulnerable people at risk.,cyclone
sevlab-02063,Light rainwater puddles on a village street in Dalsinghsarai; people walking normally with umbrellas; no disruption visible.,1,Light impact visible; monitoring is sufficient for now.,flood
sevlab-02064,Knee-to-thigh deep water in a riverside ghat in Dhamdaha; ground floors flooded; people moving to upper floors.,3,Knee-deep water affecting homes and movement; vulnerable people at risk.,flood
sevlab-02065,Shin-deep rainwater on a railway underpass in Shibpur; pedestrians wading carefully; shops placing sandbags.,2,Moderate disruption; vulnerable people should take care.,flood
sevlab-02066,Waist-deep brown floodwater submerging a low-lying colony in Gomti Nagar; water entering ground-floor homes; volunteers distributing water bottles.,4,Severe flooding with people trapped; immediate evacuation required.,flood
sevlab-02067,Knee-to-thigh deep water in a low-lying colony in Dalsinghsarai; ground floors flooded; people moving to upper floors.,3,Water entering ground floors; relief assistance likely needed soon.,flood
sevlab-02068,Very hot midday on a bus stand in Talabania; shutters half-down; children sitting on a raised platform.,2,Moderate disruption; vulnerable people should take care.,heatwave
sevlab-02069,Damp village street in Chandmari after a shower; normal traffic; shops open.,1,Light impact visible; monitoring is sufficient for now.,flood
sevlab-02070,Very hot midday on a low-lying colony in Sea Beach Road; shutters half-down; a rescue boat visible in the distance.,2,Noticeable impact but daily life continues with adjustments.,heatwave
sevlab-02071,Ankle-deep waterlogging on a bus stand in Raghopur; two-wheelers moving slowly; power lines hanging low over the water.,2,Moderate disruption; vulnerable people should take care.,flood
sevlab-02072,Severe heatwave in Kahalgaon; elderly person collapsed near a bus stop; bystanders giving water; volunteers distributing water bottles.,4,Deep water across residential areas; critical rescue situation.,heatwave
sevlab-02073,Severe cyclone landfall near Naliapool; uprooted trees and electric poles; houses with roofs torn off; volunteers distributing water bottles.,4,Severe flooding with people trapped; immediate evacuation required.,cyclone
sevlab-02074,Ankle-deep waterlogging on a main road in Bidupur; two-wheelers moving slowly; children sitting on a raised platform.,2,Ankle-deep water slowing movement; manageable with precautions.,flood
sevlab-02075,Light rainwater puddles on a bus stand in Godowlia; people walking normally with umbrellas; no disruption visible.,1,"Mild conditions; situation under control, no urgent action needed.",flood
sevlab-02076,Damp main road in Laheriasarai after a shower; normal traffic; shops open.,1,"Mild conditions; situation under control, no urgent action needed.",flood
sevlab-02077,Knee-to-thigh deep water in a railway underpass in Hajipur; ground floors flooded; people moving to upper floors.,3,Significant flooding; evacuation of low-lying homes advised.,flood
sevlab-02078,Heavy rain and gusty winds in Sigra; tin roofs rattling; volunteers distributing water bottles.,2,Moderate disruption; vulnerable people should take care.,cyclone
sevlab-02079,Strong winds bending trees on a highway stretch in Sahjanwa; rain lashing sideways.,2,Noticeable impact but daily life continues with adjustments.,cyclone
sevlab-02080,Very hot midday on a village street in Godowlia; shutters half-down; people carrying belongings on their heads.,2,Ankle-deep water slowing movement; manageable with precautions.,heatwave
sevlab-02081,Chest-high water rising in a market road in Dalsinghsarai; residents stranded on rooftops; an elderly couple watching from a balcony.,4,Waist-deep water entering homes; residents stranded; urgent rescue needed.,flood
sevlab-02082,Severe cyclone landfall near Gulabbagh; uprooted trees and electric poles; houses with roofs torn off; children sitting on a raised platform.,4,Deep water across residential areas; critical rescue situation.,cyclone
sevlab-02083,Knee-to-thigh deep water in a riverside ghat in Tilkamanjhi; ground floors flooded; people moving to upper floors.,3,Knee-deep water affecting homes and movement; vulnerable people at risk.,flood
sevlab-02084,Dark clouds gathering over Sitabuldi; rough sea; people moving indoors.,1,"Mild conditions; situation under control, no urgent action needed.",cyclone
sevlab-02085,Strong winds bending trees on a riverside ghat in Chandmari; rain lashing sideways.,2,Moderate disruption; vulnerable people should take care.,cyclone
sevlab-02086,Shin-deep rainwater on a low-lying colony in Aminabad; pedestrians wading carefully; shops placing sandbags.,2,Noticeable impact but daily life continues with adjustments.,flood
sevlab-02087,Shin-deep rainwater on a main road in Pandeypur; pedestrians wading carefully; shops placing sandbags.,2,Ankle-deep water slowing movement; manageable with precautions.,flood
sevlab-02088,Shin-deep rainwater on a highway stretch in Mushahari; pedestrians wading carefully; shops placing sandbags.,2,Ankle-deep water slowing movement; manageable with precautions.,flood
sevlab-02089,Ankle-deep waterlogging on a market road in Barsoi; two-wheelers moving slowly; an elderly couple watching from a balcony.,2,Moderate disruption; vulnerable people should take care.,flood
sevlab-02090,Chest-high water rising in a market road in Belsand; residents stranded on rooftops; power lines hanging low over the water.,4,Severe flooding with people trapped; immediate evacuation required.,flood
sevlab-02091,Chest-deep fast-flowing floodwater across Tajpur; houses partially submerged with only roofs visible; people stranded on rooftops waving for help; people carrying belongings on their heads.,5,Life-threatening flooding with people stranded; immediate mass rescue required.,flood
sevlab-02092,Extreme heat emergency in Santragachi; multiple people fainted on the street; ambulance present; a stranded auto-rickshaw half submerged.,5,Catastrophic conditions; large-scale emergency response needed.,heatwave
sevlab-02093,Severe cyclone landfall near Delang; uprooted trees and electric poles; houses with roofs torn off; people carrying belongings on their heads.,4,Severe flooding with people trapped; immediate evacuation required.,cyclone
sevlab-02094,Damp market road in Rupauli after a shower; normal traffic; shops open.,1,Light impact visible; monitoring is sufficient for now.,flood
sevlab-02095,Severe winds in Dhamdaha; uprooted small trees; waterlogging beginning.,3,Knee-deep water affecting homes and movement; vulnerable people at risk.,cyclone
sevlab-02096,Waist-deep brown floodwater submerging a riverside ghat in Hajipur; water entering ground-floor homes; floating debris and household items.,4,Waist-deep water entering homes; residents stranded; urgent rescue needed.,flood
sevlab-02097,Light rainwater puddles on a main road in Raghopur; people walking normally with umbrellas; no disruption visible.,1,"Mild conditions; situation under control, no urgent action needed.",flood
sevlab-02098,Dark clouds gathering over Sigra; rough sea; people moving indoors.,1,"Mild conditions; situation under control, no urgent action needed.",cyclone
sevlab-02099,Knee-to-thigh deep water in a market road in Dalsinghsarai; ground floors flooded; people moving to upper floors.,3,Knee-deep water affecting homes and movement; vulnerable people at risk.,flood
sevlab-02100,Knee-deep floodwater covering a highway stretch in Lanka; residents wading with belongings; children sitting on a raised platform.,3,Knee-deep water affecting homes and movement; vulnerable people at risk.,flood
sevlab-02101,Dark clouds gathering over Raghopur; rough sea; people moving indoors.,1,"Mild conditions; situation under control, no urgent action needed.",cyclone
sevlab-02102,Ankle-deep waterlogging on a school compound in Satyabadi; two-wheelers moving slowly; floating debris and household items.,2,Ankle-deep water slowing movement; manageable with precautions.,flood
sevlab-02103,Severe heatwave in Hingna; elderly person collapsed near a bus stop; bystanders giving water; an elderly couple watching from a balcony.,4,Waist-deep water entering homes; residents stranded; urgent rescue needed.,heatwave
sevlab-02104,Chest-high water rising in a bus stand in Dharampeth; residents stranded on rooftops; a dog swimming across the lane.,4,Waist-deep water entering homes; residents stranded; urgent rescue needed.,flood
sevlab-02105,Ankle-deep waterlogging on a railway underpass in Dharampeth; two-wheelers moving slowly; people carrying belongings on their heads.,2,Noticeable impact but daily life continues with adjustments.,flood
sevlab-02106,Ankle-deep waterlogging on a school compound in Salt Lake; two-wheelers moving slowly; people carrying belongings on their heads.,2,Noticeable impact but daily life continues with adjustments.,flood
sevlab-02107,Knee-to-thigh deep water in a main road in Tekari; ground floors flooded; people moving to upper floors.,3,Significant flooding; evacuation of low-lying homes advised.,flood
sevlab-02108,Shin-deep rainwater on a village street in Mohaddipur; pedestrians wading carefully; shops placing sandbags.,2,Ankle-deep water slowing movement; manageable with precautions.,flood
sevlab-02109,Shin-deep rainwater on a low-lying colony in Shibpur; pedestrians wading carefully; shops placing sandbags.,2,Noticeable impact but daily life continues with adjustments.,flood
sevlab-02110,Shin-deep rainwater on a school compound in Bairgania; pedestrians wading carefully; shops placing sandbags.,2,Ankle-deep water slowing movement; manageable with precautions.,flood
sevlab-02111,Damp highway stretch in Benipur after a shower; normal traffic; shops open.,1,Minor waterlogging with no disruption to people or property.,flood
sevlab-02112,Light rainwater puddles on a school compound in Raghopur; people walking normally with umbrellas; no disruption visible.,1,Light impact visible; monitoring is sufficient for now.,flood
sevlab-02113,Severe flooding in Pandeypur; entire main road underwater; families on rooftops; people carrying belongings on their heads.,5,Extreme danger to life; highest-priority rescue operation.,flood
sevlab-02114,Ankle-deep waterlogging on a low-lying colony in Chandmari; two-wheelers moving slowly; floating debris and household items.,2,Ankle-deep water slowing movement; manageable with precautions.,flood
sevlab-02115,Shin-deep rainwater on a residential lane in Sahjanwa; pedestrians wading carefully; shops placing sandbags.,2,Noticeable impact but daily life continues with adjustments.,flood
sevlab-02116,Ankle-deep waterlogging on a bus stand in Manewada; two-wheelers moving slowly; a rescue boat visible in the distance.,2,Ankle-deep water slowing movement; manageable with precautions.,flood
sevlab-02117,Damp main road in Dharampeth after a shower; normal traffic; shops open.,1,Light impact visible; monitoring is sufficient for now.,flood
sevlab-02118,Extreme heat in Lanka; thermometer reading dangerously high; streets deserted.,4,Severe flooding with people trapped; immediate evacuation required.,heatwave
sevlab-02119,Ankle-deep waterlogging on a highway stretch in Keoti; two-wheelers moving slowly; a rescue boat visible in the distance.,2,Noticeable impact but daily life continues with adjustments.,flood
sevlab-02120,Waist-deep brown floodwater submerging a low-lying colony in Sahjanwa; water entering ground-floor homes; floating debris and household items.,4,Severe flooding with people trapped; immediate evacuation required.,flood
sevlab-02121,Damp highway stretch in Pusa after a shower; normal traffic; shops open.,1,Light impact visible; monitoring is sufficient for now.,flood
sevlab-02122,Heavy rain and gusty winds in Kushmi; tin roofs rattling; volunteers distributing water bottles.,2,Noticeable impact but daily life continues with adjustments.,cyclone
sevlab-02123,Overcast sky with strong winds in Kanti; trees swaying; fishermen securing boats.,1,"Mild conditions; situation under control, no urgent action needed.",cyclone
sevlab-02124,Intense heatwave in Hingna; nearly empty streets at noon; a man resting in shade showing heat exhaustion; a stranded auto-rickshaw half submerged.,3,Significant flooding; evacuation of low-lying homes advised.,heatwave
sevlab-02125,Waist-deep brown floodwater submerging a low-lying colony in Kanti; water entering ground-floor homes; a stranded auto-rickshaw half submerged.,4,Deep water across residential areas; critical rescue situation.,flood
sevlab-02126,Heavy rain and gusty winds in Bahadurpur; tin roofs rattling; a rescue boat visible in the distance.,2,Ankle-deep water slowing movement; manageable with precautions.,cyclone
sevlab-02127,Ankle-deep waterlogging on a riverside ghat in Manewada; two-wheelers moving slowly; submerged hand-pumps and shops.,2,Moderate disruption; vulnerable people should take care.,flood
sevlab-02128,Intense heatwave in Dhamdaha; nearly empty streets at noon; a man resting in shade showing heat exhaustion; volunteers distributing water bottles.,3,Water entering ground floors; relief assistance likely needed soon.,heatwave
sevlab-02129,Very hot midday on a main road in Pusa; shutters half-down; a dog swimming across the lane.,2,Moderate disruption; vulnerable people should take care.,heatwave
sevlab-02130,Ankle-deep waterlogging on a residential lane in Paltan Bazaar; two-wheelers moving slowly; an elderly couple watching from a balcony.,2,Noticeable impact but daily life continues with adjustments.,flood
sevlab-02131,Knee-deep floodwater covering a market road in Behala; residents wading with belongings; volunteers distributing water bottles.,3,Significant flooding; evacuation of low-lying homes advised.,flood
sevlab-02132,Extreme heat in Motihari Road; thermometer reading dangerously high; streets deserted.,4,Severe flooding with people trapped; immediate evacuation required.,heatwave
sevlab-02133,Ankle-deep waterlogging on a railway underpass in Sursand; two-wheelers moving slowly; a stranded auto-rickshaw half submerged.,2,Noticeable impact but daily life continues with adjustments.,flood
sevlab-02134,Very hot midday on a riverside ghat in Pandeypur; shutters half-down; power lines hanging low over the water.,2,Noticeable impact but daily life continues with adjustments.,heatwave
sevlab-02135,Intense heatwave in Lalganj; nearly empty streets at noon; a man resting in shade showing heat exhaustion; a rescue boat visible in the distance.,3,Significant flooding; evacuation of low-lying homes advised.,heatwave
sevlab-02136,Very hot midday on a residential lane in Belaganj; shutters half-down; volunteers distributing water bottles.,2,Moderate disruption; vulnerable people should take care.,heatwave
sevlab-02137,Destructive winds battering Tekari; collapsed boundary walls; streets flooded.,4,Waist-deep water entering homes; residents stranded; urgent rescue needed.,cyclone
sevlab-02138,Ankle-deep waterlogging on a bus stand in Sahebganj; two-wheelers moving slowly; power lines hanging low over the water.,2,Moderate disruption; vulnerable people should take care.,flood
sevlab-02139,Chest-deep fast-flowing floodwater across Kamptee; houses partially submerged with only roofs visible; people stranded on rooftops waving for help; children sitting on a raised platform.,5,Extreme danger to life; highest-priority rescue operation.,flood
sevlab-02140,Light rainwater puddles on a main road in Benipur; people walking normally with umbrellas; no disruption visible.,1,"Mild conditions; situation under control, no urgent action needed.",flood
sevlab-02141,Shin-deep rainwater on a residential lane in Dharampeth; pedestrians wading carefully; shops placing sandbags.,2,Ankle-deep water slowing movement; manageable with precautions.,flood
sevlab-02142,Heavy rain and gusty winds in Pupri; tin roofs rattling; an elderly couple watching from a balcony.,2,Noticeable impact but daily life continues with adjustments.,cyclone
sevlab-02143,Severe cyclone landfall near Mohanbari; uprooted trees and electric poles; houses with roofs torn off; a dog swimming across the lane.,4,Deep water across residential areas; critical rescue situation.,cyclone
sevlab-02144,Waist-deep brown floodwater submerging a main road in Pupri; water entering ground-floor homes; people carrying belongings on their heads.,4,Waist-deep water entering homes; residents stranded; urgent rescue needed.,flood
sevlab-02145,Light rainwater puddles on a riverside ghat in Sitabuldi; people walking normally with umbrellas; no disruption visible.,1,"Mild conditions; situation under control, no urgent action needed.",flood
sevlab-02146,Extreme heat in Sabour; thermometer reading dangerously high; streets deserted.,4,Severe flooding with people trapped; immediate evacuation required.,heatwave
sevlab-02147,Light rainwater puddles on a riverside ghat in Satyabadi; people walking normally with umbrellas; no disruption visible.,1,Minor waterlogging with no disruption to people or property.,flood
sevlab-02148,Bright harsh sunlight over a market road in Belsand; normal crowd with sun protection.,1,Minor waterlogging with no disruption to people or property.,heatwave
sevlab-02149,Knee-to-thigh deep water in a low-lying colony in Sealdah; ground floors flooded; people moving to upper floors.,3,Significant flooding; evacuation of low-lying homes advised.,flood
sevlab-02150,Light rainwater puddles on a main road in Kankarbagh; people walking normally with umbrellas; no disruption visible.,1,"Mild conditions; situation under control, no urgent action needed.",flood
sevlab-02151,Extreme heat in Naugachia; thermometer reading dangerously high; streets deserted.,4,Waist-deep water entering homes; residents stranded; urgent rescue needed.,heatwave
sevlab-02152,Knee-deep floodwater covering a riverside ghat in Sabour; residents wading with belongings; floating debris and household items.,3,Significant flooding; evacuation of low-lying homes advised.,flood
sevlab-02153,Knee-to-thigh deep water in a village street in Pupri; ground floors flooded; people moving to upper floors.,3,Knee-deep water affecting homes and movement; vulnerable people at risk.,flood
sevlab-02154,Ankle-deep waterlogging on a railway underpass in Barsoi; two-wheelers moving slowly; submerged hand-pumps and shops.,2,Moderate disruption; vulnerable people should take care.,flood
sevlab-02155,Ankle-deep waterlogging on a school compound in Mancotta; two-wheelers moving slowly; floating debris and household items.,2,Moderate disruption; vulnerable people should take care.,flood
sevlab-02156,Intense heatwave in Tilkamanjhi; nearly empty streets at noon; a man resting in shade showing heat exhaustion; a stranded auto-rickshaw half submerged.,3,Knee-deep water affecting homes and movement; vulnerable people at risk.,heatwave
sevlab-02157,Shin-deep rainwater on a main road in Shibpur; pedestrians wading carefully; shops placing sandbags.,2,Noticeable impact but daily life continues with adjustments.,flood
sevlab-02158,Ankle-deep waterlogging on a residential lane in Chowkidingee; two-wheelers moving slowly; an elderly couple watching from a balcony.,2,Ankle-deep water slowing movement; manageable with precautions.,flood
sevlab-02159,Ankle-deep waterlogging on a railway underpass in Boring Road; two-wheelers moving slowly; children sitting on a raised platform.,2,Ankle-deep water slowing movement; manageable with precautions.,flood
sevlab-02160,Ankle-deep waterlogging on a riverside ghat in Manewada; two-wheelers moving slowly; children sitting on a raised platform.,2,Moderate disruption; vulnerable people should take care.,flood
sevlab-02161,Knee-deep floodwater covering a low-lying colony in Howrah Bridge; residents wading with belongings; an elderly couple watching from a balcony.,3,Knee-deep water affecting homes and movement; vulnerable people at risk.,flood
sevlab-02162,Severe flooding in Gomti Nagar; entire riverside ghat underwater; families on rooftops; a stranded auto-rickshaw half submerged.,5,Catastrophic conditions; large-scale emergency response needed.,flood
sevlab-02163,Light rainwater puddles on a residential lane in Anna Nagar; people walking normally with umbrellas; no disruption visible.,1,Light impact visible; monitoring is sufficient for now.,flood
sevlab-02164,Extreme heat in Baruraj; thermometer reading dangerously high; streets deserted.,4,Waist-deep water entering homes; residents stranded; urgent rescue needed.,heatwave
sevlab-02165,Shin-deep rainwater on a village street in Pusa; pedestrians wading carefully; shops placing sandbags.,2,Noticeable impact but daily life continues with adjustments.,flood
sevlab-02166,Knee-to-thigh deep water in a school compound in Dharampeth; ground floors flooded; people moving to upper floors.,3,Significant flooding; evacuation of low-lying homes advised.,flood
sevlab-02167,Cyclonic storm hitting Shibpur; fallen trees blocking the road; damaged shop signboards; submerged hand-pumps and shops.,3,Knee-deep water affecting homes and movement; vulnerable people at risk.,cyclone
sevlab-02168,Blazing heat over Tilkamanjhi; cracked dry ground; labourers resting under a tree.,3,Knee-deep water affecting homes and movement; vulnerable people at risk.,heatwave
sevlab-02169,Ankle-deep waterlogging on a school compound in Ramnagar; two-wheelers moving slowly; power lines hanging low over the water.,2,Ankle-deep water slowing movement; manageable with precautions.,flood
sevlab-02170,Dark clouds gathering over Boring Road; rough sea; people moving indoors.,1,Light impact visible; monitoring is sufficient for now.,cyclone
sevlab-02171,Scorching heat in Kamptee market; vendors covering stalls with wet cloth; people drinking water frequently.,2,Moderate disruption; vulnerable people should take care.,heatwave
sevlab-02172,Shin-deep rainwater on a main road in Bally; pedestrians wading carefully; shops placing sandbags.,2,Noticeable impact but daily life continues with adjustments.,flood
sevlab-02173,Bright harsh sunlight over a village street in Sabour; normal crowd with sun protection.,1,Light impact visible; monitoring is sufficient for now.,heatwave
sevlab-02174,Damp school compound in Anna Nagar after a shower; normal traffic; shops open.,1,Minor waterlogging with no disruption to people or property.,flood
sevlab-02175,Intense heatwave in Adyar; nearly empty streets at noon; a man resting in shade showing heat exhaustion; volunteers distributing water bottles.,3,Water entering ground floors; relief assistance likely needed soon.,heatwave
sevlab-02176,Very hot midday on a village street in Salt Lake; shutters half-down; a rescue boat visible in the distance.,2,Noticeable impact but daily life continues with adjustments.,heatwave
sevlab-02177,Massive storm surge flooding Raghopur; boats washed onto roads; children sitting on a raised platform.,5,Catastrophic conditions; large-scale emergency response needed.,cyclone
sevlab-02178,Knee-deep floodwater covering a residential lane in Hajipur; residents wading with belongings; children sitting on a raised platform.,3,Water entering ground floors; relief assistance likely needed soon.,flood
sevlab-02179,Knee-to-thigh deep water in a railway underpass in Salt Lake; ground floors flooded; people moving to upper floors.,3,Water entering ground floors; relief assistance likely needed soon.,flood
sevlab-02180,Damp low-lying colony in Sabour after a shower; normal traffic; shops open.,1,"Mild conditions; situation under control, no urgent action needed.",flood
sevlab-02181,Waist-deep brown floodwater submerging a riverside ghat in Manewada; water entering ground-floor homes; people carrying belongings on their heads.,4,Severe flooding with people trapped; immediate evacuation required.,flood
sevlab-02182,Very hot midday on a low-lying colony in Tajpur; shutters half-down; an elderly couple watching from a balcony.,2,Moderate disruption; vulnerable people should take care.,heatwave
sevlab-02183,Damp riverside ghat in Keoti after a shower; normal traffic; shops open.,1,Light impact visible; monitoring is sufficient for now.,flood
sevlab-02184,Blazing heat over Rajendra Nagar; cracked dry ground; labourers resting under a tree.,3,Knee-deep water affecting homes and movement; vulnerable people at risk.,heatwave
sevlab-02185,Waist-deep brown floodwater submerging a highway stretch in Shibpur; water entering ground-floor homes; power lines hanging low over the water.,4,Severe flooding with people trapped; immediate evacuation required.,flood
sevlab-02186,Chest-high water rising in a bus stand in Shibpur; residents stranded on rooftops; power lines hanging low over the water.,4,Deep water across residential areas; critical rescue situation.,flood
sevlab-02187,Overcast sky with strong winds in Ramnagar; trees swaying; fishermen securing boats.,1,"Mild conditions; situation under control, no urgent action needed.",cyclone
sevlab-02188,Shin-deep rainwater on a main road in Danapur; pedestrians wading carefully; shops placing sandbags.,2,Noticeable impact but daily life continues with adjustments.,flood
sevlab-02189,Dark clouds gathering over Aliganj; rough sea; people moving indoors.,1,Light impact visible; monitoring is sufficient for now.,cyclone
sevlab-02190,Knee-to-thigh deep water in a bus stand in Gandhi Maidan; ground floors flooded; people moving to upper floors.,3,Knee-deep water affecting homes and movement; vulnerable people at risk.,flood
sevlab-02191,Cyclonic storm hitting Howrah Bridge; fallen trees blocking the road; damaged shop signboards; floating debris and household items.,3,Significant flooding; evacuation of low-lying homes advised.,cyclone
sevlab-02192,Shin-deep rainwater on a low-lying colony in Barsoi; pedestrians wading carefully; shops placing sandbags.,2,Ankle-deep water slowing movement; manageable with precautions.,flood
sevlab-02193,Knee-to-thigh deep water in a highway stretch in Keoti; ground floors flooded; people moving to upper floors.,3,Significant flooding; evacuation of low-lying homes advised.,flood
sevlab-02194,Knee-to-thigh deep water in a railway underpass in Patrakar Nagar; ground floors flooded; people moving to upper floors.,3,Water entering ground floors; relief assistance likely needed soon.,flood
sevlab-02195,Chest-high water rising in a village street in Mahnar; residents stranded on rooftops; power lines hanging low over the water.,4,Severe flooding with people trapped; immediate evacuation required.,flood
sevlab-02196,Deadly heatwave in Sabour; hospital entrance crowded; shops shuttered in peak afternoon.,5,Life-threatening flooding with people stranded; immediate mass rescue required.,heatwave
sevlab-02197,Scorching heat in Behala market; vendors covering stalls with wet cloth; people drinking water frequently.,2,Noticeable impact but daily life continues with adjustments.,heatwave
sevlab-02198,Waist-deep brown floodwater submerging a school compound in Bidupur; water entering ground-floor homes; power lines hanging low over the water.,4,Severe flooding with people trapped; immediate evacuation required.,flood
sevlab-02199,Ankle-deep waterlogging on a low-lying colony in Sahebganj; two-wheelers moving slowly; a dog swimming across the lane.,2,Moderate disruption; vulnerable people should take care.,flood
sevlab-02200,Severe flooding in Tajpur; entire school compound underwater; families on rooftops; volunteers distributing water bottles.,5,Life-threatening flooding with people stranded; immediate mass rescue required.,flood
sevlab-02201,Bright harsh sunlight over a village street in Sealdah; normal crowd with sun protection.,1,Minor waterlogging with no disruption to people or property.,heatwave
sevlab-02202,Ankle-deep waterlogging on a bus stand in Dhamdaha; two-wheelers moving slowly; floating debris and household items.,2,Noticeable impact but daily life continues with adjustments.,flood
sevlab-02203,Knee-to-thigh deep water in a village street in Manihari; ground floors flooded; people moving to upper floors.,3,Significant flooding; evacuation of low-lying homes advised.,flood
sevlab-02204,Knee-to-thigh deep water in a railway underpass in Raghopur; ground floors flooded; people moving to upper floors.,3,Knee-deep water affecting homes and movement; vulnerable people at risk.,flood
sevlab-02205,Chest-high water rising in a riverside ghat in Hajipur; residents stranded on rooftops; a stranded auto-rickshaw half submerged.,4,Waist-deep water entering homes; residents stranded; urgent rescue needed.,flood
sevlab-02206,Knee-to-thigh deep water in a residential lane in Laheriasarai; ground floors flooded; people moving to upper floors.,3,Knee-deep water affecting homes and movement; vulnerable people at risk.,flood
sevlab-02207,Scorching heat in Rupauli market; vendors covering stalls with wet cloth; people drinking water frequently.,2,Moderate disruption; vulnerable people should take care.,heatwave
sevlab-02208,Shin-deep rainwater on a residential lane in Pranpur; pedestrians wading carefully; shops placing sandbags.,2,Ankle-deep water slowing movement; manageable with precautions.,flood
sevlab-02209,Chest-high water rising in a low-lying colony in Dum Dum; residents stranded on rooftops; an elderly couple watching from a balcony.,4,Severe flooding with people trapped; immediate evacuation required.,flood
sevlab-02210,Hot sunny afternoon in Kanti; people using umbrellas; streets active.,1,"Mild conditions; situation under control, no urgent action needed.",heatwave
sevlab-02211,Ankle-deep waterlogging on a highway stretch in Laheriasarai; two-wheelers moving slowly; children sitting on a raised platform.,2,Noticeable impact but daily life continues with adjustments.,flood
sevlab-02212,Cyclonic storm hitting Barsoi; fallen trees blocking the road; damaged shop signboards; floating debris and household items.,3,Water entering ground floors; relief assistance likely needed soon.,cyclone
sevlab-02213,Massive storm surge flooding Mohanbari; boats washed onto roads; children sitting on a raised platform.,5,Catastrophic conditions; large-scale emergency response needed.,cyclone
sevlab-02214,Damp low-lying colony in Dharampeth after a shower; normal traffic; shops open.,1,Light impact visible; monitoring is sufficient for now.,flood
sevlab-02215,Strong winds bending trees on a riverside ghat in Indira Nagar; rain lashing sideways.,2,Noticeable impact but daily life continues with adjustments.,cyclone
sevlab-02216,Heavy rain and gusty winds in Barsoi; tin roofs rattling; people carrying belongings on their heads.,2,Noticeable impact but daily life continues with adjustments.,cyclone
sevlab-02217,Chest-high water rising in a residential lane in Boiragimoth; residents stranded on rooftops; an elderly couple watching from a balcony.,4,Severe flooding with people trapped; immediate evacuation required.,flood
sevlab-02218,Light rainwater puddles on a residential lane in Pranpur; people walking normally with umbrellas; no disruption visible.,1,Minor waterlogging with no disruption to people or property.,flood
sevlab-02219,Knee-to-thigh deep water in a riverside ghat in Sigra; ground floors flooded; people moving to upper floors.,3,Significant flooding; evacuation of low-lying homes advised.,flood
sevlab-02220,Shin-deep rainwater on a bus stand in T Nagar; pedestrians wading carefully; shops placing sandbags.,2,Moderate disruption; vulnerable people should take care.,flood
sevlab-02221,Knee-deep floodwater covering a riverside ghat in Porur; residents wading with belongings; children sitting on a raised platform.,3,Significant flooding; evacuation of low-lying homes advised.,flood
sevlab-02222,Chest-deep fast-flowing floodwater across Anna Nagar; houses partially submerged with only roofs visible; people stranded on rooftops waving for help; a dog swimming across the lane.,5,Catastrophic conditions; large-scale emergency response needed.,flood
sevlab-02223,Damp market road in Ramnagar after a shower; normal traffic; shops open.,1,Light impact visible; monitoring is sufficient for now.,flood
sevlab-02224,Intense heatwave in Banmankhi; nearly empty streets at noon; a man resting in shade showing heat exhaustion; submerged hand-pumps and shops.,3,Knee-deep water affecting homes and movement; vulnerable people at risk.,heatwave
sevlab-02225,Light rainwater puddles on a residential lane in Phulwari Sharif; people walking normally with umbrellas; no disruption visible.,1,"Mild conditions; situation under control, no urgent action needed.",flood
sevlab-02226,Light rainwater puddles on a riverside ghat in Sigra; people walking normally with umbrellas; no disruption visible.,1,"Mild conditions; situation under control, no urgent action needed.",flood
sevlab-02227,Chest-high water rising in a bus stand in Chowk; residents stranded on rooftops; a dog swimming across the lane.,4,Severe flooding with people trapped; immediate evacuation required.,flood
sevlab-02228,Damp residential lane in Dharampeth after a shower; normal traffic; shops open.,1,Minor waterlogging with no disruption to people or property.,flood
sevlab-02229,Dark clouds gathering over Indira Nagar; rough sea; people moving indoors.,1,Minor waterlogging with no disruption to people or property.,cyclone
sevlab-02230,Waist-deep brown floodwater submerging a bus stand in Bahadurpur; water entering ground-floor homes; a rescue boat visible in the distance.,4,Severe flooding with people trapped; immediate evacuation required.,flood
sevlab-02231,Knee-to-thigh deep water in a school compound in Sabour; ground floors flooded; people moving to upper floors.,3,Significant flooding; evacuation of low-lying homes advised.,flood
sevlab-02232,Light rainwater puddles on a residential lane in Naliapool; people walking normally with umbrellas; no disruption visible.,1,Light impact visible; monitoring is sufficient for now.,flood
sevlab-02233,Massive storm surge flooding Khanpur; boats washed onto roads; submerged hand-pumps and shops.,5,Catastrophic conditions; large-scale emergency response needed.,cyclone
sevlab-02234,Waist-deep brown floodwater submerging a residential lane in Aminabad; water entering ground-floor homes; people carrying belongings on their heads.,4,Waist-deep water entering homes; residents stranded; urgent rescue needed.,flood
sevlab-02235,Knee-deep floodwater covering a highway stretch in Ashok Rajpath; residents wading with belongings; people carrying belongings on their heads.,3,Knee-deep water affecting homes and movement; vulnerable people at risk.,flood
sevlab-02236,Bright harsh sunlight over a low-lying colony in Bairgania; normal crowd with sun protection.,1,"Mild conditions; situation under control, no urgent action needed.",heatwave
sevlab-02237,Cyclonic storm hitting Sealdah; fallen trees blocking the road; damaged shop signboards; submerged hand-pumps and shops.,3,Knee-deep water affecting homes and movement; vulnerable people at risk.,cyclone
sevlab-02238,Extreme heat in Ramnagar; thermometer reading dangerously high; streets deserted.,4,Deep water across residential areas; critical rescue situation.,heatwave
sevlab-02239,Shin-deep rainwater on a market road in Dalsinghsarai; pedestrians wading carefully; shops placing sandbags.,2,Noticeable impact but daily life continues with adjustments.,flood
sevlab-02240,Chest-high water rising in a school compound in Manihari; residents stranded on rooftops; children sitting on a raised platform.,4,Deep water across residential areas; critical rescue situation.,flood
sevlab-02241,Damp residential lane in Manpur after a shower; normal traffic; shops open.,1,Minor waterlogging with no disruption to people or property.,flood
sevlab-02242,Strong winds bending trees on a village street in Dalsinghsarai; rain lashing sideways.,2,Noticeable impact but daily life continues with adjustments.,cyclone
sevlab-02243,Chest-high water rising in a railway underpass in Sursand; residents stranded on rooftops; a stranded auto-rickshaw half submerged.,4,Waist-deep water entering homes; residents stranded; urgent rescue needed.,flood
sevlab-02244,Shin-deep rainwater on a market road in Liluah; pedestrians wading carefully; shops placing sandbags.,2,Ankle-deep water slowing movement; manageable with precautions.,flood
sevlab-02245,Strong winds bending trees on a bus stand in Rupauli; rain lashing sideways.,2,Ankle-deep water slowing movement; manageable with precautions.,cyclone
sevlab-02246,Knee-deep floodwater covering a highway stretch in Chandmari; residents wading with belongings; people carrying belongings on their heads.,3,Significant flooding; evacuation of low-lying homes advised.,flood
sevlab-02247,Very hot midday on a bus stand in Laheriasarai; shutters half-down; children sitting on a raised platform.,2,Ankle-deep water slowing movement; manageable with precautions.,heatwave
sevlab-02248,Ankle-deep waterlogging on a main road in Manpur; two-wheelers moving slowly; power lines hanging low over the water.,2,Moderate disruption; vulnerable people should take care.,flood
sevlab-02249,Knee-deep floodwater covering a bus stand in Talabania; residents wading with belongings; power lines hanging low over the water.,3,Significant flooding; evacuation of low-lying homes advised.,flood
sevlab-02250,Severe heatwave in Mahnar; elderly person collapsed near a bus stop; bystanders giving water; a rescue boat visible in the distance.,4,Waist-deep water entering homes; residents stranded; urgent rescue needed.,heatwave
sevlab-02251,Heavy rain and gusty winds in Behala; tin roofs rattling; people carrying belongings on their heads.,2,Moderate disruption; vulnerable people should take care.,cyclone
sevlab-02252,Damp highway stretch in Naliapool after a shower; normal traffic; shops open.,1,Minor waterlogging with no disruption to people or property.,flood
sevlab-02253,Shin-deep rainwater on a highway stretch in Naugachia; pedestrians wading carefully; shops placing sandbags.,2,Moderate disruption; vulnerable people should take care.,flood
sevlab-02254,Intense heatwave in Rajendra Nagar; nearly empty streets at noon; a man resting in shade showing heat exhaustion; people carrying belongings on their heads.,3,Knee-deep water affecting homes and movement; vulnerable people at risk.,heatwave
sevlab-02255,Ankle-deep waterlogging on a highway stretch in Kanti; two-wheelers moving slowly; children sitting on a raised platform.,2,Ankle-deep water slowing movement; manageable with precautions.,flood
sevlab-02256,Damp riverside ghat in Velachery after a shower; normal traffic; shops open.,1,Minor waterlogging with no disruption to people or property.,flood
sevlab-02257,Damp main road in Lanka after a shower; normal traffic; shops open.,1,Minor waterlogging with no disruption to people or property.,flood
sevlab-02258,Chest-deep fast-flowing floodwater across Chowk; houses partially submerged with only roofs visible; people stranded on rooftops waving for help; a stranded auto-rickshaw half submerged.,5,Life-threatening flooding with people stranded; immediate mass rescue required.,flood
sevlab-02259,Very hot midday on a railway underpass in Shibpur; shutters half-down; volunteers distributing water bottles.,2,Noticeable impact but daily life continues with adjustments.,heatwave
sevlab-02260,Bright harsh sunlight over a low-lying colony in Gomti Nagar; normal crowd with sun protection.,1,"Mild conditions; situation under control, no urgent action needed.",heatwave
sevlab-02261,Knee-to-thigh deep water in a highway stretch in Boiragimoth; ground floors flooded; people moving to upper floors.,3,Water entering ground floors; relief assistance likely needed soon.,flood
sevlab-02262,Severe flooding in Kasba; entire market road underwater; families on rooftops; a dog swimming across the lane.,5,Life-threatening flooding with people stranded; immediate mass rescue required.,flood
sevlab-02263,Knee-deep floodwater covering a residential lane in Khanpur; residents wading with belongings; power lines hanging low over the water.,3,Knee-deep water affecting homes and movement; vulnerable people at risk.,flood
sevlab-02264,Cyclonic storm hitting Phulwari Sharif; fallen trees blocking the road; damaged shop signboards; submerged hand-pumps and shops.,3,Significant flooding; evacuation of low-lying homes advised.,cyclone
sevlab-02265,Waist-deep brown floodwater submerging a residential lane in Manpur; water entering ground-floor homes; children sitting on a raised platform.,4,Waist-deep water entering homes; residents stranded; urgent rescue needed.,flood
sevlab-02266,Knee-deep floodwater covering a village street in Uluberia; residents wading with belongings; volunteers distributing water bottles.,3,Water entering ground floors; relief assistance likely needed soon.,flood
sevlab-02267,Destructive winds battering Manihari; collapsed boundary walls; streets flooded.,4,Deep water across residential areas; critical rescue situation.,cyclone
sevlab-02268,Cyclonic storm hitting Uluberia; fallen trees blocking the road; damaged shop signboards; people carrying belongings on their heads.,3,Water entering ground floors; relief assistance likely needed soon.,cyclone
sevlab-02269,Shin-deep rainwater on a school compound in Manpur; pedestrians wading carefully; shops placing sandbags.,2,Noticeable impact but daily life continues with adjustments.,flood
sevlab-02270,Light rainwater puddles on a school compound in Rosera; people walking normally with umbrellas; no disruption visible.,1,Minor waterlogging with no disruption to people or property.,flood
sevlab-02271,Chest-high water rising in a main road in Delang; residents stranded on rooftops; submerged hand-pumps and shops.,4,Waist-deep water entering homes; residents stranded; urgent rescue needed.,flood
sevlab-02272,Knee-deep floodwater covering a residential lane in Gomti Nagar; residents wading with belongings; an elderly couple watching from a balcony.,3,Knee-deep water affecting homes and movement; vulnerable people at risk.,flood
sevlab-02273,Ankle-deep waterlogging on a market road in Naliapool; two-wheelers moving slowly; an elderly couple watching from a balcony.,2,Moderate disruption; vulnerable people should take care.,flood
sevlab-02274,Extreme heat in Kanti; thermometer reading dangerously high; streets deserted.,4,Deep water across residential areas; critical rescue situation.,heatwave
sevlab-02275,Light rainwater puddles on a village street in Raghopur; people walking normally with umbrellas; no disruption visible.,1,"Mild conditions; situation under control, no urgent action needed.",flood
sevlab-02276,Damp riverside ghat in Hingna after a shower; normal traffic; shops open.,1,"Mild conditions; situation under control, no urgent action needed.",flood
sevlab-02277,Chest-deep fast-flowing floodwater across Golghar; houses partially submerged with only roofs visible; people stranded on rooftops waving for help; an elderly couple watching from a balcony.,5,Life-threatening flooding with people stranded; immediate mass rescue required.,flood
sevlab-02278,Shin-deep rainwater on a bus stand in Maligaon; pedestrians wading carefully; shops placing sandbags.,2,Noticeable impact but daily life continues with adjustments.,flood
sevlab-02279,Strong winds bending trees on a bus stand in Pipraich; rain lashing sideways.,2,Moderate disruption; vulnerable people should take care.,cyclone
sevlab-02280,Overcast sky with strong winds in Kahalgaon; trees swaying; fishermen securing boats.,1,"Mild conditions; situation under control, no urgent action needed.",cyclone
sevlab-02281,Ankle-deep waterlogging on a riverside ghat in Salt Lake; two-wheelers moving slowly; submerged hand-pumps and shops.,2,Moderate disruption; vulnerable people should take care.,flood
sevlab-02282,Severe flooding in Kahalgaon; entire main road underwater; families on rooftops; submerged hand-pumps and shops.,5,Catastrophic conditions; large-scale emergency response needed.,flood
sevlab-02283,Ankle-deep waterlogging on a main road in Tilkamanjhi; two-wheelers moving slowly; floating debris and household items.,2,Ankle-deep water slowing movement; manageable with precautions.,flood
sevlab-02284,Severe flooding in Manihari; entire village street underwater; families on rooftops; power lines hanging low over the water.,5,Life-threatening flooding with people stranded; immediate mass rescue required.,flood
sevlab-02285,Very hot midday on a railway underpass in Keoti; shutters half-down; children sitting on a raised platform.,2,Noticeable impact but daily life continues with adjustments.,heatwave
sevlab-02286,Catastrophic cyclone devastation in Paltan Bazaar; collapsed buildings; submerged streets; rescue teams evacuating residents; submerged hand-pumps and shops.,5,Catastrophic conditions; large-scale emergency response needed.,cyclone
sevlab-02287,Very hot midday on a low-lying colony in Chandmari; shutters half-down; floating debris and household items.,2,Moderate disruption; vulnerable people should take care.,heatwave
sevlab-02288,Light rainwater puddles on a market road in Banmankhi; people walking normally with umbrellas; no disruption visible.,1,"Mild conditions; situation under control, no urgent action needed.",flood
sevlab-02289,Waist-deep brown floodwater submerging a railway underpass in Kankarbagh; water entering ground-floor homes; a dog swimming across the lane.,4,Waist-deep water entering homes; residents stranded; urgent rescue needed.,flood
sevlab-02290,Ankle-deep waterlogging on a village street in Sahebganj; two-wheelers moving slowly; people carrying belongings on their heads.,2,Ankle-deep water slowing movement; manageable with precautions.,flood
sevlab-02291,Damp main road in Beltola after a shower; normal traffic; shops open.,1,"Mild conditions; situation under control, no urgent action needed.",flood
sevlab-02292,Waist-deep brown floodwater submerging a residential lane in Bidupur; water entering ground-floor homes; a dog swimming across the lane.,4,Severe flooding with people trapped; immediate evacuation required.,flood
sevlab-02293,Very hot midday on a market road in Liluah; shutters half-down; a rescue boat visible in the distance.,2,Moderate disruption; vulnerable people should take care.,heatwave
sevlab-02294,Extreme heat emergency in Mohaddipur; multiple people fainted on the street; ambulance present; a stranded auto-rickshaw half submerged.,5,Catastrophic conditions; large-scale emergency response needed.,heatwave
sevlab-02295,Blazing heat over Chowkidingee; cracked dry ground; labourers resting under a tree.,3,Knee-deep water affecting homes and movement; vulnerable people at risk.,heatwave
sevlab-02296,Bright harsh sunlight over a village street in Gulabbagh; normal crowd with sun protection.,1,Light impact visible; monitoring is sufficient for now.,heatwave
sevlab-02297,Intense heatwave in Mohaddipur; nearly empty streets at noon; a man resting in shade showing heat exhaustion; a stranded auto-rickshaw half submerged.,3,Knee-deep water affecting homes and movement; vulnerable people at risk.,heatwave
sevlab-02298,Heavy rain and gusty winds in Sea Beach Road; tin roofs rattling; children sitting on a raised platform.,2,Noticeable impact but daily life continues with adjustments.,cyclone
sevlab-02299,Hot sunny afternoon in Pipraich; people using umbrellas; streets active.,1,Minor waterlogging with no disruption to people or property.,heatwave
sevlab-02300,Severe flooding in Sahebganj; entire bus stand underwater; families on rooftops; children sitting on a raised platform.,5,Extreme danger to life; highest-priority rescue operation.,flood
sevlab-02301,Severe cyclone landfall near Bally; uprooted trees and electric poles; houses with roofs torn off; a dog swimming across the lane.,4,Deep water across residential areas; critical rescue situation.,cyclone
sevlab-02302,Knee-deep floodwater covering a residential lane in Ganeshguri; residents wading with belongings; an elderly couple watching from a balcony.,3,Significant flooding; evacuation of low-lying homes advised.,flood
sevlab-02303,Ankle-deep waterlogging on a bus stand in Lalganj; two-wheelers moving slowly; an elderly couple watching from a balcony.,2,Moderate disruption; vulnerable people should take care.,flood
sevlab-02304,Blazing heat over Sabour; cracked dry ground; labourers resting under a tree.,3,Water entering ground floors; relief assistance likely needed soon.,heatwave
sevlab-02305,Overcast sky with strong winds in Mohaddipur; trees swaying; fishermen securing boats.,1,Light impact visible; monitoring is sufficient for now.,cyclone
sevlab-02306,Shin-deep rainwater on a low-lying colony in Tajpur; pedestrians wading carefully; shops placing sandbags.,2,Noticeable impact but daily life continues with adjustments.,flood
sevlab-02307,Ankle-deep waterlogging on a village street in Sultanganj; two-wheelers moving slowly; an elderly couple watching from a balcony.,2,Moderate disruption; vulnerable people should take care.,flood
sevlab-02308,Cyclonic storm hitting Dhamdaha; fallen trees blocking the road; damaged shop signboards; people carrying belongings on their heads.,3,Water entering ground floors; relief assistance likely needed soon.,cyclone
sevlab-02309,Ankle-deep waterlogging on a riverside ghat in Baruraj; two-wheelers moving slowly; an elderly couple watching from a balcony.,2,Moderate disruption; vulnerable people should take care.,flood
sevlab-02310,Knee-to-thigh deep water in a village street in Aminabad; ground floors flooded; people moving to upper floors.,3,Water entering ground floors; relief assistance likely needed soon.,flood
sevlab-02311,Knee-deep floodwater covering a railway underpass in Benipur; residents wading with belongings; children sitting on a raised platform.,3,Knee-deep water affecting homes and movement; vulnerable people at risk.,flood
sevlab-02312,Overcast sky with strong winds in Hajipur; trees swaying; fishermen securing boats.,1,"Mild conditions; situation under control, no urgent action needed.",cyclone
sevlab-02313,Strong winds bending trees on a low-lying colony in Sultanganj; rain lashing sideways.,2,Noticeable impact but daily life continues with adjustments.,cyclone
sevlab-02314,Intense heatwave in Santragachi; nearly empty streets at noon; a man resting in shade showing heat exhaustion; children sitting on a raised platform.,3,Water entering ground floors; relief assistance likely needed soon.,heatwave
sevlab-02315,Knee-deep floodwater covering a railway underpass in Dhamdaha; residents wading with belongings; an elderly couple watching from a balcony.,3,Water entering ground floors; relief assistance likely needed soon.,flood
sevlab-02316,Extreme heat in Dharampeth; thermometer reading dangerously high; streets deserted.,4,Severe flooding with people trapped; immediate evacuation required.,heatwave
sevlab-02317,Knee-deep floodwater covering a main road in Behala; residents wading with belongings; an elderly couple watching from a balcony.,3,Knee-deep water affecting homes and movement; vulnerable people at risk.,flood
sevlab-02318,Damp main road in Talabania after a shower; normal traffic; shops open.,1,Light impact visible; monitoring is sufficient for now.,flood
sevlab-02319,Damp bus stand in Tajpur after a shower; normal traffic; shops open.,1,Minor waterlogging with no disruption to people or property.,flood
sevlab-02320,Destructive winds battering Godowlia; collapsed boundary walls; streets flooded.,4,Deep water across residential areas; critical rescue situation.,cyclone
sevlab-02321,Bright harsh sunlight over a low-lying colony in Pipraich; normal crowd with sun protection.,1,Minor waterlogging with no disruption to people or property.,heatwave
sevlab-02322,Shin-deep rainwater on a bus stand in Pranpur; pedestrians wading carefully; shops placing sandbags.,2,Moderate disruption; vulnerable people should take care.,flood
sevlab-02323,Waist-deep brown floodwater submerging a railway underpass in Pusa; water entering ground-floor homes; children sitting on a raised platform.,4,Waist-deep water entering homes; residents stranded; urgent rescue needed.,flood
sevlab-02324,Cyclonic storm hitting T Nagar; fallen trees blocking the road; damaged shop signboards; a dog swimming across the lane.,3,Water entering ground floors; relief assistance likely needed soon.,cyclone
sevlab-02325,Blazing heat over Mancotta; cracked dry ground; labourers resting under a tree.,3,Knee-deep water affecting homes and movement; vulnerable people at risk.,heatwave
sevlab-02326,Catastrophic cyclone devastation in Manpur; collapsed buildings; submerged streets; rescue teams evacuating residents; power lines hanging low over the water.,5,Extreme danger to life; highest-priority rescue operation.,cyclone
sevlab-02327,Knee-deep floodwater covering a residential lane in Adyar; residents wading with belongings; a dog swimming across the lane.,3,Knee-deep water affecting homes and movement; vulnerable people at risk.,flood
sevlab-02328,Damp residential lane in Sea Beach Road after a shower; normal traffic; shops open.,1,"Mild conditions; situation under control, no urgent action needed.",flood
sevlab-02329,Knee-deep floodwater covering a riverside ghat in Rupauli; residents wading with belongings; a stranded auto-rickshaw half submerged.,3,Knee-deep water affecting homes and movement; vulnerable people at risk.,flood
sevlab-02330,Bright harsh sunlight over a market road in Pranpur; normal crowd with sun protection.,1,Light impact visible; monitoring is sufficient for now.,heatwave
sevlab-02331,Ankle-deep waterlogging on a village street in Pupri; two-wheelers moving slowly; a rescue boat visible in the distance.,2,Moderate disruption; vulnerable people should take care.,flood
sevlab-02332,Severe cyclone landfall near Dum Dum; uprooted trees and electric poles; houses with roofs torn off; power lines hanging low over the water.,4,Severe flooding with people trapped; immediate evacuation required.,cyclone
sevlab-02333,Knee-deep floodwater covering a main road in Kankarbagh; residents wading with belongings; submerged hand-pumps and shops.,3,Knee-deep water affecting homes and movement; vulnerable people at risk.,flood
sevlab-02334,Shin-deep rainwater on a bus stand in Khanpur; pedestrians wading carefully; shops placing sandbags.,2,Noticeable impact but daily life continues with adjustments.,flood
sevlab-02335,Knee-to-thigh deep water in a low-lying colony in Dharampeth; ground floors flooded; people moving to upper floors.,3,Water entering ground floors; relief assistance likely needed soon.,flood
sevlab-02336,Ankle-deep waterlogging on a railway underpass in Mancotta; two-wheelers moving slowly; a stranded auto-rickshaw half submerged.,2,Moderate disruption; vulnerable people should take care.,flood
sevlab-02337,Waist-deep brown floodwater submerging a low-lying colony in Rosera; water entering ground-floor homes; a rescue boat visible in the distance.,4,Deep water across residential areas; critical rescue situation.,flood
sevlab-02338,Scorching heat in Sursand market; vendors covering stalls with wet cloth; people drinking water frequently.,2,Moderate disruption; vulnerable people should take care.,heatwave
sevlab-02339,Intense heatwave in Bidupur; nearly empty streets at noon; a man resting in shade showing heat exhaustion; floating debris and household items.,3,Significant flooding; evacuation of low-lying homes advised.,heatwave
sevlab-02340,Damp residential lane in Bodh Gaya after a shower; normal traffic; shops open.,1,Light impact visible; monitoring is sufficient for now.,flood
sevlab-02341,Knee-to-thigh deep water in a bus stand in Dumra; ground floors flooded; people moving to upper floors.,3,Knee-deep water affecting homes and movement; vulnerable people at risk.,flood
sevlab-02342,Knee-deep floodwater covering a low-lying colony in Ramnagar; residents wading with belongings; people carrying belongings on their heads.,3,Knee-deep water affecting homes and movement; vulnerable people at risk.,flood
sevlab-02343,Knee-deep floodwater covering a school compound in Sea Beach Road; residents wading with belongings; floating debris and household items.,3,Water entering ground floors; relief assistance likely needed soon.,flood
sevlab-02344,Catastrophic cyclone devastation in Salt Lake; collapsed buildings; submerged streets; rescue teams evacuating residents; people carrying belongings on their heads.,5,Life-threatening flooding with people stranded; immediate mass rescue required.,cyclone
sevlab-02345,Very hot midday on a highway stretch in Baruraj; shutters half-down; submerged hand-pumps and shops.,2,Noticeable impact but daily life continues with adjustments.,heatwave
sevlab-02346,Shin-deep rainwater on a bus stand in Dalsinghsarai; pedestrians wading carefully; shops placing sandbags.,2,Moderate disruption; vulnerable people should take care.,flood
sevlab-02347,Knee-deep floodwater covering a bus stand in Adyar; residents wading with belongings; people carrying belongings on their heads.,3,Knee-deep water affecting homes and movement; vulnerable people at risk.,flood
sevlab-02348,Shin-deep rainwater on a main road in Hingna; pedestrians wading carefully; shops placing sandbags.,2,Noticeable impact but daily life continues with adjustments.,flood
sevlab-02349,Heavy rain and gusty winds in Hajipur; tin roofs rattling; an elderly couple watching from a balcony.,2,Ankle-deep water slowing movement; manageable with precautions.,cyclone
sevlab-02350,Strong winds bending trees on a market road in Delang; rain lashing sideways.,2,Moderate disruption; vulnerable people should take care.,cyclone
sevlab-02351,Damp low-lying colony in Pranpur after a shower; normal traffic; shops open.,1,"Mild conditions; situation under control, no urgent action needed.",flood
sevlab-02352,Shin-deep rainwater on a main road in Godowlia; pedestrians wading carefully; shops placing sandbags.,2,Moderate disruption; vulnerable people should take care.,flood
sevlab-02353,Light rainwater puddles on a market road in Dharampeth; people walking normally with umbrellas; no disruption visible.,1,Minor waterlogging with no disruption to people or property.,flood
sevlab-02354,Shin-deep rainwater on a low-lying colony in Mohaddipur; pedestrians wading carefully; shops placing sandbags.,2,Moderate disruption; vulnerable people should take care.,flood
sevlab-02355,Bright harsh sunlight over a market road in Gandhi Maidan; normal crowd with sun protection.,1,Minor waterlogging with no disruption to people or property.,heatwave
sevlab-02356,Ankle-deep waterlogging on a main road in Pranpur; two-wheelers moving slowly; a rescue boat visible in the distance.,2,Noticeable impact but daily life continues with adjustments.,flood
sevlab-02357,Strong winds bending trees on a residential lane in Sabour; rain lashing sideways.,2,Noticeable impact but daily life continues with adjustments.,cyclone
sevlab-02358,Severe cyclone landfall near Beltola; uprooted trees and electric poles; houses with roofs torn off; submerged hand-pumps and shops.,4,Severe flooding with people trapped; immediate evacuation required.,cyclone
sevlab-02359,Light rainwater puddles on a low-lying colony in Ganeshguri; people walking normally with umbrellas; no disruption visible.,1,"Mild conditions; situation under control, no urgent action needed.",flood
sevlab-02360,Knee-to-thigh deep water in a riverside ghat in Danapur; ground floors flooded; people moving to upper floors.,3,Significant flooding; evacuation of low-lying homes advised.,flood
sevlab-02361,Light rainwater puddles on a riverside ghat in Santragachi; people walking normally with umbrellas; no disruption visible.,1,"Mild conditions; situation under control, no urgent action needed.",flood
sevlab-02362,Cyclonic storm hitting Bally; fallen trees blocking the road; damaged shop signboards; floating debris and household items.,3,Knee-deep water affecting homes and movement; vulnerable people at risk.,cyclone
sevlab-02363,Light rainwater puddles on a school compound in Mancotta; people walking normally with umbrellas; no disruption visible.,1,"Mild conditions; situation under control, no urgent action needed.",flood
sevlab-02364,Hot sunny afternoon in Dharampeth; people using umbrellas; streets active.,1,Minor waterlogging with no disruption to people or property.,heatwave
sevlab-02365,Waist-deep brown floodwater submerging a main road in Godowlia; water entering ground-floor homes; an elderly couple watching from a balcony.,4,Waist-deep water entering homes; residents stranded; urgent rescue needed.,flood
sevlab-02366,Light rainwater puddles on a market road in Salt Lake; people walking normally with umbrellas; no disruption visible.,1,Light impact visible; monitoring is sufficient for now.,flood
sevlab-02367,Hot sunny afternoon in Baruraj; people using umbrellas; streets active.,1,Light impact visible; monitoring is sufficient for now.,heatwave
sevlab-02368,Light rainwater puddles on a main road in Aliganj; people walking normally with umbrellas; no disruption visible.,1,"Mild conditions; situation under control, no urgent action needed.",flood
sevlab-02369,Damp residential lane in Kanti after a shower; normal traffic; shops open.,1,Light impact visible; monitoring is sufficient for now.,flood
sevlab-02370,Knee-deep floodwater covering a school compound in Rupauli; residents wading with belongings; submerged hand-pumps and shops.,3,Significant flooding; evacuation of low-lying homes advised.,flood
sevlab-02371,Waist-deep brown floodwater submerging a highway stretch in Aliganj; water entering ground-floor homes; a dog swimming across the lane.,4,Deep water across residential areas; critical rescue situation.,flood
sevlab-02372,Damp village street in Golghar after a shower; normal traffic; shops open.,1,Minor waterlogging with no disruption to people or property.,flood
sevlab-02373,Chest-high water rising in a highway stretch in Sea Beach Road; residents stranded on rooftops; people carrying belongings on their heads.,4,Severe flooding with people trapped; immediate evacuation required.,flood
sevlab-02374,Cyclonic storm hitting Satyabadi; fallen trees blocking the road; damaged shop signboards; children sitting on a raised platform.,3,Water entering ground floors; relief assistance likely needed soon.,cyclone
sevlab-02375,Waist-deep brown floodwater submerging a riverside ghat in Sultanganj; water entering ground-floor homes; an elderly couple watching from a balcony.,4,Waist-deep water entering homes; residents stranded; urgent rescue needed.,flood
sevlab-02376,Ankle-deep waterlogging on a village street in Chakratirtha; two-wheelers moving slowly; a rescue boat visible in the distance.,2,Moderate disruption; vulnerable people should take care.,flood
sevlab-02377,Shin-deep rainwater on a highway stretch in Jale; pedestrians wading carefully; shops placing sandbags.,2,Noticeable impact but daily life continues with adjustments.,flood
sevlab-02378,Knee-to-thigh deep water in a school compound in Mushahari; ground floors flooded; people moving to upper floors.,3,Significant flooding; evacuation of low-lying homes advised.,flood
sevlab-02379,Ankle-deep waterlogging on a residential lane in Godowlia; two-wheelers moving slowly; people carrying belongings on their heads.,2,Moderate disruption; vulnerable people should take care.,flood
sevlab-02380,Waist-deep brown floodwater submerging a bus stand in Tekari; water entering ground-floor homes; a stranded auto-rickshaw half submerged.,4,Waist-deep water entering homes; residents stranded; urgent rescue needed.,flood
sevlab-02381,Light rainwater puddles on a main road in Mancotta; people walking normally with umbrellas; no disruption visible.,1,Minor waterlogging with no disruption to people or property.,flood
sevlab-02382,Damp market road in Santragachi after a shower; normal traffic; shops open.,1,Light impact visible; monitoring is sufficient for now.,flood
sevlab-02383,Damp railway underpass in Bally after a shower; normal traffic; shops open.,1,Light impact visible; monitoring is sufficient for now.,flood
sevlab-02384,Knee-deep floodwater covering a low-lying colony in Kamptee; residents wading with belongings; a stranded auto-rickshaw half submerged.,3,Knee-deep water affecting homes and movement; vulnerable people at risk.,flood
sevlab-02385,Very hot midday on a school compound in Dum Dum; shutters half-down; people carrying belongings on their heads.,2,Noticeable impact but daily life continues with adjustments.,heatwave
sevlab-02386,Chest-deep fast-flowing floodwater across Bally; houses partially submerged with only roofs visible; people stranded on rooftops waving for help; volunteers distributing water bottles.,5,Extreme danger to life; highest-priority rescue operation.,flood
sevlab-02387,Light rainwater puddles on a riverside ghat in Golghar; people walking normally with umbrellas; no disruption visible.,1,Minor waterlogging with no disruption to people or property.,flood
sevlab-02388,Deadly heatwave in Godowlia; hospital entrance crowded; shops shuttered in peak afternoon.,5,Catastrophic conditions; large-scale emergency response needed.,heatwave
sevlab-02389,Light rainwater puddles on a village street in Manewada; people walking normally with umbrellas; no disruption visible.,1,Minor waterlogging with no disruption to people or property.,flood
sevlab-02390,Cyclonic storm hitting Manihari; fallen trees blocking the road; damaged shop signboards; people carrying belongings on their heads.,3,Significant flooding; evacuation of low-lying homes advised.,cyclone
sevlab-02391,Chest-high water rising in a village street in Paltan Bazaar; residents stranded on rooftops; children sitting on a raised platform.,4,Waist-deep water entering homes; residents stranded; urgent rescue needed.,flood
sevlab-02392,Knee-to-thigh deep water in a highway stretch in Pandeypur; ground floors flooded; people moving to upper floors.,3,Significant flooding; evacuation of low-lying homes advised.,flood
sevlab-02393,Ankle-deep waterlogging on a main road in Kadwa; two-wheelers moving slowly; an elderly couple watching from a balcony.,2,Noticeable impact but daily life continues with adjustments.,flood
sevlab-02394,Very hot midday on a bus stand in Chowk; shutters half-down; submerged hand-pumps and shops.,2,Moderate disruption; vulnerable people should take care.,heatwave
sevlab-02395,Severe flooding in Sigra; entire residential lane underwater; families on rooftops; power lines hanging low over the water.,5,Catastrophic conditions; large-scale emergency response needed.,flood
sevlab-02396,Light rainwater puddles on a market road in Naugachia; people walking normally with umbrellas; no disruption visible.,1,"Mild conditions; situation under control, no urgent action needed.",flood
sevlab-02397,Waist-deep brown floodwater submerging a railway underpass in Talabania; water entering ground-floor homes; volunteers distributing water bottles.,4,Severe flooding with people trapped; immediate evacuation required.,flood
sevlab-02398,Waist-deep brown floodwater submerging a railway underpass in Bodh Gaya; water entering ground-floor homes; an elderly couple watching from a balcony.,4,Deep water across residential areas; critical rescue situation.,flood
sevlab-02399,Damp bus stand in Beltola after a shower; normal traffic; shops open.,1,"Mild conditions; situation under control, no urgent action needed.",flood
sevlab-02400,Severe flooding in Paltan Bazaar; entire residential lane underwater; families on rooftops; a stranded auto-rickshaw half submerged.,5,Life-threatening flooding with people stranded; immediate mass rescue required.,flood
sevlab-02401,Knee-deep floodwater covering a residential lane in Kasba; residents wading with belongings; an elderly couple watching from a balcony.,3,Knee-deep water affecting homes and movement; vulnerable people at risk.,flood
sevlab-02402,Chest-high water rising in a market road in Sitabuldi; residents stranded on rooftops; volunteers distributing water bottles.,4,Severe flooding with people trapped; immediate evacuation required.,flood
sevlab-02403,Bright harsh sunlight over a highway stretch in Dharampeth; normal crowd with sun protection.,1,Light impact visible; monitoring is sufficient for now.,heatwave
sevlab-02404,Waist-deep brown floodwater submerging a highway stretch in Motihari Road; water entering ground-floor homes; a stranded auto-rickshaw half submerged.,4,Deep water across residential areas; critical rescue situation.,flood
sevlab-02405,Severe flooding in Manewada; entire main road underwater; families on rooftops; a stranded auto-rickshaw half submerged.,5,Catastrophic conditions; large-scale emergency response needed.,flood
sevlab-02406,Ankle-deep waterlogging on a school compound in Gulabbagh; two-wheelers moving slowly; volunteers distributing water bottles.,2,Noticeable impact but daily life continues with adjustments.,flood
sevlab-02407,Intense heatwave in Uluberia; nearly empty streets at noon; a man resting in shade showing heat exhaustion; floating debris and household items.,3,Significant flooding; evacuation of low-lying homes advised.,heatwave
sevlab-02408,Knee-to-thigh deep water in a highway stretch in Lanka; ground floors flooded; people moving to upper floors.,3,Knee-deep water affecting homes and movement; vulnerable people at risk.,flood
sevlab-02409,Very hot midday on a low-lying colony in Hajipur; shutters half-down; people carrying belongings on their heads.,2,Noticeable impact but daily life continues with adjustments.,heatwave
sevlab-02410,Knee-to-thigh deep water in a riverside ghat in Bahadurpur; ground floors flooded; people moving to upper floors.,3,Knee-deep water affecting homes and movement; vulnerable people at risk.,flood
sevlab-02411,Knee-deep floodwater covering a market road in Jale; residents wading with belongings; children sitting on a raised platform.,3,Significant flooding; evacuation of low-lying homes advised.,flood
sevlab-02412,Severe flooding in Lanka; entire riverside ghat underwater; families on rooftops; floating debris and household items.,5,Extreme danger to life; highest-priority rescue operation.,flood
sevlab-02413,Waist-deep brown floodwater submerging a village street in Laheriasarai; water entering ground-floor homes; submerged hand-pumps and shops.,4,Deep water across residential areas; critical rescue situation.,flood
sevlab-02414,Bright harsh sunlight over a riverside ghat in Ramnagar; normal crowd with sun protection.,1,Light impact visible; monitoring is sufficient for now.,heatwave
sevlab-02415,Severe flooding in Liluah; entire market road underwater; families on rooftops; floating debris and household items.,5,Catastrophic conditions; large-scale emergency response needed.,flood
sevlab-02416,Severe cyclone landfall near Kasba; uprooted trees and electric poles; houses with roofs torn off; submerged hand-pumps and shops.,4,Waist-deep water entering homes; residents stranded; urgent rescue needed.,cyclone
sevlab-02417,Deadly heatwave in Golghar; hospital entrance crowded; shops shuttered in peak afternoon.,5,Catastrophic conditions; large-scale emergency response needed.,heatwave
sevlab-02418,Ankle-deep waterlogging on a bus stand in Indira Nagar; two-wheelers moving slowly; a stranded auto-rickshaw half submerged.,2,Ankle-deep water slowing movement; manageable with precautions.,flood
sevlab-02419,Knee-to-thigh deep water in a low-lying colony in Kadwa; ground floors flooded; people moving to upper floors.,3,Knee-deep water affecting homes and movement; vulnerable people at risk.,flood
sevlab-02420,Overcast sky with strong winds in Pranpur; trees swaying; fishermen securing boats.,1,Light impact visible; monitoring is sufficient for now.,cyclone
sevlab-02421,Bright harsh sunlight over a residential lane in Dalsinghsarai; normal crowd with sun protection.,1,Minor waterlogging with no disruption to people or property.,heatwave
sevlab-02422,Damp riverside ghat in Mancotta after a shower; normal traffic; shops open.,1,Light impact visible; monitoring is sufficient for now.,flood
sevlab-02423,Shin-deep rainwater on a riverside ghat in Keoti; pedestrians wading carefully; shops placing sandbags.,2,Moderate disruption; vulnerable people should take care.,flood
sevlab-02424,Severe winds in Barsoi; uprooted small trees; waterlogging beginning.,3,Knee-deep water affecting homes and movement; vulnerable people at risk.,cyclone
sevlab-02425,Blazing heat over Mohaddipur; cracked dry ground; labourers resting under a tree.,3,Water entering ground floors; relief assistance likely needed soon.,heatwave
sevlab-02426,Very hot midday on a railway underpass in Bally; shutters half-down; an elderly couple watching from a balcony.,2,Noticeable impact but daily life continues with adjustments.,heatwave
sevlab-02427,Blazing heat over Adyar; cracked dry ground; labourers resting under a tree.,3,Knee-deep water affecting homes and movement; vulnerable people at risk.,heatwave
sevlab-02428,Cyclonic storm hitting Rosera; fallen trees blocking the road; damaged shop signboards; a dog swimming across the lane.,3,Significant flooding; evacuation of low-lying homes advised.,cyclone
sevlab-02429,Knee-deep floodwater covering a village street in Chandmari; residents wading with belongings; volunteers distributing water bottles.,3,Water entering ground floors; relief assistance likely needed soon.,flood
sevlab-02430,Damp residential lane in Bahadurpur after a shower; normal traffic; shops open.,1,Minor waterlogging with no disruption to people or property.,flood
sevlab-02431,Shin-deep rainwater on a main road in Sabour; pedestrians wading carefully; shops placing sandbags.,2,Moderate disruption; vulnerable people should take care.,flood
sevlab-02432,Strong winds bending trees on a riverside ghat in Santragachi; rain lashing sideways.,2,Noticeable impact but daily life continues with adjustments.,cyclone
sevlab-02433,Light rainwater puddles on a highway stretch in Hingna; people walking normally with umbrellas; no disruption visible.,1,Light impact visible; monitoring is sufficient for now.,flood
sevlab-02434,Damp market road in Sigra after a shower; normal traffic; shops open.,1,Light impact visible; monitoring is sufficient for now.,flood
sevlab-02435,Catastrophic cyclone devastation in Ramnagar; collapsed buildings; submerged streets; rescue teams evacuating residents; floating debris and household items.,5,Catastrophic conditions; large-scale emergency response needed.,cyclone
sevlab-02436,Shin-deep rainwater on a bus stand in Salt Lake; pedestrians wading carefully; shops placing sandbags.,2,Ankle-deep water slowing movement; manageable with precautions.,flood
sevlab-02437,Damp market road in Bally after a shower; normal traffic; shops open.,1,Minor waterlogging with no disruption to people or property.,flood
sevlab-02438,Chest-high water rising in a main road in Mahnar; residents stranded on rooftops; power lines hanging low over the water.,4,Deep water across residential areas; critical rescue situation.,flood
sevlab-02439,Severe winds in Pandeypur; uprooted small trees; waterlogging beginning.,3,Knee-deep water affecting homes and movement; vulnerable people at risk.,cyclone
sevlab-02440,Catastrophic cyclone devastation in Chandmari; collapsed buildings; submerged streets; rescue teams evacuating residents; a rescue boat visible in the distance.,5,Life-threatening flooding with people stranded; immediate mass rescue required.,cyclone
sevlab-02441,Waist-deep brown floodwater submerging a residential lane in Ramnagar; water entering ground-floor homes; a stranded auto-rickshaw half submerged.,4,Severe flooding with people trapped; immediate evacuation required.,flood
sevlab-02442,Light rainwater puddles on a low-lying colony in Manpur; people walking normally with umbrellas; no disruption visible.,1,"Mild conditions; situation under control, no urgent action needed.",flood
sevlab-02443,Heavy rain and gusty winds in Pusa; tin roofs rattling; power lines hanging low over the water.,2,Moderate disruption; vulnerable people should take care.,cyclone
sevlab-02444,Waist-deep brown floodwater submerging a highway stretch in Chowk; water entering ground-floor homes; power lines hanging low over the water.,4,Deep water across residential areas; critical rescue situation.,flood
sevlab-02445,Extreme heat emergency in Kasba; multiple people fainted on the street; ambulance present; power lines hanging low over the water.,5,Extreme danger to life; highest-priority rescue operation.,heatwave
sevlab-02446,Light rainwater puddles on a village street in Shibpur; people walking normally with umbrellas; no disruption visible.,1,Light impact visible; monitoring is sufficient for now.,flood
sevlab-02447,Cyclonic storm hitting Sea Beach Road; fallen trees blocking the road; damaged shop signboards; children sitting on a raised platform.,3,Significant flooding; evacuation of low-lying homes advised.,cyclone
sevlab-02448,Knee-to-thigh deep water in a main road in Khanpur; ground floors flooded; people moving to upper floors.,3,Water entering ground floors; relief assistance likely needed soon.,flood
sevlab-02449,Hot sunny afternoon in Raghopur; people using umbrellas; streets active.,1,Minor waterlogging with no disruption to people or property.,heatwave
sevlab-02450,Strong winds bending trees on a railway underpass in Rajendra Nagar; rain lashing sideways.,2,Noticeable impact but daily life continues with adjustments.,cyclone
sevlab-02451,Severe flooding in Shibpur; entire residential lane underwater; families on rooftops; children sitting on a raised platform.,5,Catastrophic conditions; large-scale emergency response needed.,flood
sevlab-02452,Shin-deep rainwater on a low-lying colony in Bahadurpur; pedestrians wading carefully; shops placing sandbags.,2,Moderate disruption; vulnerable people should take care.,flood
sevlab-02453,Ankle-deep waterlogging on a school compound in Belsand; two-wheelers moving slowly; an elderly couple watching from a balcony.,2,Noticeable impact but daily life continues with adjustments.,flood
sevlab-02454,Very hot midday on a main road in Mancotta; shutters half-down; volunteers distributing water bottles.,2,Noticeable impact but daily life continues with adjustments.,heatwave
sevlab-02455,Light rainwater puddles on a bus stand in Laheriasarai; people walking normally with umbrellas; no disruption visible.,1,Light impact visible; monitoring is sufficient for now.,flood
sevlab-02456,Heavy rain and gusty winds in Kamptee; tin roofs rattling; a rescue boat visible in the distance.,2,Noticeable impact but daily life continues with adjustments.,cyclone
sevlab-02457,Knee-to-thigh deep water in a main road in Chowkidingee; ground floors flooded; people moving to upper floors.,3,Water entering ground floors; relief assistance likely needed soon.,flood
sevlab-02458,Knee-deep floodwater covering a school compound in Belaganj; residents wading with belongings; power lines hanging low over the water.,3,Water entering ground floors; relief assistance likely needed soon.,flood
sevlab-02459,Intense heatwave in Tilkamanjhi; nearly empty streets at noon; a man resting in shade showing heat exhaustion; a rescue boat visible in the distance.,3,Significant flooding; evacuation of low-lying homes advised.,heatwave
sevlab-02460,Knee-deep floodwater covering a main road in Kamptee; residents wading with belongings; submerged hand-pumps and shops.,3,Water entering ground floors; relief assistance likely needed soon.,flood
sevlab-02461,Severe flooding in Hajipur; entire railway underpass underwater; families on rooftops; volunteers distributing water bottles.,5,Catastrophic conditions; large-scale emergency response needed.,flood
sevlab-02462,Heavy rain and gusty winds in Mohaddipur; tin roofs rattling; people carrying belongings on their heads.,2,Noticeable impact but daily life continues with adjustments.,cyclone
sevlab-02463,Overcast sky with strong winds in Lalganj; trees swaying; fishermen securing boats.,1,"Mild conditions; situation under control, no urgent action needed.",cyclone
sevlab-02464,Knee-to-thigh deep water in a bus stand in Motihari Road; ground floors flooded; people moving to upper floors.,3,Knee-deep water affecting homes and movement; vulnerable people at risk.,flood
sevlab-02465,Chest-deep fast-flowing floodwater across Mahnar; houses partially submerged with only roofs visible; people stranded on rooftops waving for help; an elderly couple watching from a balcony.,5,Catastrophic conditions; large-scale emergency response needed.,flood
sevlab-02466,Shin-deep rainwater on a market road in T Nagar; pedestrians wading carefully; shops placing sandbags.,2,Ankle-deep water slowing movement; manageable with precautions.,flood
sevlab-02467,Damp bus stand in Banmankhi after a shower; normal traffic; shops open.,1,"Mild conditions; situation under control, no urgent action needed.",flood
sevlab-02468,Blazing heat over Mushahari; cracked dry ground; labourers resting under a tree.,3,Significant flooding; evacuation of low-lying homes advised.,heatwave
sevlab-02469,Overcast sky with strong winds in Naliapool; trees swaying; fishermen securing boats.,1,Light impact visible; monitoring is sufficient for now.,cyclone
sevlab-02470,Severe heatwave in Ramnagar; elderly person collapsed near a bus stop; bystanders giving water; an elderly couple watching from a balcony.,4,Severe flooding with people trapped; immediate evacuation required.,heatwave
sevlab-02471,Knee-to-thigh deep water in a riverside ghat in Digha; ground floors flooded; people moving to upper floors.,3,Knee-deep water affecting homes and movement; vulnerable people at risk.,flood
sevlab-02472,Heavy rain and gusty winds in Tajpur; tin roofs rattling; floating debris and household items.,2,Noticeable impact but daily life continues with adjustments.,cyclone
sevlab-02473,Knee-to-thigh deep water in a main road in Hajipur; ground floors flooded; people moving to upper floors.,3,Water entering ground floors; relief assistance likely needed soon.,flood
sevlab-02474,Massive storm surge flooding Mohaddipur; boats washed onto roads; a stranded auto-rickshaw half submerged.,5,Extreme danger to life; highest-priority rescue operation.,cyclone
sevlab-02475,Cyclonic storm hitting Indira Nagar; fallen trees blocking the road; damaged shop signboards; a rescue boat visible in the distance.,3,Knee-deep water affecting homes and movement; vulnerable people at risk.,cyclone
sevlab-02476,Shin-deep rainwater on a bus stand in Sursand; pedestrians wading carefully; shops placing sandbags.,2,Noticeable impact but daily life continues with adjustments.,flood
sevlab-02477,Very hot midday on a railway underpass in Naugachia; shutters half-down; a rescue boat visible in the distance.,2,Moderate disruption; vulnerable people should take care.,heatwave
sevlab-02478,Extreme heat in Digha; thermometer reading dangerously high; streets deserted.,4,Severe flooding with people trapped; immediate evacuation required.,heatwave
sevlab-02479,Light rainwater puddles on a bus stand in Kushmi; people walking normally with umbrellas; no disruption visible.,1,Minor waterlogging with no disruption to people or property.,flood
sevlab-02480,Damp railway underpass in Kankarbagh after a shower; normal traffic; shops open.,1,Light impact visible; monitoring is sufficient for now.,flood
sevlab-02481,Deadly heatwave in Motihari Road; hospital entrance crowded; shops shuttered in peak afternoon.,5,Extreme danger to life; highest-priority rescue operation.,heatwave
sevlab-02482,Ankle-deep waterlogging on a bus stand in Manewada; two-wheelers moving slowly; volunteers distributing water bottles.,2,Noticeable impact but daily life continues with adjustments.,flood
sevlab-02483,Strong winds bending trees on a school compound in Digha; rain lashing sideways.,2,Ankle-deep water slowing movement; manageable with precautions.,cyclone
sevlab-02484,Damp school compound in Indira Nagar after a shower; normal traffic; shops open.,1,Minor waterlogging with no disruption to people or property.,flood
sevlab-02485,Waist-deep brown floodwater submerging a residential lane in Gomti Nagar; water entering ground-floor homes; children sitting on a raised platform.,4,Deep water across residential areas; critical rescue situation.,flood
sevlab-02486,Chest-high water rising in a school compound in Adyar; residents stranded on rooftops; a stranded auto-rickshaw half submerged.,4,Deep water across residential areas; critical rescue situation.,flood
sevlab-02487,Chest-high water rising in a highway stretch in Dhamdaha; residents stranded on rooftops; people carrying belongings on their heads.,4,Deep water across residential areas; critical rescue situation.,flood
sevlab-02488,Ankle-deep waterlogging on a main road in Sitabuldi; two-wheelers moving slowly; an elderly couple watching from a balcony.,2,Noticeable impact but daily life continues with adjustments.,flood
sevlab-02489,Ankle-deep waterlogging on a bus stand in Chowkidingee; two-wheelers moving slowly; an elderly couple watching from a balcony.,2,Noticeable impact but daily life continues with adjustments.,flood
sevlab-02490,Shin-deep rainwater on a railway underpass in Raghopur; pedestrians wading carefully; shops placing sandbags.,2,Moderate disruption; vulnerable people should take care.,flood
sevlab-02491,Chest-deep fast-flowing floodwater across Porur; houses partially submerged with only roofs visible; people stranded on rooftops waving for help; a stranded auto-rickshaw half submerged.,5,Catastrophic conditions; large-scale emergency response needed.,flood
sevlab-02492,Deadly heatwave in Naliapool; hospital entrance crowded; shops shuttered in peak afternoon.,5,Life-threatening flooding with people stranded; immediate mass rescue required.,heatwave
sevlab-02493,Damp village street in Manpur after a shower; normal traffic; shops open.,1,Minor waterlogging with no disruption to people or property.,flood
sevlab-02494,Bright harsh sunlight over a bus stand in Bodh Gaya; normal crowd with sun protection.,1,Minor waterlogging with no disruption to people or property.,heatwave
sevlab-02495,Shin-deep rainwater on a bus stand in Aliganj; pedestrians wading carefully; shops placing sandbags.,2,Noticeable impact but daily life continues with adjustments.,flood
sevlab-02496,Extreme heat in Satyabadi; thermometer reading dangerously high; streets deserted.,4,Deep water across residential areas; critical rescue situation.,heatwave
sevlab-02497,Knee-to-thigh deep water in a market road in Lanka; ground floors flooded; people moving to upper floors.,3,Significant flooding; evacuation of low-lying homes advised.,flood
sevlab-02498,Light rainwater puddles on a low-lying colony in Dumra; people walking normally with umbrellas; no disruption visible.,1,Light impact visible; monitoring is sufficient for now.,flood
sevlab-02499,Light rainwater puddles on a railway underpass in Ganeshguri; people walking normally with umbrellas; no disruption visible.,1,Light impact visible; monitoring is sufficient for now.,flood
sevlab-02500,Extreme heat emergency in Digha; multiple people fainted on the street; ambulance present; children sitting on a raised platform.,5,Life-threatening flooding with people stranded; immediate mass rescue required.,heatwave
sevlab-02501,Knee-deep floodwater covering a low-lying colony in Satyabadi; residents wading with belongings; children sitting on a raised platform.,3,Water entering ground floors; relief assistance likely needed soon.,flood
sevlab-02502,Severe flooding in Satyabadi; entire riverside ghat underwater; families on rooftops; a dog swimming across the lane.,5,Life-threatening flooding with people stranded; immediate mass rescue required.,flood
sevlab-02503,Ankle-deep waterlogging on a village street in Benipur; two-wheelers moving slowly; floating debris and household items.,2,Moderate disruption; vulnerable people should take care.,flood
sevlab-02504,Damp bus stand in Mahnar after a shower; normal traffic; shops open.,1,Minor waterlogging with no disruption to people or property.,flood
sevlab-02505,Destructive winds battering Mohaddipur; collapsed boundary walls; streets flooded.,4,Deep water across residential areas; critical rescue situation.,cyclone
sevlab-02506,Cyclonic storm hitting Chowkidingee; fallen trees blocking the road; damaged shop signboards; children sitting on a raised platform.,3,Knee-deep water affecting homes and movement; vulnerable people at risk.,cyclone
sevlab-02507,Shin-deep rainwater on a market road in Kadwa; pedestrians wading carefully; shops placing sandbags.,2,Ankle-deep water slowing movement; manageable with precautions.,flood
sevlab-02508,Very hot midday on a railway underpass in Manewada; shutters half-down; a stranded auto-rickshaw half submerged.,2,Moderate disruption; vulnerable people should take care.,heatwave
sevlab-02509,Extreme heat in Shibpur; thermometer reading dangerously high; streets deserted.,4,Waist-deep water entering homes; residents stranded; urgent rescue needed.,heatwave
sevlab-02510,Knee-deep floodwater covering a riverside ghat in Anna Nagar; residents wading with belongings; a rescue boat visible in the distance.,3,Knee-deep water affecting homes and movement; vulnerable people at risk.,flood
sevlab-02511,Extreme heat in Bahadurpur; thermometer reading dangerously high; streets deserted.,4,Waist-deep water entering homes; residents stranded; urgent rescue needed.,heatwave
sevlab-02512,Chest-high water rising in a school compound in Tekari; residents stranded on rooftops; an elderly couple watching from a balcony.,4,Deep water across residential areas; critical rescue situation.,flood
sevlab-02513,Shin-deep rainwater on a residential lane in Aliganj; pedestrians wading carefully; shops placing sandbags.,2,Noticeable impact but daily life continues with adjustments.,flood
sevlab-02514,Knee-to-thigh deep water in a main road in Pranpur; ground floors flooded; people moving to upper floors.,3,Water entering ground floors; relief assistance likely needed soon.,flood
sevlab-02515,Chest-deep fast-flowing floodwater across Mohanbari; houses partially submerged with only roofs visible; people stranded on rooftops waving for help; volunteers distributing water bottles.,5,Extreme danger to life; highest-priority rescue operation.,flood
sevlab-02516,Chest-deep fast-flowing floodwater across Lalganj; houses partially submerged with only roofs visible; people stranded on rooftops waving for help; volunteers distributing water bottles.,5,Life-threatening flooding with people stranded; immediate mass rescue required.,flood
sevlab-02517,Hot sunny afternoon in Behala; people using umbrellas; streets active.,1,Minor waterlogging with no disruption to people or property.,heatwave
sevlab-02518,Chest-deep fast-flowing floodwater across Dum Dum; houses partially submerged with only roofs visible; people stranded on rooftops waving for help; a stranded auto-rickshaw half submerged.,5,Extreme danger to life; highest-priority rescue operation.,flood
sevlab-02519,Bright harsh sunlight over a riverside ghat in Dumra; normal crowd with sun protection.,1,Minor waterlogging with no disruption to people or property.,heatwave
sevlab-02520,Damp market road in Bahadurpur after a shower; normal traffic; shops open.,1,"Mild conditions; situation under control, no urgent action needed.",flood
sevlab-02521,Overcast sky with strong winds in Pupri; trees swaying; fishermen securing boats.,1,"Mild conditions; situation under control, no urgent action needed.",cyclone
sevlab-02522,Ankle-deep waterlogging on a market road in Kushmi; two-wheelers moving slowly; submerged hand-pumps and shops.,2,Ankle-deep water slowing movement; manageable with precautions.,flood
sevlab-02523,Cyclonic storm hitting Sitabuldi; fallen trees blocking the road; damaged shop signboards; people carrying belongings on their heads.,3,Knee-deep water affecting homes and movement; vulnerable people at risk.,cyclone
sevlab-02524,Knee-to-thigh deep water in a railway underpass in Godowlia; ground floors flooded; people moving to upper floors.,3,Significant flooding; evacuation of low-lying homes advised.,flood
sevlab-02525,Light rainwater puddles on a low-lying colony in Indira Nagar; people walking normally with umbrellas; no disruption visible.,1,"Mild conditions; situation under control, no urgent action needed.",flood
sevlab-02526,Scorching heat in Patrakar Nagar market; vendors covering stalls with wet cloth; people drinking water frequently.,2,Noticeable impact but daily life continues with adjustments.,heatwave
sevlab-02527,Chest-high water rising in a riverside ghat in Chandmari; residents stranded on rooftops; a stranded auto-rickshaw half submerged.,4,Waist-deep water entering homes; residents stranded; urgent rescue needed.,flood
sevlab-02528,Extreme heat emergency in Indira Nagar; multiple people fainted on the street; ambulance present; a stranded auto-rickshaw half submerged.,5,Extreme danger to life; highest-priority rescue operation.,heatwave
sevlab-02529,Waist-deep brown floodwater submerging a bus stand in Belsand; water entering ground-floor homes; power lines hanging low over the water.,4,Waist-deep water entering homes; residents stranded; urgent rescue needed.,flood
sevlab-02530,Knee-to-thigh deep water in a bus stand in Mohaddipur; ground floors flooded; people moving to upper floors.,3,Significant flooding; evacuation of low-lying homes advised.,flood
sevlab-02531,Strong winds bending trees on a railway underpass in Salt Lake; rain lashing sideways.,2,Ankle-deep water slowing movement; manageable with precautions.,cyclone
sevlab-02532,Severe flooding in Gomti Nagar; entire low-lying colony underwater; families on rooftops; a rescue boat visible in the distance.,5,Life-threatening flooding with people stranded; immediate mass rescue required.,flood
sevlab-02533,Shin-deep rainwater on a bus stand in Sherghati; pedestrians wading carefully; shops placing sandbags.,2,Noticeable impact but daily life continues with adjustments.,flood
sevlab-02534,Bright harsh sunlight over a market road in Howrah Bridge; normal crowd with sun protection.,1,"Mild conditions; situation under control, no urgent action needed.",heatwave
sevlab-02535,Waist-deep brown floodwater submerging a market road in Bidupur; water entering ground-floor homes; a rescue boat visible in the distance.,4,Waist-deep water entering homes; residents stranded; urgent rescue needed.,flood
sevlab-02536,Scorching heat in Kanti market; vendors covering stalls with wet cloth; people drinking water frequently.,2,Noticeable impact but daily life continues with adjustments.,heatwave
sevlab-02537,Knee-deep floodwater covering a market road in Mithapur; residents wading with belongings; a rescue boat visible in the distance.,3,Water entering ground floors; relief assistance likely needed soon.,flood
sevlab-02538,Severe flooding in Rupauli; entire main road underwater; families on rooftops; a stranded auto-rickshaw half submerged.,5,Extreme danger to life; highest-priority rescue operation.,flood
sevlab-02539,Overcast sky with strong winds in Kadwa; trees swaying; fishermen securing boats.,1,"Mild conditions; situation under control, no urgent action needed.",cyclone
sevlab-02540,Extreme heat emergency in Lalganj; multiple people fainted on the street; ambulance present; a stranded auto-rickshaw half submerged.,5,Catastrophic conditions; large-scale emergency response needed.,heatwave
sevlab-02541,Very hot midday on a residential lane in Dum Dum; shutters half-down; an elderly couple watching from a balcony.,2,Moderate disruption; vulnerable people should take care.,heatwave
sevlab-02542,Shin-deep rainwater on a railway underpass in Gandhi Maidan; pedestrians wading carefully; shops placing sandbags.,2,Noticeable impact but daily life continues with adjustments.,flood
sevlab-02543,Cyclonic storm hitting Mohaddipur; fallen trees blocking the road; damaged shop signboards; children sitting on a raised platform.,3,Significant flooding; evacuation of low-lying homes advised.,cyclone
sevlab-02544,Intense heatwave in Mohaddipur; nearly empty streets at noon; a man resting in shade showing heat exhaustion; an elderly couple watching from a balcony.,3,Significant flooding; evacuation of low-lying homes advised.,heatwave
sevlab-02545,Very hot midday on a main road in Hingna; shutters half-down; a dog swimming across the lane.,2,Noticeable impact but daily life continues with adjustments.,heatwave
sevlab-02546,Scorching heat in Salt Lake market; vendors covering stalls with wet cloth; people drinking water frequently.,2,Noticeable impact but daily life continues with adjustments.,heatwave
sevlab-02547,Damp riverside ghat in Naliapool after a shower; normal traffic; shops open.,1,"Mild conditions; situation under control, no urgent action needed.",flood
sevlab-02548,Knee-deep floodwater covering a riverside ghat in Pandeypur; residents wading with belongings; power lines hanging low over the water.,3,Water entering ground floors; relief assistance likely needed soon.,flood
sevlab-02549,Cyclonic storm hitting Khanpur; fallen trees blocking the road; damaged shop signboards; a stranded auto-rickshaw half submerged.,3,Knee-deep water affecting homes and movement; vulnerable people at risk.,cyclone
sevlab-02550,Severe flooding in Pusa; entire school compound underwater; families on rooftops; floating debris and household items.,5,Catastrophic conditions; large-scale emergency response needed.,flood
sevlab-02551,Knee-deep floodwater covering a highway stretch in Patrakar Nagar; residents wading with belongings; submerged hand-pumps and shops.,3,Significant flooding; evacuation of low-lying homes advised.,flood
sevlab-02552,Shin-deep rainwater on a residential lane in Pusa; pedestrians wading carefully; shops placing sandbags.,2,Moderate disruption; vulnerable people should take care.,flood
sevlab-02553,Chest-high water rising in a residential lane in Golghar; residents stranded on rooftops; power lines hanging low over the water.,4,Deep water across residential areas; critical rescue situation.,flood
sevlab-02554,Knee-to-thigh deep water in a bus stand in Dum Dum; ground floors flooded; people moving to upper floors.,3,Knee-deep water affecting homes and movement; vulnerable people at risk.,flood
sevlab-02555,Shin-deep rainwater on a low-lying colony in Bairgania; pedestrians wading carefully; shops placing sandbags.,2,Moderate disruption; vulnerable people should take care.,flood
sevlab-02556,Damp village street in Aliganj after a shower; normal traffic; shops open.,1,Minor waterlogging with no disruption to people or property.,flood
sevlab-02557,Shin-deep rainwater on a bus stand in Boiragimoth; pedestrians wading carefully; shops placing sandbags.,2,Noticeable impact but daily life continues with adjustments.,flood
sevlab-02558,Severe flooding in Dalsinghsarai; entire bus stand underwater; families on rooftops; power lines hanging low over the water.,5,Extreme danger to life; highest-priority rescue operation.,flood
sevlab-02559,Severe flooding in Laheriasarai; entire low-lying colony underwater; families on rooftops; submerged hand-pumps and shops.,5,Catastrophic conditions; large-scale emergency response needed.,flood
sevlab-02560,Light rainwater puddles on a low-lying colony in Belsand; people walking normally with umbrellas; no disruption visible.,1,Light impact visible; monitoring is sufficient for now.,flood
sevlab-02561,Damp low-lying colony in Rosera after a shower; normal traffic; shops open.,1,Light impact visible; monitoring is sufficient for now.,flood
sevlab-02562,Ankle-deep waterlogging on a residential lane in Chowk; two-wheelers moving slowly; a rescue boat visible in the distance.,2,Noticeable impact but daily life continues with adjustments.,flood
sevlab-02563,Overcast sky with strong winds in Tekari; trees swaying; fishermen securing boats.,1,"Mild conditions; situation under control, no urgent action needed.",cyclone
sevlab-02564,Severe winds in Chakratirtha; uprooted small trees; waterlogging beginning.,3,Water entering ground floors; relief assistance likely needed soon.,cyclone
sevlab-02565,Severe flooding in Adyar; entire riverside ghat underwater; families on rooftops; power lines hanging low over the water.,5,Life-threatening flooding with people stranded; immediate mass rescue required.,flood
sevlab-02566,Knee-deep floodwater covering a main road in Benipur; residents wading with belongings; an elderly couple watching from a balcony.,3,Water entering ground floors; relief assistance likely needed soon.,flood
sevlab-02567,Knee-deep floodwater covering a highway stretch in Ganeshguri; residents wading with belongings; submerged hand-pumps and shops.,3,Significant flooding; evacuation of low-lying homes advised.,flood
sevlab-02568,Scorching heat in Hajipur market; vendors covering stalls with wet cloth; people drinking water frequently.,2,Moderate disruption; vulnerable people should take care.,heatwave
sevlab-02569,Knee-deep floodwater covering a railway underpass in Chowkidingee; residents wading with belongings; children sitting on a raised platform.,3,Knee-deep water affecting homes and movement; vulnerable people at risk.,flood
sevlab-02570,Shin-deep rainwater on a railway underpass in Adyar; pedestrians wading carefully; shops placing sandbags.,2,Ankle-deep water slowing movement; manageable with precautions.,flood
sevlab-02571,Heavy rain and gusty winds in Bodh Gaya; tin roofs rattling; an elderly couple watching from a balcony.,2,Ankle-deep water slowing movement; manageable with precautions.,cyclone
sevlab-02572,Ankle-deep waterlogging on a main road in Danapur; two-wheelers moving slowly; submerged hand-pumps and shops.,2,Moderate disruption; vulnerable people should take care.,flood
sevlab-02573,Shin-deep rainwater on a low-lying colony in Sealdah; pedestrians wading carefully; shops placing sandbags.,2,Ankle-deep water slowing movement; manageable with precautions.,flood
sevlab-02574,Light rainwater puddles on a low-lying colony in Shibpur; people walking normally with umbrellas; no disruption visible.,1,Minor waterlogging with no disruption to people or property.,flood
sevlab-02575,Damp bus stand in Belsand after a shower; normal traffic; shops open.,1,Light impact visible; monitoring is sufficient for now.,flood
sevlab-02576,Light rainwater puddles on a low-lying colony in Danapur; people walking normally with umbrellas; no disruption visible.,1,Minor waterlogging with no disruption to people or property.,flood
sevlab-02577,Knee-to-thigh deep water in a railway underpass in Manpur; ground floors flooded; people moving to upper floors.,3,Knee-deep water affecting homes and movement; vulnerable people at risk.,flood
sevlab-02578,Intense heatwave in Raghopur; nearly empty streets at noon; a man resting in shade showing heat exhaustion; a rescue boat visible in the distance.,3,Knee-deep water affecting homes and movement; vulnerable people at risk.,heatwave
sevlab-02579,Catastrophic cyclone devastation in Patrakar Nagar; collapsed buildings; submerged streets; rescue teams evacuating residents; volunteers distributing water bottles.,5,Life-threatening flooding with people stranded; immediate mass rescue required.,cyclone
sevlab-02580,Knee-to-thigh deep water in a bus stand in Indira Nagar; ground floors flooded; people moving to upper floors.,3,Significant flooding; evacuation of low-lying homes advised.,flood
sevlab-02581,Knee-deep floodwater covering a bus stand in Pranpur; residents wading with belongings; children sitting on a raised platform.,3,Water entering ground floors; relief assistance likely needed soon.,flood
sevlab-02582,Strong winds bending trees on a residential lane in Gulabbagh; rain lashing sideways.,2,Ankle-deep water slowing movement; manageable with precautions.,cyclone
sevlab-02583,Bright harsh sunlight over a market road in Barsoi; normal crowd with sun protection.,1,Light impact visible; monitoring is sufficient for now.,heatwave
sevlab-02584,Knee-deep floodwater covering a railway underpass in Dharampeth; residents wading with belongings; an elderly couple watching from a balcony.,3,Significant flooding; evacuation of low-lying homes advised.,flood
sevlab-02585,Severe winds in Paltan Bazaar; uprooted small trees; waterlogging beginning.,3,Water entering ground floors; relief assistance likely needed soon.,cyclone
sevlab-02586,Shin-deep rainwater on a residential lane in Aminabad; pedestrians wading carefully; shops placing sandbags.,2,Noticeable impact but daily life continues with adjustments.,flood
sevlab-02587,Strong winds bending trees on a market road in Manpur; rain lashing sideways.,2,Noticeable impact but daily life continues with adjustments.,cyclone
sevlab-02588,Shin-deep rainwater on a school compound in Sealdah; pedestrians wading carefully; shops placing sandbags.,2,Moderate disruption; vulnerable people should take care.,flood
sevlab-02589,Light rainwater puddles on a residential lane in Gulabbagh; people walking normally with umbrellas; no disruption visible.,1,Light impact visible; monitoring is sufficient for now.,flood
sevlab-02590,Strong winds bending trees on a school compound in Raghopur; rain lashing sideways.,2,Noticeable impact but daily life continues with adjustments.,cyclone
sevlab-02591,Strong winds bending trees on a main road in Santragachi; rain lashing sideways.,2,Moderate disruption; vulnerable people should take care.,cyclone
sevlab-02592,Massive storm surge flooding Mushahari; boats washed onto roads; people carrying belongings on their heads.,5,Extreme danger to life; highest-priority rescue operation.,cyclone
sevlab-02593,Bright harsh sunlight over a market road in Pusa; normal crowd with sun protection.,1,Light impact visible; monitoring is sufficient for now.,heatwave
sevlab-02594,Knee-deep floodwater covering a residential lane in Sherghati; residents wading with belongings; children sitting on a raised platform.,3,Water entering ground floors; relief assistance likely needed soon.,flood
sevlab-02595,Light rainwater puddles on a riverside ghat in Tekari; people walking normally with umbrellas; no disruption visible.,1,Light impact visible; monitoring is sufficient for now.,flood
sevlab-02596,Knee-deep floodwater covering a highway stretch in Paltan Bazaar; residents wading with belongings; submerged hand-pumps and shops.,3,Knee-deep water affecting homes and movement; vulnerable people at risk.,flood
sevlab-02597,Knee-deep floodwater covering a railway underpass in Kankarbagh; residents wading with belongings; people carrying belongings on their heads.,3,Knee-deep water affecting homes and movement; vulnerable people at risk.,flood
sevlab-02598,Waist-deep brown floodwater submerging a bus stand in Naliapool; water entering ground-floor homes; people carrying belongings on their heads.,4,Severe flooding with people trapped; immediate evacuation required.,flood
sevlab-02599,Very hot midday on a low-lying colony in Hingna; shutters half-down; floating debris and household items.,2,Ankle-deep water slowing movement; manageable with precautions.,heatwave
sevlab-02600,Chest-deep fast-flowing floodwater across Laheriasarai; houses partially submerged with only roofs visible; people stranded on rooftops waving for help; submerged hand-pumps and shops.,5,Life-threatening flooding with people stranded; immediate mass rescue required.,flood
sevlab-02601,Light rainwater puddles on a railway underpass in Chowkidingee; people walking normally with umbrellas; no disruption visible.,1,Light impact visible; monitoring is sufficient for now.,flood
sevlab-02602,Light rainwater puddles on a school compound in Kursela; people walking normally with umbrellas; no disruption visible.,1,Light impact visible; monitoring is sufficient for now.,flood
sevlab-02603,Cyclonic storm hitting Dum Dum; fallen trees blocking the road; damaged shop signboards; a dog swimming across the lane.,3,Water entering ground floors; relief assistance likely needed soon.,cyclone
sevlab-02604,Destructive winds battering Mahnar; collapsed boundary walls; streets flooded.,4,Severe flooding with people trapped; immediate evacuation required.,cyclone
sevlab-02605,Hot sunny afternoon in Keoti; people using umbrellas; streets active.,1,"Mild conditions; situation under control, no urgent action needed.",heatwave
sevlab-02606,Ankle-deep waterlogging on a riverside ghat in Sigra; two-wheelers moving slowly; a rescue boat visible in the distance.,2,Moderate disruption; vulnerable people should take care.,flood
sevlab-02607,Dark clouds gathering over Bahadurpur; rough sea; people moving indoors.,1,"Mild conditions; situation under control, no urgent action needed.",cyclone
sevlab-02608,Catastrophic cyclone devastation in Sahjanwa; collapsed buildings; submerged streets; rescue teams evacuating residents; a dog swimming across the lane.,5,Life-threatening flooding with people stranded; immediate mass rescue required.,cyclone
sevlab-02609,Severe flooding in Gulabbagh; entire bus stand underwater; families on rooftops; floating debris and household items.,5,Catastrophic conditions; large-scale emergency response needed.,flood
sevlab-02610,Shin-deep rainwater on a main road in Banmankhi; pedestrians wading carefully; shops placing sandbags.,2,Noticeable impact but daily life continues with adjustments.,flood
sevlab-02611,Overcast sky with strong winds in Godowlia; trees swaying; fishermen securing boats.,1,"Mild conditions; situation under control, no urgent action needed.",cyclone
sevlab-02612,Shin-deep rainwater on a residential lane in Chakratirtha; pedestrians wading carefully; shops placing sandbags.,2,Moderate disruption; vulnerable people should take care.,flood
sevlab-02613,Ankle-deep waterlogging on a railway underpass in Dhamdaha; two-wheelers moving slowly; a rescue boat visible in the distance.,2,Moderate disruption; vulnerable people should take care.,flood
sevlab-02614,Shin-deep rainwater on a riverside ghat in Sitabuldi; pedestrians wading carefully; shops placing sandbags.,2,Ankle-deep water slowing movement; manageable with precautions.,flood
sevlab-02615,Knee-deep floodwater covering a residential lane in Rajendra Nagar; residents wading with belongings; a stranded auto-rickshaw half submerged.,3,Significant flooding; evacuation of low-lying homes advised.,flood
sevlab-02616,Damp highway stretch in Chakratirtha after a shower; normal traffic; shops open.,1,Minor waterlogging with no disruption to people or property.,flood
sevlab-02617,Chest-high water rising in a bus stand in Rosera; residents stranded on rooftops; submerged hand-pumps and shops.,4,Deep water across residential areas; critical rescue situation.,flood
sevlab-02618,Very hot midday on a school compound in Khanpur; shutters half-down; volunteers distributing water bottles.,2,Moderate disruption; vulnerable people should take care.,heatwave
sevlab-02619,Severe flooding in Lanka; entire school compound underwater; families on rooftops; power lines hanging low over the water.,5,Life-threatening flooding with people stranded; immediate mass rescue required.,flood
sevlab-02620,Cyclonic storm hitting Bally; fallen trees blocking the road; damaged shop signboards; volunteers distributing water bottles.,3,Significant flooding; evacuation of low-lying homes advised.,cyclone
sevlab-02621,Hot sunny afternoon in Gandhi Maidan; people using umbrellas; streets active.,1,Minor waterlogging with no disruption to people or property.,heatwave
sevlab-02622,Ankle-deep waterlogging on a main road in Anna Nagar; two-wheelers moving slowly; an elderly couple watching from a balcony.,2,Moderate disruption; vulnerable people should take care.,flood
sevlab-02623,Damp highway stretch in Ganeshguri after a shower; normal traffic; shops open.,1,Minor waterlogging with no disruption to people or property.,flood
sevlab-02624,Damp highway stretch in Mahnar after a shower; normal traffic; shops open.,1,"Mild conditions; situation under control, no urgent action needed.",flood
sevlab-02625,Waist-deep brown floodwater submerging a market road in Hajipur; water entering ground-floor homes; floating debris and household items.,4,Deep water across residential areas; critical rescue situation.,flood
sevlab-02626,Knee-deep floodwater covering a residential lane in Keoti; residents wading with belongings; a stranded auto-rickshaw half submerged.,3,Water entering ground floors; relief assistance likely needed soon.,flood
sevlab-02627,Chest-high water rising in a riverside ghat in Aminabad; residents stranded on rooftops; a stranded auto-rickshaw half submerged.,4,Severe flooding with people trapped; immediate evacuation required.,flood
sevlab-02628,Damp school compound in Keoti after a shower; normal traffic; shops open.,1,Minor waterlogging with no disruption to people or property.,flood
sevlab-02629,Light rainwater puddles on a market road in Kasba; people walking normally with umbrellas; no disruption visible.,1,"Mild conditions; situation under control, no urgent action needed.",flood
sevlab-02630,Knee-deep floodwater covering a market road in Golghar; residents wading with belongings; an elderly couple watching from a balcony.,3,Water entering ground floors; relief assistance likely needed soon.,flood
sevlab-02631,Chest-high water rising in a riverside ghat in Kanti; residents stranded on rooftops; people carrying belongings on their heads.,4,Deep water across residential areas; critical rescue situation.,flood
sevlab-02632,Extreme heat emergency in Motihari Road; multiple people fainted on the street; ambulance present; floating debris and household items.,5,Life-threatening flooding with people stranded; immediate mass rescue required.,heatwave
sevlab-02633,Light rainwater puddles on a school compound in Sea Beach Road; people walking normally with umbrellas; no disruption visible.,1,Light impact visible; monitoring is sufficient for now.,flood
sevlab-02634,Damp main road in Manpur after a shower; normal traffic; shops open.,1,Light impact visible; monitoring is sufficient for now.,flood
sevlab-02635,Chest-high water rising in a village street in Danapur; residents stranded on rooftops; submerged hand-pumps and shops.,4,Severe flooding with people trapped; immediate evacuation required.,flood
sevlab-02636,Severe heatwave in Boiragimoth; elderly person collapsed near a bus stop; bystanders giving water; power lines hanging low over the water.,4,Waist-deep water entering homes; residents stranded; urgent rescue needed.,heatwave
sevlab-02637,Light rainwater puddles on a riverside ghat in Mithapur; people walking normally with umbrellas; no disruption visible.,1,Minor waterlogging with no disruption to people or property.,flood
sevlab-02638,Shin-deep rainwater on a bus stand in Pusa; pedestrians wading carefully; shops placing sandbags.,2,Moderate disruption; vulnerable people should take care.,flood
sevlab-02639,Overcast sky with strong winds in Sigra; trees swaying; fishermen securing boats.,1,Light impact visible; monitoring is sufficient for now.,cyclone
sevlab-02640,Knee-deep floodwater covering a bus stand in Mushahari; residents wading with belongings; a dog swimming across the lane.,3,Knee-deep water affecting homes and movement; vulnerable people at risk.,flood
sevlab-02641,Damp village street in Mahnar after a shower; normal traffic; shops open.,1,Minor waterlogging with no disruption to people or property.,flood
sevlab-02642,Ankle-deep waterlogging on a railway underpass in Dalsinghsarai; two-wheelers moving slowly; a dog swimming across the lane.,2,Noticeable impact but daily life continues with adjustments.,flood
sevlab-02643,Catastrophic cyclone devastation in Kushmi; collapsed buildings; submerged streets; rescue teams evacuating residents; a stranded auto-rickshaw half submerged.,5,Extreme danger to life; highest-priority rescue operation.,cyclone
sevlab-02644,Light rainwater puddles on a residential lane in Behala; people walking normally with umbrellas; no disruption visible.,1,Minor waterlogging with no disruption to people or property.,flood
sevlab-02645,Bright harsh sunlight over a main road in Chandmari; normal crowd with sun protection.,1,Light impact visible; monitoring is sufficient for now.,heatwave
sevlab-02646,Knee-deep floodwater covering a low-lying colony in Dumra; residents wading with belongings; an elderly couple watching from a balcony.,3,Significant flooding; evacuation of low-lying homes advised.,flood
sevlab-02647,Severe heatwave in Patrakar Nagar; elderly person collapsed near a bus stop; bystanders giving water; submerged hand-pumps and shops.,4,Deep water across residential areas; critical rescue situation.,heatwave
sevlab-02648,Knee-deep floodwater covering a school compound in Sigra; residents wading with belongings; a stranded auto-rickshaw half submerged.,3,Knee-deep water affecting homes and movement; vulnerable people at risk.,flood
sevlab-02649,Knee-to-thigh deep water in a school compound in Keoti; ground floors flooded; people moving to upper floors.,3,Knee-deep water affecting homes and movement; vulnerable people at risk.,flood
sevlab-02650,Strong winds bending trees on a riverside ghat in Ramnagar; rain lashing sideways.,2,Moderate disruption; vulnerable people should take care.,cyclone
sevlab-02651,Light rainwater puddles on a railway underpass in Bodh Gaya; people walking normally with umbrellas; no disruption visible.,1,Minor waterlogging with no disruption to people or property.,flood
sevlab-02652,Bright harsh sunlight over a highway stretch in Delang; normal crowd with sun protection.,1,Light impact visible; monitoring is sufficient for now.,heatwave
sevlab-02653,Shin-deep rainwater on a market road in Shibpur; pedestrians wading carefully; shops placing sandbags.,2,Ankle-deep water slowing movement; manageable with precautions.,flood
sevlab-02654,Chest-high water rising in a low-lying colony in Sursand; residents stranded on rooftops; power lines hanging low over the water.,4,Waist-deep water entering homes; residents stranded; urgent rescue needed.,flood
sevlab-02655,Damp low-lying colony in Kankarbagh after a shower; normal traffic; shops open.,1,"Mild conditions; situation under control, no urgent action needed.",flood
sevlab-02656,Knee-deep floodwater covering a highway stretch in Kanti; residents wading with belongings; people carrying belongings on their heads.,3,Knee-deep water affecting homes and movement; vulnerable people at risk.,flood
sevlab-02657,Knee-deep floodwater covering a market road in Gulabbagh; residents wading with belongings; a rescue boat visible in the distance.,3,Water entering ground floors; relief assistance likely needed soon.,flood
sevlab-02658,Ankle-deep waterlogging on a school compound in Kursela; two-wheelers moving slowly; volunteers distributing water bottles.,2,Noticeable impact but daily life continues with adjustments.,flood
sevlab-02659,Knee-to-thigh deep water in a residential lane in Mancotta; ground floors flooded; people moving to upper floors.,3,Significant flooding; evacuation of low-lying homes advised.,flood
sevlab-02660,Shin-deep rainwater on a low-lying colony in Kahalgaon; pedestrians wading carefully; shops placing sandbags.,2,Noticeable impact but daily life continues with adjustments.,flood
sevlab-02661,Ankle-deep waterlogging on a low-lying colony in Manihari; two-wheelers moving slowly; an elderly couple watching from a balcony.,2,Moderate disruption; vulnerable people should take care.,flood
sevlab-02662,Damp village street in Hajipur after a shower; normal traffic; shops open.,1,Light impact visible; monitoring is sufficient for now.,flood
sevlab-02663,Chest-high water rising in a village street in Pranpur; residents stranded on rooftops; a rescue boat visible in the distance.,4,Severe flooding with people trapped; immediate evacuation required.,flood
sevlab-02664,Light rainwater puddles on a low-lying colony in Bally; people walking normally with umbrellas; no disruption visible.,1,Minor waterlogging with no disruption to people or property.,flood
sevlab-02665,Hot sunny afternoon in Tilkamanjhi; people using umbrellas; streets active.,1,Light impact visible; monitoring is sufficient for now.,heatwave
sevlab-02666,Chest-high water rising in a main road in Belsand; residents stranded on rooftops; a stranded auto-rickshaw half submerged.,4,Deep water across residential areas; critical rescue situation.,flood
sevlab-02667,Knee-deep floodwater covering a main road in Kasba; residents wading with belongings; a rescue boat visible in the distance.,3,Water entering ground floors; relief assistance likely needed soon.,flood
sevlab-02668,Severe cyclone landfall near Satyabadi; uprooted trees and electric poles; houses with roofs torn off; a rescue boat visible in the distance.,4,Deep water across residential areas; critical rescue situation.,cyclone
sevlab-02669,Intense heatwave in Pranpur; nearly empty streets at noon; a man resting in shade showing heat exhaustion; a dog swimming across the lane.,3,Knee-deep water affecting homes and movement; vulnerable people at risk.,heatwave
sevlab-02670,Severe cyclone landfall near Kursela; uprooted trees and electric poles; houses with roofs torn off; a stranded auto-rickshaw half submerged.,4,Deep water across residential areas; critical rescue situation.,cyclone
sevlab-02671,Strong winds bending trees on a riverside ghat in Dhamdaha; rain lashing sideways.,2,Noticeable impact but daily life continues with adjustments.,cyclone
sevlab-02672,Knee-deep floodwater covering a school compound in Delang; residents wading with belongings; power lines hanging low over the water.,3,Knee-deep water affecting homes and movement; vulnerable people at risk.,flood
sevlab-02673,Waist-deep brown floodwater submerging a school compound in Belsand; water entering ground-floor homes; a stranded auto-rickshaw half submerged.,4,Deep water across residential areas; critical rescue situation.,flood
sevlab-02674,Chest-high water rising in a railway underpass in Uluberia; residents stranded on rooftops; an elderly couple watching from a balcony.,4,Deep water across residential areas; critical rescue situation.,flood
sevlab-02675,Very hot midday on a market road in Motihari Road; shutters half-down; children sitting on a raised platform.,2,Noticeable impact but daily life continues with adjustments.,heatwave
sevlab-02676,Strong winds bending trees on a village street in Boiragimoth; rain lashing sideways.,2,Moderate disruption; vulnerable people should take care.,cyclone
sevlab-02677,Ankle-deep waterlogging on a low-lying colony in Sealdah; two-wheelers moving slowly; a stranded auto-rickshaw half submerged.,2,Moderate disruption; vulnerable people should take care.,flood
sevlab-02678,Ankle-deep waterlogging on a bus stand in Indira Nagar; two-wheelers moving slowly; people carrying belongings on their heads.,2,Noticeable impact but daily life continues with adjustments.,flood
sevlab-02679,Light rainwater puddles on a school compound in Gomti Nagar; people walking normally with umbrellas; no disruption visible.,1,"Mild conditions; situation under control, no urgent action needed.",flood
sevlab-02680,Shin-deep rainwater on a main road in Sigra; pedestrians wading carefully; shops placing sandbags.,2,Moderate disruption; vulnerable people should take care.,flood
sevlab-02681,Strong winds bending trees on a bus stand in Tajpur; rain lashing sideways.,2,Moderate disruption; vulnerable people should take care.,cyclone
sevlab-02682,Damp school compound in Khanpur after a shower; normal traffic; shops open.,1,Minor waterlogging with no disruption to people or property.,flood
sevlab-02683,Cyclonic storm hitting Dhamdaha; fallen trees blocking the road; damaged shop signboards; a dog swimming across the lane.,3,Water entering ground floors; relief assistance likely needed soon.,cyclone
sevlab-02684,Ankle-deep waterlogging on a school compound in Talabania; two-wheelers moving slowly; a rescue boat visible in the distance.,2,Ankle-deep water slowing movement; manageable with precautions.,flood
sevlab-02685,Heavy rain and gusty winds in Bally; tin roofs rattling; floating debris and household items.,2,Ankle-deep water slowing movement; manageable with precautions.,cyclone
sevlab-02686,Overcast sky with strong winds in Sitabuldi; trees swaying; fishermen securing boats.,1,Minor waterlogging with no disruption to people or property.,cyclone
sevlab-02687,Damp school compound in Barsoi after a shower; normal traffic; shops open.,1,"Mild conditions; situation under control, no urgent action needed.",flood
sevlab-02688,Light rainwater puddles on a village street in Barsoi; people walking normally with umbrellas; no disruption visible.,1,"Mild conditions; situation under control, no urgent action needed.",flood
sevlab-02689,Very hot midday on a railway underpass in Mohaddipur; shutters half-down; a dog swimming across the lane.,2,Ankle-deep water slowing movement; manageable with precautions.,heatwave
sevlab-02690,Bright harsh sunlight over a riverside ghat in Mohanbari; normal crowd with sun protection.,1,"Mild conditions; situation under control, no urgent action needed.",heatwave
sevlab-02691,Extreme heat emergency in Lanka; multiple people fainted on the street; ambulance present; submerged hand-pumps and shops.,5,Extreme danger to life; highest-priority rescue operation.,heatwave
sevlab-02692,Very hot midday on a low-lying colony in Pandeypur; shutters half-down; floating debris and household items.,2,Noticeable impact but daily life continues with adjustments.,heatwave
sevlab-02693,Destructive winds battering Belsand; collapsed boundary walls; streets flooded.,4,Waist-deep water entering homes; residents stranded; urgent rescue needed.,cyclone
sevlab-02694,Very hot midday on a railway underpass in Dhamdaha; shutters half-down; a rescue boat visible in the distance.,2,Moderate disruption; vulnerable people should take care.,heatwave
sevlab-02695,Damp village street in Chowk after a shower; normal traffic; shops open.,1,Light impact visible; monitoring is sufficient for now.,flood
sevlab-02696,Severe flooding in Tilkamanjhi; entire school compound underwater; families on rooftops; floating debris and household items.,5,Extreme danger to life; highest-priority rescue operation.,flood
sevlab-02697,Severe flooding in T Nagar; entire school compound underwater; families on rooftops; an elderly couple watching from a balcony.,5,Life-threatening flooding with people stranded; immediate mass rescue required.,flood
sevlab-02698,Light rainwater puddles on a main road in Patrakar Nagar; people walking normally with umbrellas; no disruption visible.,1,"Mild conditions; situation under control, no urgent action needed.",flood
sevlab-02699,Light rainwater puddles on a railway underpass in Rupauli; people walking normally with umbrellas; no disruption visible.,1,Light impact visible; monitoring is sufficient for now.,flood
sevlab-02700,Deadly heatwave in Sitabuldi; hospital entrance crowded; shops shuttered in peak afternoon.,5,Extreme danger to life; highest-priority rescue operation.,heatwave
sevlab-02701,Ankle-deep waterlogging on a highway stretch in Liluah; two-wheelers moving slowly; a dog swimming across the lane.,2,Moderate disruption; vulnerable people should take care.,flood
sevlab-02702,Severe winds in Chandmari; uprooted small trees; waterlogging beginning.,3,Knee-deep water affecting homes and movement; vulnerable people at risk.,cyclone
sevlab-02703,Cyclonic storm hitting Hingna; fallen trees blocking the road; damaged shop signboards; a stranded auto-rickshaw half submerged.,3,Knee-deep water affecting homes and movement; vulnerable people at risk.,cyclone
sevlab-02704,Damp highway stretch in Paltan Bazaar after a shower; normal traffic; shops open.,1,"Mild conditions; situation under control, no urgent action needed.",flood
sevlab-02705,Ankle-deep waterlogging on a market road in Banmankhi; two-wheelers moving slowly; a dog swimming across the lane.,2,Moderate disruption; vulnerable people should take care.,flood
sevlab-02706,Severe winds in Pusa; uprooted small trees; waterlogging beginning.,3,Water entering ground floors; relief assistance likely needed soon.,cyclone
sevlab-02707,Bright harsh sunlight over a railway underpass in Dumra; normal crowd with sun protection.,1,"Mild conditions; situation under control, no urgent action needed.",heatwave
sevlab-02708,Heavy rain and gusty winds in Mithapur; tin roofs rattling; volunteers distributing water bottles.,2,Ankle-deep water slowing movement; manageable with precautions.,cyclone
sevlab-02709,Waist-deep brown floodwater submerging a residential lane in Belaganj; water entering ground-floor homes; a rescue boat visible in the distance.,4,Severe flooding with people trapped; immediate evacuation required.,flood
sevlab-02710,Overcast sky with strong winds in Gulabbagh; trees swaying; fishermen securing boats.,1,Light impact visible; monitoring is sufficient for now.,cyclone
sevlab-02711,Chest-high water rising in a market road in Tilkamanjhi; residents stranded on rooftops; submerged hand-pumps and shops.,4,Severe flooding with people trapped; immediate evacuation required.,flood
sevlab-02712,Damp highway stretch in Rosera after a shower; normal traffic; shops open.,1,"Mild conditions; situation under control, no urgent action needed.",flood
sevlab-02713,Blazing heat over Phulwari Sharif; cracked dry ground; labourers resting under a tree.,3,Significant flooding; evacuation of low-lying homes advised.,heatwave
sevlab-02714,Damp market road in Sultanganj after a shower; normal traffic; shops open.,1,Light impact visible; monitoring is sufficient for now.,flood
sevlab-02715,Blazing heat over Sultanganj; cracked dry ground; labourers resting under a tree.,3,Water entering ground floors; relief assistance likely needed soon.,heatwave
sevlab-02716,Shin-deep rainwater on a riverside ghat in Rosera; pedestrians wading carefully; shops placing sandbags.,2,Noticeable impact but daily life continues with adjustments.,flood
sevlab-02717,Ankle-deep waterlogging on a railway underpass in Ganeshguri; two-wheelers moving slowly; a rescue boat visible in the distance.,2,Noticeable impact but daily life continues with adjustments.,flood
sevlab-02718,Waist-deep brown floodwater submerging a village street in Baruraj; water entering ground-floor homes; people carrying belongings on their heads.,4,Waist-deep water entering homes; residents stranded; urgent rescue needed.,flood
sevlab-02719,Damp main road in Baruraj after a shower; normal traffic; shops open.,1,"Mild conditions; situation under control, no urgent action needed.",flood
sevlab-02720,Shin-deep rainwater on a main road in Sitabuldi; pedestrians wading carefully; shops placing sandbags.,2,Noticeable impact but daily life continues with adjustments.,flood
sevlab-02721,Shin-deep rainwater on a main road in Golghar; pedestrians wading carefully; shops placing sandbags.,2,Moderate disruption; vulnerable people should take care.,flood
sevlab-02722,Shin-deep rainwater on a main road in Laheriasarai; pedestrians wading carefully; shops placing sandbags.,2,Ankle-deep water slowing movement; manageable with precautions.,flood
sevlab-02723,Ankle-deep waterlogging on a residential lane in Sahjanwa; two-wheelers moving slowly; a rescue boat visible in the distance.,2,Ankle-deep water slowing movement; manageable with precautions.,flood
sevlab-02724,Ankle-deep waterlogging on a riverside ghat in Naugachia; two-wheelers moving slowly; a stranded auto-rickshaw half submerged.,2,Noticeable impact but daily life continues with adjustments.,flood
sevlab-02725,Strong winds bending trees on a low-lying colony in Baruraj; rain lashing sideways.,2,Ankle-deep water slowing movement; manageable with precautions.,cyclone
sevlab-02726,Dark clouds gathering over Pandeypur; rough sea; people moving indoors.,1,Minor waterlogging with no disruption to people or property.,cyclone
sevlab-02727,Ankle-deep waterlogging on a market road in Lanka; two-wheelers moving slowly; a dog swimming across the lane.,2,Noticeable impact but daily life continues with adjustments.,flood
sevlab-02728,Ankle-deep waterlogging on a riverside ghat in Dhamdaha; two-wheelers moving slowly; children sitting on a raised platform.,2,Moderate disruption; vulnerable people should take care.,flood
sevlab-02729,Ankle-deep waterlogging on a railway underpass in Ganeshguri; two-wheelers moving slowly; people carrying belongings on their heads.,2,Moderate disruption; vulnerable people should take care.,flood
sevlab-02730,Ankle-deep waterlogging on a school compound in Benipur; two-wheelers moving slowly; a dog swimming across the lane.,2,Noticeable impact but daily life continues with adjustments.,flood
sevlab-02731,Massive storm surge flooding Uluberia; boats washed onto roads; a rescue boat visible in the distance.,5,Catastrophic conditions; large-scale emergency response needed.,cyclone
sevlab-02732,Damp highway stretch in Dalsinghsarai after a shower; normal traffic; shops open.,1,Light impact visible; monitoring is sufficient for now.,flood
sevlab-02733,Shin-deep rainwater on a school compound in Kursela; pedestrians wading carefully; shops placing sandbags.,2,Noticeable impact but daily life continues with adjustments.,flood
sevlab-02734,Severe cyclone landfall near Aliganj; uprooted trees and electric poles; houses with roofs torn off; power lines hanging low over the water.,4,Severe flooding with people trapped; immediate evacuation required.,cyclone
sevlab-02735,Severe flooding in Golghar; entire riverside ghat underwater; families on rooftops; floating debris and household items.,5,Life-threatening flooding with people stranded; immediate mass rescue required.,flood
sevlab-02736,Severe cyclone landfall near Rajendra Nagar; uprooted trees and electric poles; houses with roofs torn off; floating debris and household items.,4,Waist-deep water entering homes; residents stranded; urgent rescue needed.,cyclone
sevlab-02737,Knee-to-thigh deep water in a highway stretch in Bairgania; ground floors flooded; people moving to upper floors.,3,Significant flooding; evacuation of low-lying homes advised.,flood
sevlab-02738,Knee-to-thigh deep water in a riverside ghat in Boiragimoth; ground floors flooded; people moving to upper floors.,3,Water entering ground floors; relief assistance likely needed soon.,flood
sevlab-02739,Chest-high water rising in a riverside ghat in Sea Beach Road; residents stranded on rooftops; children sitting on a raised platform.,4,Severe flooding with people trapped; immediate evacuation required.,flood
sevlab-02740,Intense heatwave in Belaganj; nearly empty streets at noon; a man resting in shade showing heat exhaustion; a stranded auto-rickshaw half submerged.,3,Significant flooding; evacuation of low-lying homes advised.,heatwave
sevlab-02741,Shin-deep rainwater on a riverside ghat in Boring Road; pedestrians wading carefully; shops placing sandbags.,2,Noticeable impact but daily life continues with adjustments.,flood
sevlab-02742,Dark clouds gathering over Beltola; rough sea; people moving indoors.,1,Minor waterlogging with no disruption to people or property.,cyclone
sevlab-02743,Overcast sky with strong winds in Chandmari; trees swaying; fishermen securing boats.,1,"Mild conditions; situation under control, no urgent action needed.",cyclone
sevlab-02744,Light rainwater puddles on a highway stretch in Dhamdaha; people walking normally with umbrellas; no disruption visible.,1,"Mild conditions; situation under control, no urgent action needed.",flood
sevlab-02745,Knee-deep floodwater covering a school compound in Naugachia; residents wading with belongings; power lines hanging low over the water.,3,Knee-deep water affecting homes and movement; vulnerable people at risk.,flood
sevlab-02746,Heavy rain and gusty winds in Kamptee; tin roofs rattling; an elderly couple watching from a balcony.,2,Noticeable impact but daily life continues with adjustments.,cyclone
sevlab-02747,Very hot midday on a low-lying colony in Delang; shutters half-down; children sitting on a raised platform.,2,Noticeable impact but daily life continues with adjustments.,heatwave
sevlab-02748,Knee-to-thigh deep water in a residential lane in Indira Nagar; ground floors flooded; people moving to upper floors.,3,Knee-deep water affecting homes and movement; vulnerable people at risk.,flood
sevlab-02749,Extreme heat emergency in Indira Nagar; multiple people fainted on the street; ambulance present; power lines hanging low over the water.,5,Life-threatening flooding with people stranded; immediate mass rescue required.,heatwave
sevlab-02750,Very hot midday on a market road in Indira Nagar; shutters half-down; a dog swimming across the lane.,2,Ankle-deep water slowing movement; manageable with precautions.,heatwave
sevlab-02751,Knee-deep floodwater covering a main road in Tekari; residents wading with belongings; a dog swimming across the lane.,3,Water entering ground floors; relief assistance likely needed soon.,flood
sevlab-02752,Heavy rain and gusty winds in Tilkamanjhi; tin roofs rattling; floating debris and household items.,2,Ankle-deep water slowing movement; manageable with precautions.,cyclone
sevlab-02753,Overcast sky with strong winds in Gandhi Maidan; trees swaying; fishermen securing boats.,1,"Mild conditions; situation under control, no urgent action needed.",cyclone
sevlab-02754,Ankle-deep waterlogging on a market road in Dumra; two-wheelers moving slowly; submerged hand-pumps and shops.,2,Moderate disruption; vulnerable people should take care.,flood
sevlab-02755,Chest-high water rising in a highway stretch in Gomti Nagar; residents stranded on rooftops; a dog swimming across the lane.,4,Deep water across residential areas; critical rescue situation.,flood
sevlab-02756,Shin-deep rainwater on a market road in Manihari; pedestrians wading carefully; shops placing sandbags.,2,Ankle-deep water slowing movement; manageable with precautions.,flood
sevlab-02757,Ankle-deep waterlogging on a village street in Digha; two-wheelers moving slowly; floating debris and household items.,2,Noticeable impact but daily life continues with adjustments.,flood
sevlab-02758,Knee-to-thigh deep water in a bus stand in Boiragimoth; ground floors flooded; people moving to upper floors.,3,Water entering ground floors; relief assistance likely needed soon.,flood
sevlab-02759,Severe flooding in Patrakar Nagar; entire village street underwater; families on rooftops; a rescue boat visible in the distance.,5,Catastrophic conditions; large-scale emergency response needed.,flood
sevlab-02760,Knee-deep floodwater covering a railway underpass in Maligaon; residents wading with belongings; power lines hanging low over the water.,3,Water entering ground floors; relief assistance likely needed soon.,flood
sevlab-02761,Shin-deep rainwater on a railway underpass in Phulwari Sharif; pedestrians wading carefully; shops placing sandbags.,2,Ankle-deep water slowing movement; manageable with precautions.,flood
sevlab-02762,Intense heatwave in Salt Lake; nearly empty streets at noon; a man resting in shade showing heat exhaustion; a stranded auto-rickshaw half submerged.,3,Significant flooding; evacuation of low-lying homes advised.,heatwave
sevlab-02763,Knee-deep floodwater covering a market road in Mahnar; residents wading with belongings; power lines hanging low over the water.,3,Significant flooding; evacuation of low-lying homes advised.,flood
sevlab-02764,Intense heatwave in Sursand; nearly empty streets at noon; a man resting in shade showing heat exhaustion; children sitting on a raised platform.,3,Knee-deep water affecting homes and movement; vulnerable people at risk.,heatwave
sevlab-02765,Shin-deep rainwater on a bus stand in Manihari; pedestrians wading carefully; shops placing sandbags.,2,Noticeable impact but daily life continues with adjustments.,flood
sevlab-02766,Intense heatwave in Godowlia; nearly empty streets at noon; a man resting in shade showing heat exhaustion; an elderly couple watching from a balcony.,3,Significant flooding; evacuation of low-lying homes advised.,heatwave
sevlab-02767,Knee-deep floodwater covering a residential lane in Uluberia; residents wading with belongings; people carrying belongings on their heads.,3,Significant flooding; evacuation of low-lying homes advised.,flood
sevlab-02768,Heavy rain and gusty winds in Adyar; tin roofs rattling; volunteers distributing water bottles.,2,Noticeable impact but daily life continues with adjustments.,cyclone
sevlab-02769,Ankle-deep waterlogging on a bus stand in Sultanganj; two-wheelers moving slowly; people carrying belongings on their heads.,2,Moderate disruption; vulnerable people should take care.,flood
sevlab-02770,Light rainwater puddles on a main road in Pipraich; people walking normally with umbrellas; no disruption visible.,1,Minor waterlogging with no disruption to people or property.,flood
sevlab-02771,Ankle-deep waterlogging on a market road in Paltan Bazaar; two-wheelers moving slowly; a stranded auto-rickshaw half submerged.,2,Ankle-deep water slowing movement; manageable with precautions.,flood
sevlab-02772,Destructive winds battering Pipraich; collapsed boundary walls; streets flooded.,4,Waist-deep water entering homes; residents stranded; urgent rescue needed.,cyclone
sevlab-02773,Damp low-lying colony in Indira Nagar after a shower; normal traffic; shops open.,1,Light impact visible; monitoring is sufficient for now.,flood
sevlab-02774,Damp highway stretch in Dumra after a shower; normal traffic; shops open.,1,"Mild conditions; situation under control, no urgent action needed.",flood
sevlab-02775,Light rainwater puddles on a riverside ghat in Mushahari; people walking normally with umbrellas; no disruption visible.,1,Light impact visible; monitoring is sufficient for now.,flood
sevlab-02776,Chest-high water rising in a school compound in Dalsinghsarai; residents stranded on rooftops; an elderly couple watching from a balcony.,4,Severe flooding with people trapped; immediate evacuation required.,flood
sevlab-02777,Ankle-deep waterlogging on a main road in Salt Lake; two-wheelers moving slowly; a rescue boat visible in the distance.,2,Moderate disruption; vulnerable people should take care.,flood
sevlab-02778,Knee-deep floodwater covering a village street in Belsand; residents wading with belongings; an elderly couple watching from a balcony.,3,Knee-deep water affecting homes and movement; vulnerable people at risk.,flood
sevlab-02779,Shin-deep rainwater on a riverside ghat in Mithapur; pedestrians wading carefully; shops placing sandbags.,2,Ankle-deep water slowing movement; manageable with precautions.,flood
sevlab-02780,Very hot midday on a highway stretch in Delang; shutters half-down; people carrying belongings on their heads.,2,Moderate disruption; vulnerable people should take care.,heatwave
sevlab-02781,Cyclonic storm hitting Tekari; fallen trees blocking the road; damaged shop signboards; a dog swimming across the lane.,3,Knee-deep water affecting homes and movement; vulnerable people at risk.,cyclone
sevlab-02782,Strong winds bending trees on a residential lane in Mancotta; rain lashing sideways.,2,Ankle-deep water slowing movement; manageable with precautions.,cyclone
sevlab-02783,Ankle-deep waterlogging on a market road in Sursand; two-wheelers moving slowly; an elderly couple watching from a balcony.,2,Ankle-deep water slowing movement; manageable with precautions.,flood
sevlab-02784,Knee-to-thigh deep water in a residential lane in Sabour; ground floors flooded; people moving to upper floors.,3,Knee-deep water affecting homes and movement; vulnerable people at risk.,flood
sevlab-02785,Damp main road in Sursand after a shower; normal traffic; shops open.,1,Minor waterlogging with no disruption to people or property.,flood
sevlab-02786,Heavy rain and gusty winds in Kasba; tin roofs rattling; volunteers distributing water bottles.,2,Moderate disruption; vulnerable people should take care.,cyclone
sevlab-02787,Strong winds bending trees on a school compound in Hajipur; rain lashing sideways.,2,Noticeable impact but daily life continues with adjustments.,cyclone
sevlab-02788,Chest-high water rising in a main road in Aminabad; residents stranded on rooftops; children sitting on a raised platform.,4,Deep water across residential areas; critical rescue situation.,flood
sevlab-02789,Ankle-deep waterlogging on a highway stretch in Chowk; two-wheelers moving slowly; floating debris and household items.,2,Moderate disruption; vulnerable people should take care.,flood
sevlab-02790,Chest-deep fast-flowing floodwater across Sursand; houses partially submerged with only roofs visible; people stranded on rooftops waving for help; a dog swimming across the lane.,5,Extreme danger to life; highest-priority rescue operation.,flood
sevlab-02791,Scorching heat in Sigra market; vendors covering stalls with wet cloth; people drinking water frequently.,2,Noticeable impact but daily life continues with adjustments.,heatwave
sevlab-02792,Light rainwater puddles on a main road in Barsoi; people walking normally with umbrellas; no disruption visible.,1,Minor waterlogging with no disruption to people or property.,flood
sevlab-02793,Severe winds in Golghar; uprooted small trees; waterlogging beginning.,3,Knee-deep water affecting homes and movement; vulnerable people at risk.,cyclone
sevlab-02794,Severe heatwave in Laheriasarai; elderly person collapsed near a bus stop; bystanders giving water; children sitting on a raised platform.,4,Waist-deep water entering homes; residents stranded; urgent rescue needed.,heatwave
sevlab-02795,Shin-deep rainwater on a school compound in Rosera; pedestrians wading carefully; shops placing sandbags.,2,Ankle-deep water slowing movement; manageable with precautions.,flood
sevlab-02796,Very hot midday on a school compound in Sigra; shutters half-down; floating debris and household items.,2,Ankle-deep water slowing movement; manageable with precautions.,heatwave
sevlab-02797,Damp main road in Chakratirtha after a shower; normal traffic; shops open.,1,Minor waterlogging with no disruption to people or property.,flood
sevlab-02798,Knee-to-thigh deep water in a school compound in Kamptee; ground floors flooded; people moving to upper floors.,3,Water entering ground floors; relief assistance likely needed soon.,flood
sevlab-02799,Extreme heat in Liluah; thermometer reading dangerously high; streets deserted.,4,Waist-deep water entering homes; residents stranded; urgent rescue needed.,heatwave
sevlab-02800,Light rainwater puddles on a highway stretch in Liluah; people walking normally with umbrellas; no disruption visible.,1,"Mild conditions; situation under control, no urgent action needed.",flood
sevlab-02801,Massive storm surge flooding Mohanbari; boats washed onto roads; people carrying belongings on their heads.,5,Catastrophic conditions; large-scale emergency response needed.,cyclone
sevlab-02802,Scorching heat in Chowk market; vendors covering stalls with wet cloth; people drinking water frequently.,2,Ankle-deep water slowing movement; manageable with precautions.,heatwave
sevlab-02803,Chest-high water rising in a highway stretch in Maligaon; residents stranded on rooftops; a stranded auto-rickshaw half submerged.,4,Deep water across residential areas; critical rescue situation.,flood
sevlab-02804,Ankle-deep waterlogging on a railway underpass in Benipur; two-wheelers moving slowly; an elderly couple watching from a balcony.,2,Noticeable impact but daily life continues with adjustments.,flood
sevlab-02805,Shin-deep rainwater on a village street in Beltola; pedestrians wading carefully; shops placing sandbags.,2,Noticeable impact but daily life continues with adjustments.,flood
sevlab-02806,Ankle-deep waterlogging on a railway underpass in Beltola; two-wheelers moving slowly; floating debris and household items.,2,Noticeable impact but daily life continues with adjustments.,flood
sevlab-02807,Light rainwater puddles on a riverside ghat in Jale; people walking normally with umbrellas; no disruption visible.,1,Minor waterlogging with no disruption to people or property.,flood
sevlab-02808,Knee-to-thigh deep water in a main road in Howrah Bridge; ground floors flooded; people moving to upper floors.,3,Water entering ground floors; relief assistance likely needed soon.,flood
sevlab-02809,Damp low-lying colony in Kushmi after a shower; normal traffic; shops open.,1,"Mild conditions; situation under control, no urgent action needed.",flood
sevlab-02810,Chest-deep fast-flowing floodwater across Kadwa; houses partially submerged with only roofs visible; people stranded on rooftops waving for help; an elderly couple watching from a balcony.,5,Catastrophic conditions; large-scale emergency response needed.,flood
sevlab-02811,Light rainwater puddles on a highway stretch in Sahjanwa; people walking normally with umbrellas; no disruption visible.,1,Light impact visible; monitoring is sufficient for now.,flood
sevlab-02812,Ankle-deep waterlogging on a low-lying colony in Indira Nagar; two-wheelers moving slowly; submerged hand-pumps and shops.,2,Ankle-deep water slowing movement; manageable with precautions.,flood
sevlab-02813,Overcast sky with strong winds in Sherghati; trees swaying; fishermen securing boats.,1,Light impact visible; monitoring is sufficient for now.,cyclone
sevlab-02814,Ankle-deep waterlogging on a bus stand in Mushahari; two-wheelers moving slowly; floating debris and household items.,2,Moderate disruption; vulnerable people should take care.,flood
sevlab-02815,Damp riverside ghat in Mithapur after a shower; normal traffic; shops open.,1,Minor waterlogging with no disruption to people or property.,flood
sevlab-02816,Ankle-deep waterlogging on a village street in Adyar; two-wheelers moving slowly; children sitting on a raised platform.,2,Ankle-deep water slowing movement; manageable with precautions.,flood
sevlab-02817,Chest-high water rising in a school compound in Ramnagar; residents stranded on rooftops; volunteers distributing water bottles.,4,Severe flooding with people trapped; immediate evacuation required.,flood
sevlab-02818,Cyclonic storm hitting Raghopur; fallen trees blocking the road; damaged shop signboards; a stranded auto-rickshaw half submerged.,3,Water entering ground floors; relief assistance likely needed soon.,cyclone
sevlab-02819,Knee-deep floodwater covering a market road in Baruraj; residents wading with belongings; a stranded auto-rickshaw half submerged.,3,Knee-deep water affecting homes and movement; vulnerable people at risk.,flood
sevlab-02820,Damp riverside ghat in Bahadurpur after a shower; normal traffic; shops open.,1,Light impact visible; monitoring is sufficient for now.,flood
sevlab-02821,Light rainwater puddles on a bus stand in Aliganj; people walking normally with umbrellas; no disruption visible.,1,Minor waterlogging with no disruption to people or property.,flood
sevlab-02822,Heavy rain and gusty winds in Bidupur; tin roofs rattling; an elderly couple watching from a balcony.,2,Noticeable impact but daily life continues with adjustments.,cyclone
sevlab-02823,Knee-to-thigh deep water in a bus stand in Kamptee; ground floors flooded; people moving to upper floors.,3,Water entering ground floors; relief assistance likely needed soon.,flood
sevlab-02824,Dark clouds gathering over Mohaddipur; rough sea; people moving indoors.,1,"Mild conditions; situation under control, no urgent action needed.",cyclone
sevlab-02825,Light rainwater puddles on a main road in Santragachi; people walking normally with umbrellas; no disruption visible.,1,Minor waterlogging with no disruption to people or property.,flood
sevlab-02826,Dark clouds gathering over Shibpur; rough sea; people moving indoors.,1,"Mild conditions; situation under control, no urgent action needed.",cyclone
sevlab-02827,Knee-to-thigh deep water in a school compound in Sealdah; ground floors flooded; people moving to upper floors.,3,Significant flooding; evacuation of low-lying homes advised.,flood
sevlab-02828,Shin-deep rainwater on a village street in Aliganj; pedestrians wading carefully; shops placing sandbags.,2,Noticeable impact but daily life continues with adjustments.,flood
sevlab-02829,Heavy rain and gusty winds in Pranpur; tin roofs rattling; people carrying belongings on their heads.,2,Moderate disruption; vulnerable people should take care.,cyclone
sevlab-02830,Knee-deep floodwater covering a school compound in Gandhi Maidan; residents wading with belongings; a stranded auto-rickshaw half submerged.,3,Water entering ground floors; relief assistance likely needed soon.,flood
sevlab-02831,Catastrophic cyclone devastation in Chowk; collapsed buildings; submerged streets; rescue teams evacuating residents; a dog swimming across the lane.,5,Extreme danger to life; highest-priority rescue operation.,cyclone
sevlab-02832,Light rainwater puddles on a railway underpass in Naugachia; people walking normally with umbrellas; no disruption visible.,1,Light impact visible; monitoring is sufficient for now.,flood
sevlab-02833,Chest-high water rising in a riverside ghat in Bairgania; residents stranded on rooftops; volunteers distributing water bottles.,4,Waist-deep water entering homes; residents stranded; urgent rescue needed.,flood
sevlab-02834,Damp railway underpass in Sabour after a shower; normal traffic; shops open.,1,"Mild conditions; situation under control, no urgent action needed.",flood
sevlab-02835,Ankle-deep waterlogging on a market road in Jale; two-wheelers moving slowly; people carrying belongings on their heads.,2,Ankle-deep water slowing movement; manageable with precautions.,flood
sevlab-02836,Ankle-deep waterlogging on a highway stretch in Kadwa; two-wheelers moving slowly; floating debris and household items.,2,Moderate disruption; vulnerable people should take care.,flood
sevlab-02837,Knee-deep floodwater covering a bus stand in Dumra; residents wading with belongings; a dog swimming across the lane.,3,Water entering ground floors; relief assistance likely needed soon.,flood
sevlab-02838,Severe flooding in Keoti; entire railway underpass underwater; families on rooftops; power lines hanging low over the water.,5,Catastrophic conditions; large-scale emergency response needed.,flood
sevlab-02839,Waist-deep brown floodwater submerging a low-lying colony in Manihari; water entering ground-floor homes; a stranded auto-rickshaw half submerged.,4,Severe flooding with people trapped; immediate evacuation required.,flood
sevlab-02840,Intense heatwave in Bally; nearly empty streets at noon; a man resting in shade showing heat exhaustion; power lines hanging low over the water.,3,Water entering ground floors; relief assistance likely needed soon.,heatwave
sevlab-02841,Shin-deep rainwater on a school compound in Rajendra Nagar; pedestrians wading carefully; shops placing sandbags.,2,Noticeable impact but daily life continues with adjustments.,flood
sevlab-02842,Knee-deep floodwater covering a railway underpass in Dum Dum; residents wading with belongings; people carrying belongings on their heads.,3,Water entering ground floors; relief assistance likely needed soon.,flood
sevlab-02843,Waist-deep brown floodwater submerging a highway stretch in Phulwari Sharif; water entering ground-floor homes; floating debris and household items.,4,Severe flooding with people trapped; immediate evacuation required.,flood
sevlab-02844,Damp school compound in Dhamdaha after a shower; normal traffic; shops open.,1,Light impact visible; monitoring is sufficient for now.,flood
sevlab-02845,Very hot midday on a village street in Ashok Rajpath; shutters half-down; a stranded auto-rickshaw half submerged.,2,Noticeable impact but daily life continues with adjustments.,heatwave
sevlab-02846,Damp market road in Pranpur after a shower; normal traffic; shops open.,1,"Mild conditions; situation under control, no urgent action needed.",flood
sevlab-02847,Damp school compound in Ramnagar after a shower; normal traffic; shops open.,1,Minor waterlogging with no disruption to people or property.,flood
sevlab-02848,Cyclonic storm hitting Sursand; fallen trees blocking the road; damaged shop signboards; submerged hand-pumps and shops.,3,Significant flooding; evacuation of low-lying homes advised.,cyclone
sevlab-02849,Ankle-deep waterlogging on a village street in Bidupur; two-wheelers moving slowly; people carrying belongings on their heads.,2,Ankle-deep water slowing movement; manageable with precautions.,flood
sevlab-02850,Heavy rain and gusty winds in Satyabadi; tin roofs rattling; floating debris and household items.,2,Ankle-deep water slowing movement; manageable with precautions.,cyclone
sevlab-02851,Knee-deep floodwater covering a school compound in Mushahari; residents wading with belongings; volunteers distributing water bottles.,3,Significant flooding; evacuation of low-lying homes advised.,flood
sevlab-02852,Ankle-deep waterlogging on a bus stand in Uluberia; two-wheelers moving slowly; power lines hanging low over the water.,2,Ankle-deep water slowing movement; manageable with precautions.,flood
sevlab-02853,Severe cyclone landfall near Shibpur; uprooted trees and electric poles; houses with roofs torn off; volunteers distributing water bottles.,4,Waist-deep water entering homes; residents stranded; urgent rescue needed.,cyclone
sevlab-02854,Light rainwater puddles on a village street in Sahebganj; people walking normally with umbrellas; no disruption visible.,1,Light impact visible; monitoring is sufficient for now.,flood
sevlab-02855,Ankle-deep waterlogging on a school compound in Rosera; two-wheelers moving slowly; people carrying belongings on their heads.,2,Ankle-deep water slowing movement; manageable with precautions.,flood
sevlab-02856,Strong winds bending trees on a low-lying colony in Rupauli; rain lashing sideways.,2,Noticeable impact but daily life continues with adjustments.,cyclone
sevlab-02857,Knee-deep floodwater covering a market road in Hingna; residents wading with belongings; power lines hanging low over the water.,3,Significant flooding; evacuation of low-lying homes advised.,flood
sevlab-02858,Shin-deep rainwater on a highway stretch in Gomti Nagar; pedestrians wading carefully; shops placing sandbags.,2,Moderate disruption; vulnerable people should take care.,flood
sevlab-02859,Waist-deep brown floodwater submerging a low-lying colony in Belaganj; water entering ground-floor homes; children sitting on a raised platform.,4,Deep water across residential areas; critical rescue situation.,flood
sevlab-02860,Damp main road in Indira Nagar after a shower; normal traffic; shops open.,1,Minor waterlogging with no disruption to people or property.,flood
sevlab-02861,Damp main road in Porur after a shower; normal traffic; shops open.,1,Minor waterlogging with no disruption to people or property.,flood
sevlab-02862,Massive storm surge flooding Anna Nagar; boats washed onto roads; floating debris and household items.,5,Extreme danger to life; highest-priority rescue operation.,cyclone
sevlab-02863,Waist-deep brown floodwater submerging a riverside ghat in Beltola; water entering ground-floor homes; children sitting on a raised platform.,4,Severe flooding with people trapped; immediate evacuation required.,flood
sevlab-02864,Heavy rain and gusty winds in Tekari; tin roofs rattling; power lines hanging low over the water.,2,Noticeable impact but daily life continues with adjustments.,cyclone
sevlab-02865,Knee-to-thigh deep water in a main road in Baruraj; ground floors flooded; people moving to upper floors.,3,Water entering ground floors; relief assistance likely needed soon.,flood
sevlab-02866,Shin-deep rainwater on a bus stand in Ganeshguri; pedestrians wading carefully; shops placing sandbags.,2,Moderate disruption; vulnerable people should take care.,flood
sevlab-02867,Knee-deep floodwater covering a residential lane in Sahebganj; residents wading with belongings; a rescue boat visible in the distance.,3,Water entering ground floors; relief assistance likely needed soon.,flood
sevlab-02868,Ankle-deep waterlogging on a highway stretch in Kushmi; two-wheelers moving slowly; a dog swimming across the lane.,2,Moderate disruption; vulnerable people should take care.,flood
sevlab-02869,Chest-high water rising in a village street in Godowlia; residents stranded on rooftops; volunteers distributing water bottles.,4,Severe flooding with people trapped; immediate evacuation required.,flood
sevlab-02870,Blazing heat over Belaganj; cracked dry ground; labourers resting under a tree.,3,Knee-deep water affecting homes and movement; vulnerable people at risk.,heatwave
sevlab-02871,Heavy rain and gusty winds in Golghar; tin roofs rattling; volunteers distributing water bottles.,2,Moderate disruption; vulnerable people should take care.,cyclone
sevlab-02872,Severe flooding in Hajipur; entire residential lane underwater; families on rooftops; a dog swimming across the lane.,5,Catastrophic conditions; large-scale emergency response needed.,flood
sevlab-02873,Scorching heat in Laheriasarai market; vendors covering stalls with wet cloth; people drinking water frequently.,2,Ankle-deep water slowing movement; manageable with precautions.,heatwave
sevlab-02874,Shin-deep rainwater on a main road in Kushmi; pedestrians wading carefully; shops placing sandbags.,2,Noticeable impact but daily life continues with adjustments.,flood
sevlab-02875,Light rainwater puddles on a railway underpass in Uluberia; people walking normally with umbrellas; no disruption visible.,1,Minor waterlogging with no disruption to people or property.,flood
sevlab-02876,Ankle-deep waterlogging on a railway underpass in Ramnagar; two-wheelers moving slowly; a dog swimming across the lane.,2,Moderate disruption; vulnerable people should take care.,flood
sevlab-02877,Knee-deep floodwater covering a highway stretch in Bairgania; residents wading with belongings; a dog swimming across the lane.,3,Significant flooding; evacuation of low-lying homes advised.,flood
sevlab-02878,Bright harsh sunlight over a bus stand in T Nagar; normal crowd with sun protection.,1,Minor waterlogging with no disruption to people or property.,heatwave
sevlab-02879,Light rainwater puddles on a highway stretch in Rupauli; people walking normally with umbrellas; no disruption visible.,1,Light impact visible; monitoring is sufficient for now.,flood
sevlab-02880,Knee-to-thigh deep water in a village street in Motihari Road; ground floors flooded; people moving to upper floors.,3,Water entering ground floors; relief assistance likely needed soon.,flood
sevlab-02881,Shin-deep rainwater on a low-lying colony in Dum Dum; pedestrians wading carefully; shops placing sandbags.,2,Moderate disruption; vulnerable people should take care.,flood
sevlab-02882,Damp market road in Phulwari Sharif after a shower; normal traffic; shops open.,1,Light impact visible; monitoring is sufficient for now.,flood
sevlab-02883,Severe flooding in Mahnar; entire railway underpass underwater; families on rooftops; a stranded auto-rickshaw half submerged.,5,Life-threatening flooding with people stranded; immediate mass rescue required.,flood
sevlab-02884,Destructive winds battering Dharampeth; collapsed boundary walls; streets flooded.,4,Severe flooding with people trapped; immediate evacuation required.,cyclone
sevlab-02885,Damp low-lying colony in Tilkamanjhi after a shower; normal traffic; shops open.,1,"Mild conditions; situation under control, no urgent action needed.",flood
sevlab-02886,Ankle-deep waterlogging on a low-lying colony in Santragachi; two-wheelers moving slowly; power lines hanging low over the water.,2,Ankle-deep water slowing movement; manageable with precautions.,flood
sevlab-02887,Ankle-deep waterlogging on a highway stretch in Naliapool; two-wheelers moving slowly; a stranded auto-rickshaw half submerged.,2,Noticeable impact but daily life continues with adjustments.,flood
sevlab-02888,Shin-deep rainwater on a riverside ghat in Golghar; pedestrians wading carefully; shops placing sandbags.,2,Ankle-deep water slowing movement; manageable with precautions.,flood
sevlab-02889,Severe flooding in Gandhi Maidan; entire residential lane underwater; families on rooftops; floating debris and household items.,5,Extreme danger to life; highest-priority rescue operation.,flood
sevlab-02890,Light rainwater puddles on a riverside ghat in Kushmi; people walking normally with umbrellas; no disruption visible.,1,Minor waterlogging with no disruption to people or property.,flood
sevlab-02891,Ankle-deep waterlogging on a highway stretch in Anna Nagar; two-wheelers moving slowly; submerged hand-pumps and shops.,2,Noticeable impact but daily life continues with adjustments.,flood
sevlab-02892,Destructive winds battering Ramnagar; collapsed boundary walls; streets flooded.,4,Severe flooding with people trapped; immediate evacuation required.,cyclone
sevlab-02893,Ankle-deep waterlogging on a highway stretch in Ganeshguri; two-wheelers moving slowly; an elderly couple watching from a balcony.,2,Ankle-deep water slowing movement; manageable with precautions.,flood
sevlab-02894,Light rainwater puddles on a school compound in Delang; people walking normally with umbrellas; no disruption visible.,1,Minor waterlogging with no disruption to people or property.,flood
sevlab-02895,Overcast sky with strong winds in Patrakar Nagar; trees swaying; fishermen securing boats.,1,"Mild conditions; situation under control, no urgent action needed.",cyclone
sevlab-02896,Very hot midday on a village street in Kahalgaon; shutters half-down; an elderly couple watching from a balcony.,2,Noticeable impact but daily life continues with adjustments.,heatwave
sevlab-02897,Shin-deep rainwater on a school compound in Velachery; pedestrians wading carefully; shops placing sandbags.,2,Moderate disruption; vulnerable people should take care.,flood
sevlab-02898,Damp village street in Dum Dum after a shower; normal traffic; shops open.,1,Light impact visible; monitoring is sufficient for now.,flood
sevlab-02899,Severe cyclone landfall near Sahebganj; uprooted trees and electric poles; houses with roofs torn off; floating debris and household items.,4,Severe flooding with people trapped; immediate evacuation required.,cyclone
sevlab-02900,Bright harsh sunlight over a low-lying colony in Pusa; normal crowd with sun protection.,1,Light impact visible; monitoring is sufficient for now.,heatwave
sevlab-02901,Light rainwater puddles on a bus stand in Patrakar Nagar; people walking normally with umbrellas; no disruption visible.,1,Minor waterlogging with no disruption to people or property.,flood
sevlab-02902,Chest-high water rising in a highway stretch in Kamptee; residents stranded on rooftops; a rescue boat visible in the distance.,4,Waist-deep water entering homes; residents stranded; urgent rescue needed.,flood
sevlab-02903,Knee-to-thigh deep water in a low-lying colony in Behala; ground floors flooded; people moving to upper floors.,3,Significant flooding; evacuation of low-lying homes advised.,flood
sevlab-02904,Strong winds bending trees on a railway underpass in T Nagar; rain lashing sideways.,2,Moderate disruption; vulnerable people should take care.,cyclone
sevlab-02905,Waist-deep brown floodwater submerging a riverside ghat in Manihari; water entering ground-floor homes; an elderly couple watching from a balcony.,4,Deep water across residential areas; critical rescue situation.,flood
sevlab-02906,Waist-deep brown floodwater submerging a main road in Dalsinghsarai; water entering ground-floor homes; volunteers distributing water bottles.,4,Deep water across residential areas; critical rescue situation.,flood
sevlab-02907,Chest-high water rising in a low-lying colony in Satyabadi; residents stranded on rooftops; submerged hand-pumps and shops.,4,Waist-deep water entering homes; residents stranded; urgent rescue needed.,flood
sevlab-02908,Knee-to-thigh deep water in a riverside ghat in Talabania; ground floors flooded; people moving to upper floors.,3,Knee-deep water affecting homes and movement; vulnerable people at risk.,flood
sevlab-02909,Chest-high water rising in a residential lane in Dum Dum; residents stranded on rooftops; a dog swimming across the lane.,4,Deep water across residential areas; critical rescue situation.,flood
sevlab-02910,Hot sunny afternoon in Chandmari; people using umbrellas; streets active.,1,Light impact visible; monitoring is sufficient for now.,heatwave
sevlab-02911,Very hot midday on a school compound in Bodh Gaya; shutters half-down; a stranded auto-rickshaw half submerged.,2,Moderate disruption; vulnerable people should take care.,heatwave
sevlab-02912,Shin-deep rainwater on a riverside ghat in Paltan Bazaar; pedestrians wading carefully; shops placing sandbags.,2,Noticeable impact but daily life continues with adjustments.,flood
sevlab-02913,Waist-deep brown floodwater submerging a low-lying colony in Bodh Gaya; water entering ground-floor homes; people carrying belongings on their heads.,4,Severe flooding with people trapped; immediate evacuation required.,flood
sevlab-02914,Severe flooding in Godowlia; entire bus stand underwater; families on rooftops; a rescue boat visible in the distance.,5,Catastrophic conditions; large-scale emergency response needed.,flood
sevlab-02915,Light rainwater puddles on a low-lying colony in Satyabadi; people walking normally with umbrellas; no disruption visible.,1,Minor waterlogging with no disruption to people or property.,flood
sevlab-02916,Knee-deep floodwater covering a highway stretch in Adyar; residents wading with belongings; a dog swimming across the lane.,3,Significant flooding; evacuation of low-lying homes advised.,flood
sevlab-02917,Waist-deep brown floodwater submerging a low-lying colony in Shibpur; water entering ground-floor homes; a stranded auto-rickshaw half submerged.,4,Waist-deep water entering homes; residents stranded; urgent rescue needed.,flood
sevlab-02918,Ankle-deep waterlogging on a market road in Bodh Gaya; two-wheelers moving slowly; a dog swimming across the lane.,2,Moderate disruption; vulnerable people should take care.,flood
sevlab-02919,Bright harsh sunlight over a bus stand in Sabour; normal crowd with sun protection.,1,"Mild conditions; situation under control, no urgent action needed.",heatwave
sevlab-02920,Overcast sky with strong winds in Boiragimoth; trees swaying; fishermen securing boats.,1,Light impact visible; monitoring is sufficient for now.,cyclone
sevlab-02921,Light rainwater puddles on a low-lying colony in Porur; people walking normally with umbrellas; no disruption visible.,1,Light impact visible; monitoring is sufficient for now.,flood
sevlab-02922,Heavy rain and gusty winds in Pusa; tin roofs rattling; floating debris and household items.,2,Ankle-deep water slowing movement; manageable with precautions.,cyclone
sevlab-02923,Damp bus stand in Phulwari Sharif after a shower; normal traffic; shops open.,1,Minor waterlogging with no disruption to people or property.,flood
sevlab-02924,Shin-deep rainwater on a railway underpass in Belaganj; pedestrians wading carefully; shops placing sandbags.,2,Noticeable impact but daily life continues with adjustments.,flood
sevlab-02925,Ankle-deep waterlogging on a main road in Anna Nagar; two-wheelers moving slowly; a stranded auto-rickshaw half submerged.,2,Moderate disruption; vulnerable people should take care.,flood
sevlab-02926,Heavy rain and gusty winds in Beltola; tin roofs rattling; an elderly couple watching from a balcony.,2,Ankle-deep water slowing movement; manageable with precautions.,cyclone
sevlab-02927,Knee-deep floodwater covering a main road in Boiragimoth; residents wading with belongings; a rescue boat visible in the distance.,3,Significant flooding; evacuation of low-lying homes advised.,flood
sevlab-02928,Ankle-deep waterlogging on a village street in Delang; two-wheelers moving slowly; a stranded auto-rickshaw half submerged.,2,Ankle-deep water slowing movement; manageable with precautions.,flood
sevlab-02929,Heavy rain and gusty winds in Sealdah; tin roofs rattling; power lines hanging low over the water.,2,Ankle-deep water slowing movement; manageable with precautions.,cyclone
sevlab-02930,Hot sunny afternoon in Laheriasarai; people using umbrellas; streets active.,1,Light impact visible; monitoring is sufficient for now.,heatwave
sevlab-02931,Waist-deep brown floodwater submerging a school compound in Chakratirtha; water entering ground-floor homes; power lines hanging low over the water.,4,Deep water across residential areas; critical rescue situation.,flood
sevlab-02932,Ankle-deep waterlogging on a residential lane in Jale; two-wheelers moving slowly; floating debris and household items.,2,Ankle-deep water slowing movement; manageable with precautions.,flood
sevlab-02933,Deadly heatwave in Tilkamanjhi; hospital entrance crowded; shops shuttered in peak afternoon.,5,Extreme danger to life; highest-priority rescue operation.,heatwave
sevlab-02934,Hot sunny afternoon in Mahnar; people using umbrellas; streets active.,1,Minor waterlogging with no disruption to people or property.,heatwave
sevlab-02935,Shin-deep rainwater on a highway stretch in Tajpur; pedestrians wading carefully; shops placing sandbags.,2,Noticeable impact but daily life continues with adjustments.,flood
sevlab-02936,Knee-deep floodwater covering a residential lane in Sursand; residents wading with belongings; power lines hanging low over the water.,3,Knee-deep water affecting homes and movement; vulnerable people at risk.,flood
sevlab-02937,Scorching heat in Sabour market; vendors covering stalls with wet cloth; people drinking water frequently.,2,Noticeable impact but daily life continues with adjustments.,heatwave
sevlab-02938,Heavy rain and gusty winds in Bally; tin roofs rattling; power lines hanging low over the water.,2,Ankle-deep water slowing movement; manageable with precautions.,cyclone
sevlab-02939,Scorching heat in Phulwari Sharif market; vendors covering stalls with wet cloth; people drinking water frequently.,2,Moderate disruption; vulnerable people should take care.,heatwave
sevlab-02940,Waist-deep brown floodwater submerging a railway underpass in Laheriasarai; water entering ground-floor homes; a rescue boat visible in the distance.,4,Deep water across residential areas; critical rescue situation.,flood
sevlab-02941,Dark clouds gathering over Bodh Gaya; rough sea; people moving indoors.,1,Light impact visible; monitoring is sufficient for now.,cyclone
sevlab-02942,Light rainwater puddles on a village street in Pandeypur; people walking normally with umbrellas; no disruption visible.,1,"Mild conditions; situation under control, no urgent action needed.",flood
sevlab-02943,Ankle-deep waterlogging on a bus stand in Maligaon; two-wheelers moving slowly; floating debris and household items.,2,Ankle-deep water slowing movement; manageable with precautions.,flood
sevlab-02944,Knee-deep floodwater covering a main road in Chakratirtha; residents wading with belongings; volunteers distributing water bottles.,3,Water entering ground floors; relief assistance likely needed soon.,flood
sevlab-02945,Shin-deep rainwater on a bus stand in Rajendra Nagar; pedestrians wading carefully; shops placing sandbags.,2,Noticeable impact but daily life continues with adjustments.,flood
sevlab-02946,Cyclonic storm hitting Sigra; fallen trees blocking the road; damaged shop signboards; a dog swimming across the lane.,3,Water entering ground floors; relief assistance likely needed soon.,cyclone
sevlab-02947,Scorching heat in Lanka market; vendors covering stalls with wet cloth; people drinking water frequently.,2,Noticeable impact but daily life continues with adjustments.,heatwave
sevlab-02948,Ankle-deep waterlogging on a bus stand in Khanpur; two-wheelers moving slowly; volunteers distributing water bottles.,2,Noticeable impact but daily life continues with adjustments.,flood
sevlab-02949,Knee-deep floodwater covering a residential lane in Bodh Gaya; residents wading with belongings; a stranded auto-rickshaw half submerged.,3,Knee-deep water affecting homes and movement; vulnerable people at risk.,flood
sevlab-02950,Severe cyclone landfall near Mohanbari; uprooted trees and electric poles; houses with roofs torn off; people carrying belongings on their heads.,4,Waist-deep water entering homes; residents stranded; urgent rescue needed.,cyclone
sevlab-02951,Chest-high water rising in a market road in Uluberia; residents stranded on rooftops; a dog swimming across the lane.,4,Deep water across residential areas; critical rescue situation.,flood
sevlab-02952,Light rainwater puddles on a residential lane in Dumra; people walking normally with umbrellas; no disruption visible.,1,Light impact visible; monitoring is sufficient for now.,flood
sevlab-02953,Ankle-deep waterlogging on a bus stand in Naliapool; two-wheelers moving slowly; children sitting on a raised platform.,2,Noticeable impact but daily life continues with adjustments.,flood
sevlab-02954,Overcast sky with strong winds in Beltola; trees swaying; fishermen securing boats.,1,"Mild conditions; situation under control, no urgent action needed.",cyclone
sevlab-02955,Severe winds in Dum Dum; uprooted small trees; waterlogging beginning.,3,Knee-deep water affecting homes and movement; vulnerable people at risk.,cyclone
sevlab-02956,Strong winds bending trees on a riverside ghat in Banmankhi; rain lashing sideways.,2,Noticeable impact but daily life continues with adjustments.,cyclone
sevlab-02957,Ankle-deep waterlogging on a main road in Tekari; two-wheelers moving slowly; a rescue boat visible in the distance.,2,Ankle-deep water slowing movement; manageable with precautions.,flood
sevlab-02958,Bright harsh sunlight over a school compound in T Nagar; normal crowd with sun protection.,1,Light impact visible; monitoring is sufficient for now.,heatwave
sevlab-02959,Ankle-deep waterlogging on a residential lane in Indira Nagar; two-wheelers moving slowly; submerged hand-pumps and shops.,2,Ankle-deep water slowing movement; manageable with precautions.,flood
sevlab-02960,Knee-deep floodwater covering a railway underpass in Kankarbagh; residents wading with belongings; a dog swimming across the lane.,3,Water entering ground floors; relief assistance likely needed soon.,flood
sevlab-02961,Ankle-deep waterlogging on a school compound in Bidupur; two-wheelers moving slowly; power lines hanging low over the water.,2,Moderate disruption; vulnerable people should take care.,flood
sevlab-02962,Severe flooding in Bodh Gaya; entire low-lying colony underwater; families on rooftops; a stranded auto-rickshaw half submerged.,5,Life-threatening flooding with people stranded; immediate mass rescue required.,flood
sevlab-02963,Knee-deep floodwater covering a riverside ghat in Gomti Nagar; residents wading with belongings; people carrying belongings on their heads.,3,Significant flooding; evacuation of low-lying homes advised.,flood
sevlab-02964,Damp low-lying colony in Dumra after a shower; normal traffic; shops open.,1,"Mild conditions; situation under control, no urgent action needed.",flood
sevlab-02965,Light rainwater puddles on a low-lying colony in Sultanganj; people walking normally with umbrellas; no disruption visible.,1,"Mild conditions; situation under control, no urgent action needed.",flood
sevlab-02966,Overcast sky with strong winds in Santragachi; trees swaying; fishermen securing boats.,1,Light impact visible; monitoring is sufficient for now.,cyclone
sevlab-02967,Very hot midday on a riverside ghat in Behala; shutters half-down; a dog swimming across the lane.,2,Moderate disruption; vulnerable people should take care.,heatwave
sevlab-02968,Cyclonic storm hitting Kadwa; fallen trees blocking the road; damaged shop signboards; floating debris and household items.,3,Water entering ground floors; relief assistance likely needed soon.,cyclone
sevlab-02969,Scorching heat in Chowkidingee market; vendors covering stalls with wet cloth; people drinking water frequently.,2,Noticeable impact but daily life continues with adjustments.,heatwave
sevlab-02970,Blazing heat over Santragachi; cracked dry ground; labourers resting under a tree.,3,Knee-deep water affecting homes and movement; vulnerable people at risk.,heatwave
sevlab-02971,Strong winds bending trees on a riverside ghat in Motihari Road; rain lashing sideways.,2,Moderate disruption; vulnerable people should take care.,cyclone
sevlab-02972,Massive storm surge flooding Sea Beach Road; boats washed onto roads; a dog swimming across the lane.,5,Life-threatening flooding with people stranded; immediate mass rescue required.,cyclone
sevlab-02973,Bright harsh sunlight over a main road in Belaganj; normal crowd with sun protection.,1,Light impact visible; monitoring is sufficient for now.,heatwave
sevlab-02974,Intense heatwave in Beltola; nearly empty streets at noon; a man resting in shade showing heat exhaustion; a stranded auto-rickshaw half submerged.,3,Water entering ground floors; relief assistance likely needed soon.,heatwave
sevlab-02975,Blazing heat over Paltan Bazaar; cracked dry ground; labourers resting under a tree.,3,Knee-deep water affecting homes and movement; vulnerable people at risk.,heatwave
sevlab-02976,Bright harsh sunlight over a low-lying colony in Sahebganj; normal crowd with sun protection.,1,Minor waterlogging with no disruption to people or property.,heatwave
sevlab-02977,Scorching heat in Mohanbari market; vendors covering stalls with wet cloth; people drinking water frequently.,2,Moderate disruption; vulnerable people should take care.,heatwave
sevlab-02978,Chest-deep fast-flowing floodwater across Sabour; houses partially submerged with only roofs visible; people stranded on rooftops waving for help; people carrying belongings on their heads.,5,Catastrophic conditions; large-scale emergency response needed.,flood
sevlab-02979,Hot sunny afternoon in Kahalgaon; people using umbrellas; streets active.,1,Light impact visible; monitoring is sufficient for now.,heatwave
sevlab-02980,Waist-deep brown floodwater submerging a railway underpass in Mohanbari; water entering ground-floor homes; submerged hand-pumps and shops.,4,Deep water across residential areas; critical rescue situation.,flood
sevlab-02981,Chest-deep fast-flowing floodwater across Kasba; houses partially submerged with only roofs visible; people stranded on rooftops waving for help; a stranded auto-rickshaw half submerged.,5,Catastrophic conditions; large-scale emergency response needed.,flood
sevlab-02982,Scorching heat in Bairgania market; vendors covering stalls with wet cloth; people drinking water frequently.,2,Noticeable impact but daily life continues with adjustments.,heatwave
sevlab-02983,Dark clouds gathering over Santragachi; rough sea; people moving indoors.,1,"Mild conditions; situation under control, no urgent action needed.",cyclone
sevlab-02984,Light rainwater puddles on a riverside ghat in Maligaon; people walking normally with umbrellas; no disruption visible.,1,"Mild conditions; situation under control, no urgent action needed.",flood
sevlab-02985,Ankle-deep waterlogging on a residential lane in Howrah Bridge; two-wheelers moving slowly; floating debris and household items.,2,Moderate disruption; vulnerable people should take care.,flood
sevlab-02986,Ankle-deep waterlogging on a market road in Kanti; two-wheelers moving slowly; an elderly couple watching from a balcony.,2,Moderate disruption; vulnerable people should take care.,flood
sevlab-02987,Hot sunny afternoon in Boiragimoth; people using umbrellas; streets active.,1,Minor waterlogging with no disruption to people or property.,heatwave
sevlab-02988,Knee-deep floodwater covering a village street in Dum Dum; residents wading with belongings; power lines hanging low over the water.,3,Water entering ground floors; relief assistance likely needed soon.,flood
sevlab-02989,Severe heatwave in Dalsinghsarai; elderly person collapsed near a bus stop; bystanders giving water; a rescue boat visible in the distance.,4,Deep water across residential areas; critical rescue situation.,heatwave
sevlab-02990,Damp riverside ghat in Sahebganj after a shower; normal traffic; shops open.,1,Light impact visible; monitoring is sufficient for now.,flood
sevlab-02991,Damp main road in Chowk after a shower; normal traffic; shops open.,1,Light impact visible; monitoring is sufficient for now.,flood
sevlab-02992,Bright harsh sunlight over a railway underpass in Aliganj; normal crowd with sun protection.,1,Minor waterlogging with no disruption to people or property.,heatwave
sevlab-02993,Destructive winds battering Chandmari; collapsed boundary walls; streets flooded.,4,Severe flooding with people trapped; immediate evacuation required.,cyclone
sevlab-02994,Intense heatwave in Boiragimoth; nearly empty streets at noon; a man resting in shade showing heat exhaustion; submerged hand-pumps and shops.,3,Water entering ground floors; relief assistance likely needed soon.,heatwave
sevlab-02995,Shin-deep rainwater on a bus stand in Sabour; pedestrians wading carefully; shops placing sandbags.,2,Noticeable impact but daily life continues with adjustments.,flood
sevlab-02996,Intense heatwave in Manihari; nearly empty streets at noon; a man resting in shade showing heat exhaustion; power lines hanging low over the water.,3,Water entering ground floors; relief assistance likely needed soon.,heatwave
sevlab-02997,Intense heatwave in Patrakar Nagar; nearly empty streets at noon; a man resting in shade showing heat exhaustion; volunteers distributing water bottles.,3,Significant flooding; evacuation of low-lying homes advised.,heatwave
sevlab-02998,Chest-high water rising in a residential lane in Chowk; residents stranded on rooftops; volunteers distributing water bottles.,4,Deep water across residential areas; critical rescue situation.,flood
sevlab-02999,Ankle-deep waterlogging on a highway stretch in Chakratirtha; two-wheelers moving slowly; a stranded auto-rickshaw half submerged.,2,Moderate disruption; vulnerable people should take care.,flood
sevlab-03000,Knee-to-thigh deep water in a low-lying colony in Chakratirtha; ground floors flooded; people moving to upper floors.,3,Knee-deep water affecting homes and movement; vulnerable people at risk.,flood
sevlab-03001,Shin-deep rainwater on a highway stretch in Rupauli; pedestrians wading carefully; shops placing sandbags.,2,Ankle-deep water slowing movement; manageable with precautions.,flood
sevlab-03002,Knee-to-thigh deep water in a main road in Mushahari; ground floors flooded; people moving to upper floors.,3,Significant flooding; evacuation of low-lying homes advised.,flood
sevlab-03003,Damp main road in Kamptee after a shower; normal traffic; shops open.,1,Light impact visible; monitoring is sufficient for now.,flood
sevlab-03004,Heavy rain and gusty winds in Paltan Bazaar; tin roofs rattling; an elderly couple watching from a balcony.,2,Ankle-deep water slowing movement; manageable with precautions.,cyclone
sevlab-03005,Extreme heat in Mahnar; thermometer reading dangerously high; streets deserted.,4,Deep water across residential areas; critical rescue situation.,heatwave
sevlab-03006,Shin-deep rainwater on a village street in Khanpur; pedestrians wading carefully; shops placing sandbags.,2,Moderate disruption; vulnerable people should take care.,flood
sevlab-03007,Damp main road in Sahjanwa after a shower; normal traffic; shops open.,1,Light impact visible; monitoring is sufficient for now.,flood
sevlab-03008,Knee-to-thigh deep water in a residential lane in Kahalgaon; ground floors flooded; people moving to upper floors.,3,Water entering ground floors; relief assistance likely needed soon.,flood
sevlab-03009,Waist-deep brown floodwater submerging a village street in Benipur; water entering ground-floor homes; volunteers distributing water bottles.,4,Severe flooding with people trapped; immediate evacuation required.,flood
sevlab-03010,Damp railway underpass in Gomti Nagar after a shower; normal traffic; shops open.,1,"Mild conditions; situation under control, no urgent action needed.",flood
sevlab-03011,Ankle-deep waterlogging on a residential lane in Aliganj; two-wheelers moving slowly; an elderly couple watching from a balcony.,2,Noticeable impact but daily life continues with adjustments.,flood
sevlab-03012,Catastrophic cyclone devastation in Kadwa; collapsed buildings; submerged streets; rescue teams evacuating residents; children sitting on a raised platform.,5,Life-threatening flooding with people stranded; immediate mass rescue required.,cyclone
sevlab-03013,Ankle-deep waterlogging on a riverside ghat in Paltan Bazaar; two-wheelers moving slowly; a stranded auto-rickshaw half submerged.,2,Noticeable impact but daily life continues with adjustments.,flood
sevlab-03014,Chest-deep fast-flowing floodwater across Chakratirtha; houses partially submerged with only roofs visible; people stranded on rooftops waving for help; a dog swimming across the lane.,5,Extreme danger to life; highest-priority rescue operation.,flood
sevlab-03015,Damp main road in Digha after a shower; normal traffic; shops open.,1,Light impact visible; monitoring is sufficient for now.,flood
sevlab-03016,Ankle-deep waterlogging on a bus stand in Dhamdaha; two-wheelers moving slowly; people carrying belongings on their heads.,2,Ankle-deep water slowing movement; manageable with precautions.,flood
sevlab-03017,Shin-deep rainwater on a market road in Mohanbari; pedestrians wading carefully; shops placing sandbags.,2,Noticeable impact but daily life continues with adjustments.,flood
sevlab-03018,Chest-high water rising in a school compound in Rosera; residents stranded on rooftops; floating debris and household items.,4,Deep water across residential areas; critical rescue situation.,flood
sevlab-03019,Overcast sky with strong winds in Porur; trees swaying; fishermen securing boats.,1,"Mild conditions; situation under control, no urgent action needed.",cyclone
sevlab-03020,Scorching heat in Benipur market; vendors covering stalls with wet cloth; people drinking water frequently.,2,Ankle-deep water slowing movement; manageable with precautions.,heatwave
sevlab-03021,Severe heatwave in Tajpur; elderly person collapsed near a bus stop; bystanders giving water; volunteers distributing water bottles.,4,Severe flooding with people trapped; immediate evacuation required.,heatwave
sevlab-03022,Light rainwater puddles on a bus stand in Chowk; people walking normally with umbrellas; no disruption visible.,1,Minor waterlogging with no disruption to people or property.,flood
sevlab-03023,Damp village street in Godowlia after a shower; normal traffic; shops open.,1,Light impact visible; monitoring is sufficient for now.,flood
sevlab-03024,Massive storm surge flooding Lanka; boats washed onto roads; a rescue boat visible in the distance.,5,Extreme danger to life; highest-priority rescue operation.,cyclone
sevlab-03025,Cyclonic storm hitting Aliganj; fallen trees blocking the road; damaged shop signboards; children sitting on a raised platform.,3,Water entering ground floors; relief assistance likely needed soon.,cyclone
sevlab-03026,Overcast sky with strong winds in Pusa; trees swaying; fishermen securing boats.,1,Light impact visible; monitoring is sufficient for now.,cyclone
sevlab-03027,Damp village street in Baruraj after a shower; normal traffic; shops open.,1,Minor waterlogging with no disruption to people or property.,flood
sevlab-03028,Knee-to-thigh deep water in a riverside ghat in Mancotta; ground floors flooded; people moving to upper floors.,3,Knee-deep water affecting homes and movement; vulnerable people at risk.,flood
sevlab-03029,Damp highway stretch in Baruraj after a shower; normal traffic; shops open.,1,"Mild conditions; situation under control, no urgent action needed.",flood
sevlab-03030,Heavy rain and gusty winds in Sea Beach Road; tin roofs rattling; power lines hanging low over the water.,2,Moderate disruption; vulnerable people should take care.,cyclone
sevlab-03031,Catastrophic cyclone devastation in Kankarbagh; collapsed buildings; submerged streets; rescue teams evacuating residents; people carrying belongings on their heads.,5,Catastrophic conditions; large-scale emergency response needed.,cyclone
sevlab-03032,Shin-deep rainwater on a railway underpass in Hingna; pedestrians wading carefully; shops placing sandbags.,2,Noticeable impact but daily life continues with adjustments.,flood
sevlab-03033,Damp village street in Bahadurpur after a shower; normal traffic; shops open.,1,"Mild conditions; situation under control, no urgent action needed.",flood
sevlab-03034,Ankle-deep waterlogging on a village street in Gomti Nagar; two-wheelers moving slowly; an elderly couple watching from a balcony.,2,Moderate disruption; vulnerable people should take care.,flood
sevlab-03035,Light rainwater puddles on a school compound in Shibpur; people walking normally with umbrellas; no disruption visible.,1,Light impact visible; monitoring is sufficient for now.,flood
sevlab-03036,Knee-deep floodwater covering a highway stretch in Sitabuldi; residents wading with belongings; volunteers distributing water bottles.,3,Significant flooding; evacuation of low-lying homes advised.,flood
sevlab-03037,Cyclonic storm hitting Dum Dum; fallen trees blocking the road; damaged shop signboards; children sitting on a raised platform.,3,Water entering ground floors; relief assistance likely needed soon.,cyclone
sevlab-03038,Intense heatwave in Sherghati; nearly empty streets at noon; a man resting in shade showing heat exhaustion; a stranded auto-rickshaw half submerged.,3,Knee-deep water affecting homes and movement; vulnerable people at risk.,heatwave
sevlab-03039,Ankle-deep waterlogging on a low-lying colony in Tekari; two-wheelers moving slowly; a stranded auto-rickshaw half submerged.,2,Moderate disruption; vulnerable people should take care.,flood
sevlab-03040,Bright harsh sunlight over a village street in Golghar; normal crowd with sun protection.,1,Minor waterlogging with no disruption to people or property.,heatwave
sevlab-03041,Chest-deep fast-flowing floodwater across Bahadurpur; houses partially submerged with only roofs visible; people stranded on rooftops waving for help; a rescue boat visible in the distance.,5,Extreme danger to life; highest-priority rescue operation.,flood
sevlab-03042,Heavy rain and gusty winds in Dumra; tin roofs rattling; an elderly couple watching from a balcony.,2,Moderate disruption; vulnerable people should take care.,cyclone
sevlab-03043,Knee-to-thigh deep water in a village street in Khanpur; ground floors flooded; people moving to upper floors.,3,Significant flooding; evacuation of low-lying homes advised.,flood
sevlab-03044,Damp school compound in Bidupur after a shower; normal traffic; shops open.,1,Light impact visible; monitoring is sufficient for now.,flood
sevlab-03045,Knee-deep floodwater covering a railway underpass in Hingna; residents wading with belongings; an elderly couple watching from a balcony.,3,Water entering ground floors; relief assistance likely needed soon.,flood
sevlab-03046,Very hot midday on a low-lying colony in Pipraich; shutters half-down; floating debris and household items.,2,Noticeable impact but daily life continues with adjustments.,heatwave
sevlab-03047,Very hot midday on a riverside ghat in Dum Dum; shutters half-down; volunteers distributing water bottles.,2,Moderate disruption; vulnerable people should take care.,heatwave
sevlab-03048,Heavy rain and gusty winds in Sitabuldi; tin roofs rattling; a stranded auto-rickshaw half submerged.,2,Moderate disruption; vulnerable people should take care.,cyclone
sevlab-03049,Knee-to-thigh deep water in a riverside ghat in Kadwa; ground floors flooded; people moving to upper floors.,3,Knee-deep water affecting homes and movement; vulnerable people at risk.,flood
sevlab-03050,Knee-deep floodwater covering a market road in Bidupur; residents wading with belongings; an elderly couple watching from a balcony.,3,Water entering ground floors; relief assistance likely needed soon.,flood
sevlab-03051,Knee-deep floodwater covering a bus stand in Bahadurpur; residents wading with belongings; an elderly couple watching from a balcony.,3,Knee-deep water affecting homes and movement; vulnerable people at risk.,flood
sevlab-03052,Shin-deep rainwater on a village street in Delang; pedestrians wading carefully; shops placing sandbags.,2,Noticeable impact but daily life continues with adjustments.,flood
sevlab-03053,Light rainwater puddles on a bus stand in Pusa; people walking normally with umbrellas; no disruption visible.,1,"Mild conditions; situation under control, no urgent action needed.",flood
sevlab-03054,Overcast sky with strong winds in Ashok Rajpath; trees swaying; fishermen securing boats.,1,Light impact visible; monitoring is sufficient for now.,cyclone
sevlab-03055,Extreme heat in Laheriasarai; thermometer reading dangerously high; streets deserted.,4,Deep water across residential areas; critical rescue situation.,heatwave
sevlab-03056,Knee-to-thigh deep water in a riverside ghat in Rosera; ground floors flooded; people moving to upper floors.,3,Water entering ground floors; relief assistance likely needed soon.,flood
sevlab-03057,Severe flooding in Phulwari Sharif; entire low-lying colony underwater; families on rooftops; a stranded auto-rickshaw half submerged.,5,Life-threatening flooding with people stranded; immediate mass rescue required.,flood
sevlab-03058,Very hot midday on a bus stand in Kamptee; shutters half-down; volunteers distributing water bottles.,2,Moderate disruption; vulnerable people should take care.,heatwave
sevlab-03059,Light rainwater puddles on a railway underpass in Tilkamanjhi; people walking normally with umbrellas; no disruption visible.,1,Light impact visible; monitoring is sufficient for now.,flood
sevlab-03060,Light rainwater puddles on a riverside ghat in Aliganj; people walking normally with umbrellas; no disruption visible.,1,Light impact visible; monitoring is sufficient for now.,flood
sevlab-03061,Damp village street in Tilkamanjhi after a shower; normal traffic; shops open.,1,"Mild conditions; situation under control, no urgent action needed.",flood
sevlab-03062,Damp bus stand in Mancotta after a shower; normal traffic; shops open.,1,Minor waterlogging with no disruption to people or property.,flood
sevlab-03063,Light rainwater puddles on a school compound in Hajipur; people walking normally with umbrellas; no disruption visible.,1,"Mild conditions; situation under control, no urgent action needed.",flood
sevlab-03064,Blazing heat over Velachery; cracked dry ground; labourers resting under a tree.,3,Knee-deep water affecting homes and movement; vulnerable people at risk.,heatwave
sevlab-03065,Bright harsh sunlight over a village street in Kursela; normal crowd with sun protection.,1,"Mild conditions; situation under control, no urgent action needed.",heatwave
sevlab-03066,Bright harsh sunlight over a bus stand in Bally; normal crowd with sun protection.,1,Light impact visible; monitoring is sufficient for now.,heatwave
sevlab-03067,Severe cyclone landfall near Chandmari; uprooted trees and electric poles; houses with roofs torn off; a stranded auto-rickshaw half submerged.,4,Waist-deep water entering homes; residents stranded; urgent rescue needed.,cyclone
sevlab-03068,Ankle-deep waterlogging on a low-lying colony in Chowk; two-wheelers moving slowly; submerged hand-pumps and shops.,2,Ankle-deep water slowing movement; manageable with precautions.,flood
sevlab-03069,Overcast sky with strong winds in Satyabadi; trees swaying; fishermen securing boats.,1,Light impact visible; monitoring is sufficient for now.,cyclone
sevlab-03070,Catastrophic cyclone devastation in Dum Dum; collapsed buildings; submerged streets; rescue teams evacuating residents; volunteers distributing water bottles.,5,Catastrophic conditions; large-scale emergency response needed.,cyclone
sevlab-03071,Shin-deep rainwater on a railway underpass in Sahjanwa; pedestrians wading carefully; shops placing sandbags.,2,Noticeable impact but daily life continues with adjustments.,flood
sevlab-03072,Shin-deep rainwater on a residential lane in Kursela; pedestrians wading carefully; shops placing sandbags.,2,Moderate disruption; vulnerable people should take care.,flood
sevlab-03073,Ankle-deep waterlogging on a residential lane in Indira Nagar; two-wheelers moving slowly; people carrying belongings on their heads.,2,Noticeable impact but daily life continues with adjustments.,flood
sevlab-03074,Blazing heat over Mahnar; cracked dry ground; labourers resting under a tree.,3,Significant flooding; evacuation of low-lying homes advised.,heatwave
sevlab-03075,Severe cyclone landfall near Khanpur; uprooted trees and electric poles; houses with roofs torn off; a dog swimming across the lane.,4,Deep water across residential areas; critical rescue situation.,cyclone
sevlab-03076,Destructive winds battering Sitabuldi; collapsed boundary walls; streets flooded.,4,Waist-deep water entering homes; residents stranded; urgent rescue needed.,cyclone
sevlab-03077,Severe winds in Phulwari Sharif; uprooted small trees; waterlogging beginning.,3,Significant flooding; evacuation of low-lying homes advised.,cyclone
sevlab-03078,Extreme heat in Mushahari; thermometer reading dangerously high; streets deserted.,4,Severe flooding with people trapped; immediate evacuation required.,heatwave
sevlab-03079,Waist-deep brown floodwater submerging a school compound in Pusa; water entering ground-floor homes; submerged hand-pumps and shops.,4,Waist-deep water entering homes; residents stranded; urgent rescue needed.,flood
sevlab-03080,Strong winds bending trees on a village street in Chowkidingee; rain lashing sideways.,2,Moderate disruption; vulnerable people should take care.,cyclone
sevlab-03081,Light rainwater puddles on a main road in Gulabbagh; people walking normally with umbrellas; no disruption visible.,1,"Mild conditions; situation under control, no urgent action needed.",flood
sevlab-03082,Ankle-deep waterlogging on a highway stretch in Bodh Gaya; two-wheelers moving slowly; power lines hanging low over the water.,2,Noticeable impact but daily life continues with adjustments.,flood
sevlab-03083,Strong winds bending trees on a riverside ghat in Jale; rain lashing sideways.,2,Noticeable impact but daily life continues with adjustments.,cyclone
sevlab-03084,Catastrophic cyclone devastation in Manihari; collapsed buildings; submerged streets; rescue teams evacuating residents; volunteers distributing water bottles.,5,Life-threatening flooding with people stranded; immediate mass rescue required.,cyclone
sevlab-03085,Severe winds in Chowkidingee; uprooted small trees; waterlogging beginning.,3,Significant flooding; evacuation of low-lying homes advised.,cyclone
sevlab-03086,Catastrophic cyclone devastation in T Nagar; collapsed buildings; submerged streets; rescue teams evacuating residents; a dog swimming across the lane.,5,Catastrophic conditions; large-scale emergency response needed.,cyclone
sevlab-03087,Catastrophic cyclone devastation in Mohanbari; collapsed buildings; submerged streets; rescue teams evacuating residents; floating debris and household items.,5,Extreme danger to life; highest-priority rescue operation.,cyclone
sevlab-03088,Light rainwater puddles on a market road in Belsand; people walking normally with umbrellas; no disruption visible.,1,"Mild conditions; situation under control, no urgent action needed.",flood
sevlab-03089,Light rainwater puddles on a railway underpass in Howrah Bridge; people walking normally with umbrellas; no disruption visible.,1,"Mild conditions; situation under control, no urgent action needed.",flood
sevlab-03090,Severe cyclone landfall near Satyabadi; uprooted trees and electric poles; houses with roofs torn off; submerged hand-pumps and shops.,4,Waist-deep water entering homes; residents stranded; urgent rescue needed.,cyclone
sevlab-03091,Damp main road in Lalganj after a shower; normal traffic; shops open.,1,"Mild conditions; situation under control, no urgent action needed.",flood
sevlab-03092,Chest-deep fast-flowing floodwater across Bodh Gaya; houses partially submerged with only roofs visible; people stranded on rooftops waving for help; a dog swimming across the lane.,5,Life-threatening flooding with people stranded; immediate mass rescue required.,flood
sevlab-03093,Ankle-deep waterlogging on a school compound in Naliapool; two-wheelers moving slowly; a rescue boat visible in the distance.,2,Ankle-deep water slowing movement; manageable with precautions.,flood
sevlab-03094,Knee-deep floodwater covering a highway stretch in Ramnagar; residents wading with belongings; people carrying belongings on their heads.,3,Knee-deep water affecting homes and movement; vulnerable people at risk.,flood
sevlab-03095,Hot sunny afternoon in Kamptee; people using umbrellas; streets active.,1,Light impact visible; monitoring is sufficient for now.,heatwave
sevlab-03096,Waist-deep brown floodwater submerging a residential lane in Mushahari; water entering ground-floor homes; a dog swimming across the lane.,4,Waist-deep water entering homes; residents stranded; urgent rescue needed.,flood
sevlab-03097,Ankle-deep waterlogging on a residential lane in Sahjanwa; two-wheelers moving slowly; an elderly couple watching from a balcony.,2,Noticeable impact but daily life continues with adjustments.,flood
sevlab-03098,Destructive winds battering Keoti; collapsed boundary walls; streets flooded.,4,Severe flooding with people trapped; immediate evacuation required.,cyclone
sevlab-03099,Knee-deep floodwater covering a residential lane in Mithapur; residents wading with belongings; children sitting on a raised platform.,3,Significant flooding; evacuation of low-lying homes advised.,flood
sevlab-03100,Damp school compound in Baruraj after a shower; normal traffic; shops open.,1,Minor waterlogging with no disruption to people or property.,flood
sevlab-03101,Knee-to-thigh deep water in a village street in Sabour; ground floors flooded; people moving to upper floors.,3,Knee-deep water affecting homes and movement; vulnerable people at risk.,flood
sevlab-03102,Bright harsh sunlight over a village street in Kamptee; normal crowd with sun protection.,1,"Mild conditions; situation under control, no urgent action needed.",heatwave
sevlab-03103,Knee-deep floodwater covering a residential lane in Kadwa; residents wading with belongings; submerged hand-pumps and shops.,3,Water entering ground floors; relief assistance likely needed soon.,flood
sevlab-03104,Bright harsh sunlight over a railway underpass in Kankarbagh; normal crowd with sun protection.,1,Light impact visible; monitoring is sufficient for now.,heatwave
sevlab-03105,Knee-to-thigh deep water in a residential lane in Pranpur; ground floors flooded; people moving to upper floors.,3,Significant flooding; evacuation of low-lying homes advised.,flood
sevlab-03106,Knee-deep floodwater covering a railway underpass in Rajendra Nagar; residents wading with belongings; volunteers distributing water bottles.,3,Significant flooding; evacuation of low-lying homes advised.,flood
sevlab-03107,Shin-deep rainwater on a bus stand in Barsoi; pedestrians wading carefully; shops placing sandbags.,2,Ankle-deep water slowing movement; manageable with precautions.,flood
sevlab-03108,Damp residential lane in Motihari Road after a shower; normal traffic; shops open.,1,"Mild conditions; situation under control, no urgent action needed.",flood
sevlab-03109,Waist-deep brown floodwater submerging a residential lane in Dharampeth; water entering ground-floor homes; power lines hanging low over the water.,4,Deep water across residential areas; critical rescue situation.,flood
sevlab-03110,Waist-deep brown floodwater submerging a village street in Mancotta; water entering ground-floor homes; submerged hand-pumps and shops.,4,Waist-deep water entering homes; residents stranded; urgent rescue needed.,flood
sevlab-03111,Ankle-deep waterlogging on a market road in Kanti; two-wheelers moving slowly; a rescue boat visible in the distance.,2,Ankle-deep water slowing movement; manageable with precautions.,flood
sevlab-03112,Very hot midday on a residential lane in T Nagar; shutters half-down; children sitting on a raised platform.,2,Ankle-deep water slowing movement; manageable with precautions.,heatwave
sevlab-03113,Chest-deep fast-flowing floodwater across Keoti; houses partially submerged with only roofs visible; people stranded on rooftops waving for help; people carrying belongings on their heads.,5,Life-threatening flooding with people stranded; immediate mass rescue required.,flood
sevlab-03114,Severe winds in Kahalgaon; uprooted small trees; waterlogging beginning.,3,Knee-deep water affecting homes and movement; vulnerable people at risk.,cyclone
sevlab-03115,Scorching heat in Pusa market; vendors covering stalls with wet cloth; people drinking water frequently.,2,Moderate disruption; vulnerable people should take care.,heatwave
sevlab-03116,Severe flooding in Kahalgaon; entire school compound underwater; families on rooftops; floating debris and household items.,5,Catastrophic conditions; large-scale emergency response needed.,flood
sevlab-03117,Chest-high water rising in a market road in Talabania; residents stranded on rooftops; floating debris and household items.,4,Deep water across residential areas; critical rescue situation.,flood
sevlab-03118,Heavy rain and gusty winds in Raghopur; tin roofs rattling; an elderly couple watching from a balcony.,2,Noticeable impact but daily life continues with adjustments.,cyclone
sevlab-03119,Light rainwater puddles on a main road in Laheriasarai; people walking normally with umbrellas; no disruption visible.,1,Light impact visible; monitoring is sufficient for now.,flood
sevlab-03120,Severe flooding in Uluberia; entire low-lying colony underwater; families on rooftops; a rescue boat visible in the distance.,5,Life-threatening flooding with people stranded; immediate mass rescue required.,flood
sevlab-03121,Shin-deep rainwater on a highway stretch in Keoti; pedestrians wading carefully; shops placing sandbags.,2,Ankle-deep water slowing movement; manageable with precautions.,flood
sevlab-03122,Shin-deep rainwater on a market road in Gomti Nagar; pedestrians wading carefully; shops placing sandbags.,2,Ankle-deep water slowing movement; manageable with precautions.,flood
sevlab-03123,Shin-deep rainwater on a low-lying colony in Kursela; pedestrians wading carefully; shops placing sandbags.,2,Ankle-deep water slowing movement; manageable with precautions.,flood
sevlab-03124,Knee-deep floodwater covering a market road in Khanpur; residents wading with belongings; a dog swimming across the lane.,3,Significant flooding; evacuation of low-lying homes advised.,flood
sevlab-03125,Ankle-deep waterlogging on a market road in Kasba; two-wheelers moving slowly; a rescue boat visible in the distance.,2,Ankle-deep water slowing movement; manageable with precautions.,flood
sevlab-03126,Bright harsh sunlight over a market road in Adyar; normal crowd with sun protection.,1,"Mild conditions; situation under control, no urgent action needed.",heatwave
sevlab-03127,Ankle-deep waterlogging on a main road in Velachery; two-wheelers moving slowly; a rescue boat visible in the distance.,2,Ankle-deep water slowing movement; manageable with precautions.,flood
sevlab-03128,Knee-to-thigh deep water in a low-lying colony in Shibpur; ground floors flooded; people moving to upper floors.,3,Knee-deep water affecting homes and movement; vulnerable people at risk.,flood
sevlab-03129,Light rainwater puddles on a market road in Boiragimoth; people walking normally with umbrellas; no disruption visible.,1,Light impact visible; monitoring is sufficient for now.,flood
sevlab-03130,Overcast sky with strong winds in Gomti Nagar; trees swaying; fishermen securing boats.,1,"Mild conditions; situation under control, no urgent action needed.",cyclone
sevlab-03131,Knee-to-thigh deep water in a riverside ghat in Chowkidingee; ground floors flooded; people moving to upper floors.,3,Significant flooding; evacuation of low-lying homes advised.,flood
sevlab-03132,Ankle-deep waterlogging on a main road in Ganeshguri; two-wheelers moving slowly; an elderly couple watching from a balcony.,2,Ankle-deep water slowing movement; manageable with precautions.,flood
sevlab-03133,Shin-deep rainwater on a market road in Indira Nagar; pedestrians wading carefully; shops placing sandbags.,2,Noticeable impact but daily life continues with adjustments.,flood
sevlab-03134,Cyclonic storm hitting Pusa; fallen trees blocking the road; damaged shop signboards; floating debris and household items.,3,Water entering ground floors; relief assistance likely needed soon.,cyclone
sevlab-03135,Very hot midday on a low-lying colony in Sherghati; shutters half-down; children sitting on a raised platform.,2,Moderate disruption; vulnerable people should take care.,heatwave
sevlab-03136,Chest-high water rising in a low-lying colony in Behala; residents stranded on rooftops; children sitting on a raised platform.,4,Deep water across residential areas; critical rescue situation.,flood
sevlab-03137,Ankle-deep waterlogging on a highway stretch in Sursand; two-wheelers moving slowly; an elderly couple watching from a balcony.,2,Moderate disruption; vulnerable people should take care.,flood
sevlab-03138,Damp bus stand in Motihari Road after a shower; normal traffic; shops open.,1,Minor waterlogging with no disruption to people or property.,flood
sevlab-03139,Extreme heat in Benipur; thermometer reading dangerously high; streets deserted.,4,Waist-deep water entering homes; residents stranded; urgent rescue needed.,heatwave
sevlab-03140,Damp low-lying colony in Maligaon after a shower; normal traffic; shops open.,1,"Mild conditions; situation under control, no urgent action needed.",flood
sevlab-03141,Destructive winds battering Talabania; collapsed boundary walls; streets flooded.,4,Severe flooding with people trapped; immediate evacuation required.,cyclone
sevlab-03142,Blazing heat over Kamptee; cracked dry ground; labourers resting under a tree.,3,Water entering ground floors; relief assistance likely needed soon.,heatwave
sevlab-03143,Very hot midday on a bus stand in Paltan Bazaar; shutters half-down; floating debris and household items.,2,Moderate disruption; vulnerable people should take care.,heatwave
sevlab-03144,Knee-to-thigh deep water in a village street in Godowlia; ground floors flooded; people moving to upper floors.,3,Knee-deep water affecting homes and movement; vulnerable people at risk.,flood
sevlab-03145,Chest-deep fast-flowing floodwater across Velachery; houses partially submerged with only roofs visible; people stranded on rooftops waving for help; children sitting on a raised platform.,5,Catastrophic conditions; large-scale emergency response needed.,flood
sevlab-03146,Knee-to-thigh deep water in a railway underpass in Gomti Nagar; ground floors flooded; people moving to upper floors.,3,Significant flooding; evacuation of low-lying homes advised.,flood
sevlab-03147,Light rainwater puddles on a railway underpass in Jale; people walking normally with umbrellas; no disruption visible.,1,Minor waterlogging with no disruption to people or property.,flood
sevlab-03148,Very hot midday on a residential lane in Delang; shutters half-down; children sitting on a raised platform.,2,Noticeable impact but daily life continues with adjustments.,heatwave
sevlab-03149,Chest-high water rising in a highway stretch in Talabania; residents stranded on rooftops; volunteers distributing water bottles.,4,Deep water across residential areas; critical rescue situation.,flood
sevlab-03150,Light rainwater puddles on a market road in Beltola; people walking normally with umbrellas; no disruption visible.,1,"Mild conditions; situation under control, no urgent action needed.",flood
sevlab-03151,Intense heatwave in Godowlia; nearly empty streets at noon; a man resting in shade showing heat exhaustion; a rescue boat visible in the distance.,3,Knee-deep water affecting homes and movement; vulnerable people at risk.,heatwave
sevlab-03152,Intense heatwave in Shibpur; nearly empty streets at noon; a man resting in shade showing heat exhaustion; floating debris and household items.,3,Water entering ground floors; relief assistance likely needed soon.,heatwave
sevlab-03153,Hot sunny afternoon in Dhamdaha; people using umbrellas; streets active.,1,Light impact visible; monitoring is sufficient for now.,heatwave
sevlab-03154,Cyclonic storm hitting Howrah Bridge; fallen trees blocking the road; damaged shop signboards; power lines hanging low over the water.,3,Knee-deep water affecting homes and movement; vulnerable people at risk.,cyclone
sevlab-03155,Cyclonic storm hitting Kahalgaon; fallen trees blocking the road; damaged shop signboards; volunteers distributing water bottles.,3,Knee-deep water affecting homes and movement; vulnerable people at risk.,cyclone
sevlab-03156,Blazing heat over Delang; cracked dry ground; labourers resting under a tree.,3,Knee-deep water affecting homes and movement; vulnerable people at risk.,heatwave
sevlab-03157,Very hot midday on a riverside ghat in Bodh Gaya; shutters half-down; a dog swimming across the lane.,2,Moderate disruption; vulnerable people should take care.,heatwave
sevlab-03158,Shin-deep rainwater on a village street in Anna Nagar; pedestrians wading carefully; shops placing sandbags.,2,Noticeable impact but daily life continues with adjustments.,flood
sevlab-03159,Knee-to-thigh deep water in a main road in Rajendra Nagar; ground floors flooded; people moving to upper floors.,3,Significant flooding; evacuation of low-lying homes advised.,flood
sevlab-03160,Overcast sky with strong winds in Kasba; trees swaying; fishermen securing boats.,1,Minor waterlogging with no disruption to people or property.,cyclone
sevlab-03161,Ankle-deep waterlogging on a highway stretch in Jale; two-wheelers moving slowly; a dog swimming across the lane.,2,Moderate disruption; vulnerable people should take care.,flood
sevlab-03162,Waist-deep brown floodwater submerging a market road in Paltan Bazaar; water entering ground-floor homes; power lines hanging low over the water.,4,Severe flooding with people trapped; immediate evacuation required.,flood
sevlab-03163,Shin-deep rainwater on a main road in Mohanbari; pedestrians wading carefully; shops placing sandbags.,2,Ankle-deep water slowing movement; manageable with precautions.,flood
sevlab-03164,Shin-deep rainwater on a residential lane in Laheriasarai; pedestrians wading carefully; shops placing sandbags.,2,Noticeable impact but daily life continues with adjustments.,flood
sevlab-03165,Light rainwater puddles on a bus stand in Manpur; people walking normally with umbrellas; no disruption visible.,1,Minor waterlogging with no disruption to people or property.,flood
sevlab-03166,Heavy rain and gusty winds in Hajipur; tin roofs rattling; volunteers distributing water bottles.,2,Moderate disruption; vulnerable people should take care.,cyclone
sevlab-03167,Damp highway stretch in Manpur after a shower; normal traffic; shops open.,1,Light impact visible; monitoring is sufficient for now.,flood
sevlab-03168,Dark clouds gathering over Velachery; rough sea; people moving indoors.,1,Light impact visible; monitoring is sufficient for now.,cyclone
sevlab-03169,Chest-deep fast-flowing floodwater across Rosera; houses partially submerged with only roofs visible; people stranded on rooftops waving for help; a dog swimming across the lane.,5,Catastrophic conditions; large-scale emergency response needed.,flood
sevlab-03170,Chest-high water rising in a residential lane in Sitabuldi; residents stranded on rooftops; people carrying belongings on their heads.,4,Deep water across residential areas; critical rescue situation.,flood
sevlab-03171,Knee-to-thigh deep water in a railway underpass in Bahadurpur; ground floors flooded; people moving to upper floors.,3,Water entering ground floors; relief assistance likely needed soon.,flood
sevlab-03172,Intense heatwave in Aminabad; nearly empty streets at noon; a man resting in shade showing heat exhaustion; submerged hand-pumps and shops.,3,Knee-deep water affecting homes and movement; vulnerable people at risk.,heatwave
sevlab-03173,Bright harsh sunlight over a highway stretch in Laheriasarai; normal crowd with sun protection.,1,"Mild conditions; situation under control, no urgent action needed.",heatwave
sevlab-03174,Bright harsh sunlight over a riverside ghat in Talabania; normal crowd with sun protection.,1,Minor waterlogging with no disruption to people or property.,heatwave
sevlab-03175,Knee-deep floodwater covering a main road in Dumra; residents wading with belongings; an elderly couple watching from a balcony.,3,Significant flooding; evacuation of low-lying homes advised.,flood
sevlab-03176,Bright harsh sunlight over a riverside ghat in Barsoi; normal crowd with sun protection.,1,Light impact visible; monitoring is sufficient for now.,heatwave
sevlab-03177,Ankle-deep waterlogging on a railway underpass in Khanpur; two-wheelers moving slowly; floating debris and household items.,2,Moderate disruption; vulnerable people should take care.,flood
sevlab-03178,Heavy rain and gusty winds in Kadwa; tin roofs rattling; volunteers distributing water bottles.,2,Noticeable impact but daily life continues with adjustments.,cyclone
sevlab-03179,Chest-deep fast-flowing floodwater across Pranpur; houses partially submerged with only roofs visible; people stranded on rooftops waving for help; people carrying belongings on their heads.,5,Life-threatening flooding with people stranded; immediate mass rescue required.,flood
sevlab-03180,Damp main road in Sea Beach Road after a shower; normal traffic; shops open.,1,Minor waterlogging with no disruption to people or property.,flood
sevlab-03181,Ankle-deep waterlogging on a riverside ghat in Chandmari; two-wheelers moving slowly; an elderly couple watching from a balcony.,2,Noticeable impact but daily life continues with adjustments.,flood
sevlab-03182,Knee-to-thigh deep water in a market road in Patrakar Nagar; ground floors flooded; people moving to upper floors.,3,Knee-deep water affecting homes and movement; vulnerable people at risk.,flood
sevlab-03183,Knee-to-thigh deep water in a bus stand in Manewada; ground floors flooded; people moving to upper floors.,3,Water entering ground floors; relief assistance likely needed soon.,flood
sevlab-03184,Chest-deep fast-flowing floodwater across Adyar; houses partially submerged with only roofs visible; people stranded on rooftops waving for help; a dog swimming across the lane.,5,Life-threatening flooding with people stranded; immediate mass rescue required.,flood
sevlab-03185,Damp school compound in Golghar after a shower; normal traffic; shops open.,1,Minor waterlogging with no disruption to people or property.,flood
sevlab-03186,Damp low-lying colony in Belaganj after a shower; normal traffic; shops open.,1,Light impact visible; monitoring is sufficient for now.,flood
sevlab-03187,Damp highway stretch in Manewada after a shower; normal traffic; shops open.,1,Minor waterlogging with no disruption to people or property.,flood
sevlab-03188,Knee-deep floodwater covering a highway stretch in Chowkidingee; residents wading with belongings; a stranded auto-rickshaw half submerged.,3,Water entering ground floors; relief assistance likely needed soon.,flood
sevlab-03189,Light rainwater puddles on a low-lying colony in Sigra; people walking normally with umbrellas; no disruption visible.,1,Light impact visible; monitoring is sufficient for now.,flood
sevlab-03190,Waist-deep brown floodwater submerging a bus stand in Uluberia; water entering ground-floor homes; floating debris and household items.,4,Deep water across residential areas; critical rescue situation.,flood
sevlab-03191,Ankle-deep waterlogging on a highway stretch in Sahebganj; two-wheelers moving slowly; power lines hanging low over the water.,2,Ankle-deep water slowing movement; manageable with precautions.,flood
sevlab-03192,Shin-deep rainwater on a school compound in Golghar; pedestrians wading carefully; shops placing sandbags.,2,Noticeable impact but daily life continues with adjustments.,flood
sevlab-03193,Ankle-deep waterlogging on a market road in Laheriasarai; two-wheelers moving slowly; a stranded auto-rickshaw half submerged.,2,Ankle-deep water slowing movement; manageable with precautions.,flood
sevlab-03194,Ankle-deep waterlogging on a residential lane in Pandeypur; two-wheelers moving slowly; power lines hanging low over the water.,2,Ankle-deep water slowing movement; manageable with precautions.,flood
sevlab-03195,Damp highway stretch in Aliganj after a shower; normal traffic; shops open.,1,Light impact visible; monitoring is sufficient for now.,flood
sevlab-03196,Intense heatwave in Kankarbagh; nearly empty streets at noon; a man resting in shade showing heat exhaustion; floating debris and household items.,3,Significant flooding; evacuation of low-lying homes advised.,heatwave
sevlab-03197,Ankle-deep waterlogging on a market road in Kursela; two-wheelers moving slowly; children sitting on a raised platform.,2,Ankle-deep water slowing movement; manageable with precautions.,flood
sevlab-03198,Damp residential lane in Bidupur after a shower; normal traffic; shops open.,1,Minor waterlogging with no disruption to people or property.,flood
sevlab-03199,Strong winds bending trees on a bus stand in Rajendra Nagar; rain lashing sideways.,2,Noticeable impact but daily life continues with adjustments.,cyclone
sevlab-03200,Waist-deep brown floodwater submerging a school compound in Indira Nagar; water entering ground-floor homes; submerged hand-pumps and shops.,4,Waist-deep water entering homes; residents stranded; urgent rescue needed.,flood
sevlab-03201,Light rainwater puddles on a railway underpass in Mohanbari; people walking normally with umbrellas; no disruption visible.,1,Light impact visible; monitoring is sufficient for now.,flood
sevlab-03202,Knee-deep floodwater covering a market road in Pranpur; residents wading with belongings; floating debris and household items.,3,Knee-deep water affecting homes and movement; vulnerable people at risk.,flood
sevlab-03203,Knee-to-thigh deep water in a low-lying colony in Santragachi; ground floors flooded; people moving to upper floors.,3,Significant flooding; evacuation of low-lying homes advised.,flood
sevlab-03204,Shin-deep rainwater on a market road in Hajipur; pedestrians wading carefully; shops placing sandbags.,2,Moderate disruption; vulnerable people should take care.,flood
sevlab-03205,Bright harsh sunlight over a residential lane in Bally; normal crowd with sun protection.,1,Minor waterlogging with no disruption to people or property.,heatwave
sevlab-03206,Shin-deep rainwater on a residential lane in Mohanbari; pedestrians wading carefully; shops placing sandbags.,2,Moderate disruption; vulnerable people should take care.,flood
sevlab-03207,Very hot midday on a market road in Rupauli; shutters half-down; volunteers distributing water bottles.,2,Moderate disruption; vulnerable people should take care.,heatwave
sevlab-03208,Heavy rain and gusty winds in Velachery; tin roofs rattling; submerged hand-pumps and shops.,2,Ankle-deep water slowing movement; manageable with precautions.,cyclone
sevlab-03209,Ankle-deep waterlogging on a highway stretch in Sitabuldi; two-wheelers moving slowly; people carrying belongings on their heads.,2,Ankle-deep water slowing movement; manageable with precautions.,flood
sevlab-03210,Heavy rain and gusty winds in Banmankhi; tin roofs rattling; children sitting on a raised platform.,2,Moderate disruption; vulnerable people should take care.,cyclone
sevlab-03211,Scorching heat in Naliapool market; vendors covering stalls with wet cloth; people drinking water frequently.,2,Noticeable impact but daily life continues with adjustments.,heatwave
sevlab-03212,Strong winds bending trees on a railway underpass in Sea Beach Road; rain lashing sideways.,2,Ankle-deep water slowing movement; manageable with precautions.,cyclone
sevlab-03213,Waist-deep brown floodwater submerging a main road in Beltola; water entering ground-floor homes; submerged hand-pumps and shops.,4,Deep water across residential areas; critical rescue situation.,flood
sevlab-03214,Dark clouds gathering over Sahebganj; rough sea; people moving indoors.,1,Light impact visible; monitoring is sufficient for now.,cyclone
sevlab-03215,Hot sunny afternoon in Mohanbari; people using umbrellas; streets active.,1,Light impact visible; monitoring is sufficient for now.,heatwave
sevlab-03216,Knee-to-thigh deep water in a riverside ghat in Dumra; ground floors flooded; people moving to upper floors.,3,Water entering ground floors; relief assistance likely needed soon.,flood
sevlab-03217,Shin-deep rainwater on a village street in Indira Nagar; pedestrians wading carefully; shops placing sandbags.,2,Noticeable impact but daily life continues with adjustments.,flood
sevlab-03218,Very hot midday on a school compound in Manihari; shutters half-down; a stranded auto-rickshaw half submerged.,2,Noticeable impact but daily life continues with adjustments.,heatwave
sevlab-03219,Hot sunny afternoon in Boring Road; people using umbrellas; streets active.,1,"Mild conditions; situation under control, no urgent action needed.",heatwave
sevlab-03220,Knee-deep floodwater covering a village street in Salt Lake; residents wading with belongings; power lines hanging low over the water.,3,Significant flooding; evacuation of low-lying homes advised.,flood
sevlab-03221,Heavy rain and gusty winds in Chowkidingee; tin roofs rattling; a stranded auto-rickshaw half submerged.,2,Ankle-deep water slowing movement; manageable with precautions.,cyclone
sevlab-03222,Damp residential lane in Pranpur after a shower; normal traffic; shops open.,1,Minor waterlogging with no disruption to people or property.,flood
sevlab-03223,Ankle-deep waterlogging on a school compound in Sultanganj; two-wheelers moving slowly; children sitting on a raised platform.,2,Ankle-deep water slowing movement; manageable with precautions.,flood
sevlab-03224,Chest-high water rising in a railway underpass in Rosera; residents stranded on rooftops; volunteers distributing water bottles.,4,Waist-deep water entering homes; residents stranded; urgent rescue needed.,flood
sevlab-03225,Knee-to-thigh deep water in a railway underpass in Shibpur; ground floors flooded; people moving to upper floors.,3,Water entering ground floors; relief assistance likely needed soon.,flood
sevlab-03226,Chest-high water rising in a residential lane in Lalganj; residents stranded on rooftops; a dog swimming across the lane.,4,Waist-deep water entering homes; residents stranded; urgent rescue needed.,flood
sevlab-03227,Waist-deep brown floodwater submerging a railway underpass in Pusa; water entering ground-floor homes; floating debris and household items.,4,Deep water across residential areas; critical rescue situation.,flood
sevlab-03228,Light rainwater puddles on a main road in Indira Nagar; people walking normally with umbrellas; no disruption visible.,1,"Mild conditions; situation under control, no urgent action needed.",flood
sevlab-03229,Destructive winds battering Benipur; collapsed boundary walls; streets flooded.,4,Severe flooding with people trapped; immediate evacuation required.,cyclone
sevlab-03230,Ankle-deep waterlogging on a market road in Dumra; two-wheelers moving slowly; volunteers distributing water bottles.,2,Moderate disruption; vulnerable people should take care.,flood
sevlab-03231,Light rainwater puddles on a main road in Bahadurpur; people walking normally with umbrellas; no disruption visible.,1,Minor waterlogging with no disruption to people or property.,flood
sevlab-03232,Ankle-deep waterlogging on a main road in Banmankhi; two-wheelers moving slowly; a rescue boat visible in the distance.,2,Ankle-deep water slowing movement; manageable with precautions.,flood
sevlab-03233,Severe winds in Belsand; uprooted small trees; waterlogging beginning.,3,Water entering ground floors; relief assistance likely needed soon.,cyclone
sevlab-03234,Light rainwater puddles on a village street in Salt Lake; people walking normally with umbrellas; no disruption visible.,1,Minor waterlogging with no disruption to people or property.,flood
sevlab-03235,Damp railway underpass in Lanka after a shower; normal traffic; shops open.,1,Light impact visible; monitoring is sufficient for now.,flood
sevlab-03236,Shin-deep rainwater on a residential lane in Rosera; pedestrians wading carefully; shops placing sandbags.,2,Moderate disruption; vulnerable people should take care.,flood
sevlab-03237,Knee-deep floodwater covering a bus stand in Rajendra Nagar; residents wading with belongings; people carrying belongings on their heads.,3,Water entering ground floors; relief assistance likely needed soon.,flood
sevlab-03238,Dark clouds gathering over Dhamdaha; rough sea; people moving indoors.,1,Light impact visible; monitoring is sufficient for now.,cyclone
sevlab-03239,Chest-high water rising in a railway underpass in Tekari; residents stranded on rooftops; a dog swimming across the lane.,4,Severe flooding with people trapped; immediate evacuation required.,flood
sevlab-03240,Ankle-deep waterlogging on a bus stand in Tekari; two-wheelers moving slowly; a stranded auto-rickshaw half submerged.,2,Moderate disruption; vulnerable people should take care.,flood
sevlab-03241,Ankle-deep waterlogging on a residential lane in Kasba; two-wheelers moving slowly; submerged hand-pumps and shops.,2,Noticeable impact but daily life continues with adjustments.,flood
sevlab-03242,Knee-deep floodwater covering a riverside ghat in Sursand; residents wading with belongings; a stranded auto-rickshaw half submerged.,3,Significant flooding; evacuation of low-lying homes advised.,flood
sevlab-03243,Damp village street in Barsoi after a shower; normal traffic; shops open.,1,"Mild conditions; situation under control, no urgent action needed.",flood
sevlab-03244,Damp market road in Dumra after a shower; normal traffic; shops open.,1,Light impact visible; monitoring is sufficient for now.,flood
sevlab-03245,Scorching heat in Aminabad market; vendors covering stalls with wet cloth; people drinking water frequently.,2,Ankle-deep water slowing movement; manageable with precautions.,heatwave
sevlab-03246,Very hot midday on a highway stretch in Sahebganj; shutters half-down; submerged hand-pumps and shops.,2,Ankle-deep water slowing movement; manageable with precautions.,heatwave
sevlab-03247,Shin-deep rainwater on a riverside ghat in Kahalgaon; pedestrians wading carefully; shops placing sandbags.,2,Noticeable impact but daily life continues with adjustments.,flood
sevlab-03248,Ankle-deep waterlogging on a riverside ghat in Pipraich; two-wheelers moving slowly; an elderly couple watching from a balcony.,2,Ankle-deep water slowing movement; manageable with precautions.,flood
sevlab-03249,Damp railway underpass in Gulabbagh after a shower; normal traffic; shops open.,1,"Mild conditions; situation under control, no urgent action needed.",flood
sevlab-03250,Very hot midday on a riverside ghat in Uluberia; shutters half-down; a dog swimming across the lane.,2,Ankle-deep water slowing movement; manageable with precautions.,heatwave
sevlab-03251,Damp market road in Tajpur after a shower; normal traffic; shops open.,1,Minor waterlogging with no disruption to people or property.,flood
sevlab-03252,Ankle-deep waterlogging on a low-lying colony in Kushmi; two-wheelers moving slowly; floating debris and household items.,2,Moderate disruption; vulnerable people should take care.,flood
sevlab-03253,Shin-deep rainwater on a school compound in Pusa; pedestrians wading carefully; shops placing sandbags.,2,Noticeable impact but daily life continues with adjustments.,flood
sevlab-03254,Knee-to-thigh deep water in a railway underpass in Dumra; ground floors flooded; people moving to upper floors.,3,Knee-deep water affecting homes and movement; vulnerable people at risk.,flood
sevlab-03255,Waist-deep brown floodwater submerging a low-lying colony in Sigra; water entering ground-floor homes; floating debris and household items.,4,Deep water across residential areas; critical rescue situation.,flood
sevlab-03256,Very hot midday on a village street in Tajpur; shutters half-down; an elderly couple watching from a balcony.,2,Noticeable impact but daily life continues with adjustments.,heatwave
sevlab-03257,Blazing heat over Dhamdaha; cracked dry ground; labourers resting under a tree.,3,Significant flooding; evacuation of low-lying homes advised.,heatwave
sevlab-03258,Ankle-deep waterlogging on a bus stand in Lalganj; two-wheelers moving slowly; submerged hand-pumps and shops.,2,Noticeable impact but daily life continues with adjustments.,flood
sevlab-03259,Very hot midday on a highway stretch in Tilkamanjhi; shutters half-down; an elderly couple watching from a balcony.,2,Noticeable impact but daily life continues with adjustments.,heatwave
sevlab-03260,Knee-deep floodwater covering a riverside ghat in Behala; residents wading with belongings; floating debris and household items.,3,Significant flooding; evacuation of low-lying homes advised.,flood
sevlab-03261,Waist-deep brown floodwater submerging a main road in Velachery; water entering ground-floor homes; floating debris and household items.,4,Severe flooding with people trapped; immediate evacuation required.,flood
sevlab-03262,Chest-deep fast-flowing floodwater across Sigra; houses partially submerged with only roofs visible; people stranded on rooftops waving for help; floating debris and household items.,5,Catastrophic conditions; large-scale emergency response needed.,flood
sevlab-03263,Light rainwater puddles on a market road in Khanpur; people walking normally with umbrellas; no disruption visible.,1,Light impact visible; monitoring is sufficient for now.,flood
sevlab-03264,Light rainwater puddles on a riverside ghat in Chandmari; people walking normally with umbrellas; no disruption visible.,1,"Mild conditions; situation under control, no urgent action needed.",flood
sevlab-03265,Blazing heat over Laheriasarai; cracked dry ground; labourers resting under a tree.,3,Water entering ground floors; relief assistance likely needed soon.,heatwave
sevlab-03266,Ankle-deep waterlogging on a market road in Shibpur; two-wheelers moving slowly; submerged hand-pumps and shops.,2,Noticeable impact but daily life continues with adjustments.,flood
sevlab-03267,Chest-deep fast-flowing floodwater across Talabania; houses partially submerged with only roofs visible; people stranded on rooftops waving for help; submerged hand-pumps and shops.,5,Catastrophic conditions; large-scale emergency response needed.,flood
sevlab-03268,Chest-high water rising in a school compound in Indira Nagar; residents stranded on rooftops; submerged hand-pumps and shops.,4,Severe flooding with people trapped; immediate evacuation required.,flood
sevlab-03269,Waist-deep brown floodwater submerging a bus stand in Adyar; water entering ground-floor homes; volunteers distributing water bottles.,4,Waist-deep water entering homes; residents stranded; urgent rescue needed.,flood
sevlab-03270,Very hot midday on a riverside ghat in Pipraich; shutters half-down; power lines hanging low over the water.,2,Moderate disruption; vulnerable people should take care.,heatwave
sevlab-03271,Ankle-deep waterlogging on a railway underpass in Pranpur; two-wheelers moving slowly; a rescue boat visible in the distance.,2,Moderate disruption; vulnerable people should take care.,flood
sevlab-03272,Light rainwater puddles on a residential lane in Adyar; people walking normally with umbrellas; no disruption visible.,1,Light impact visible; monitoring is sufficient for now.,flood
sevlab-03273,Waist-deep brown floodwater submerging a bus stand in Rupauli; water entering ground-floor homes; floating debris and household items.,4,Severe flooding with people trapped; immediate evacuation required.,flood
sevlab-03274,Ankle-deep waterlogging on a railway underpass in Chowkidingee; two-wheelers moving slowly; a rescue boat visible in the distance.,2,Moderate disruption; vulnerable people should take care.,flood
sevlab-03275,Shin-deep rainwater on a village street in Tekari; pedestrians wading carefully; shops placing sandbags.,2,Ankle-deep water slowing movement; manageable with precautions.,flood
sevlab-03276,Waist-deep brown floodwater submerging a residential lane in Paltan Bazaar; water entering ground-floor homes; a dog swimming across the lane.,4,Deep water across residential areas; critical rescue situation.,flood
sevlab-03277,Knee-deep floodwater covering a bus stand in Bairgania; residents wading with belongings; people carrying belongings on their heads.,3,Significant flooding; evacuation of low-lying homes advised.,flood
sevlab-03278,Heavy rain and gusty winds in Dum Dum; tin roofs rattling; people carrying belongings on their heads.,2,Moderate disruption; vulnerable people should take care.,cyclone
sevlab-03279,Strong winds bending trees on a market road in Uluberia; rain lashing sideways.,2,Noticeable impact but daily life continues with adjustments.,cyclone
sevlab-03280,Intense heatwave in Manewada; nearly empty streets at noon; a man resting in shade showing heat exhaustion; a rescue boat visible in the distance.,3,Knee-deep water affecting homes and movement; vulnerable people at risk.,heatwave
sevlab-03281,Light rainwater puddles on a school compound in Beltola; people walking normally with umbrellas; no disruption visible.,1,Minor waterlogging with no disruption to people or property.,flood
sevlab-03282,Massive storm surge flooding Adyar; boats washed onto roads; power lines hanging low over the water.,5,Life-threatening flooding with people stranded; immediate mass rescue required.,cyclone
sevlab-03283,Catastrophic cyclone devastation in Mohanbari; collapsed buildings; submerged streets; rescue teams evacuating residents; a rescue boat visible in the distance.,5,Catastrophic conditions; large-scale emergency response needed.,cyclone
sevlab-03284,Knee-to-thigh deep water in a main road in Santragachi; ground floors flooded; people moving to upper floors.,3,Water entering ground floors; relief assistance likely needed soon.,flood
sevlab-03285,Knee-deep floodwater covering a main road in Naliapool; residents wading with belongings; a stranded auto-rickshaw half submerged.,3,Water entering ground floors; relief assistance likely needed soon.,flood
sevlab-03286,Damp bus stand in Sigra after a shower; normal traffic; shops open.,1,"Mild conditions; situation under control, no urgent action needed.",flood
sevlab-03287,Shin-deep rainwater on a bus stand in Manpur; pedestrians wading carefully; shops placing sandbags.,2,Noticeable impact but daily life continues with adjustments.,flood
sevlab-03288,Strong winds bending trees on a village street in Pandeypur; rain lashing sideways.,2,Noticeable impact but daily life continues with adjustments.,cyclone
sevlab-03289,Damp highway stretch in Lanka after a shower; normal traffic; shops open.,1,Minor waterlogging with no disruption to people or property.,flood
sevlab-03290,Knee-deep floodwater covering a bus stand in Sultanganj; residents wading with belongings; submerged hand-pumps and shops.,3,Water entering ground floors; relief assistance likely needed soon.,flood
sevlab-03291,Blazing heat over Barsoi; cracked dry ground; labourers resting under a tree.,3,Water entering ground floors; relief assistance likely needed soon.,heatwave
sevlab-03292,Knee-deep floodwater covering a residential lane in Indira Nagar; residents wading with belongings; an elderly couple watching from a balcony.,3,Knee-deep water affecting homes and movement; vulnerable people at risk.,flood
sevlab-03293,Damp village street in Raghopur after a shower; normal traffic; shops open.,1,"Mild conditions; situation under control, no urgent action needed.",flood
sevlab-03294,Severe cyclone landfall near Dum Dum; uprooted trees and electric poles; houses with roofs torn off; a stranded auto-rickshaw half submerged.,4,Severe flooding with people trapped; immediate evacuation required.,cyclone
sevlab-03295,Severe heatwave in Liluah; elderly person collapsed near a bus stop; bystanders giving water; a stranded auto-rickshaw half submerged.,4,Severe flooding with people trapped; immediate evacuation required.,heatwave
sevlab-03296,Knee-to-thigh deep water in a highway stretch in Raghopur; ground floors flooded; people moving to upper floors.,3,Water entering ground floors; relief assistance likely needed soon.,flood
sevlab-03297,Blazing heat over Salt Lake; cracked dry ground; labourers resting under a tree.,3,Knee-deep water affecting homes and movement; vulnerable people at risk.,heatwave
sevlab-03298,Shin-deep rainwater on a highway stretch in Mancotta; pedestrians wading carefully; shops placing sandbags.,2,Ankle-deep water slowing movement; manageable with precautions.,flood
sevlab-03299,Chest-high water rising in a riverside ghat in Chowk; residents stranded on rooftops; power lines hanging low over the water.,4,Deep water across residential areas; critical rescue situation.,flood
sevlab-03300,Shin-deep rainwater on a bus stand in Godowlia; pedestrians wading carefully; shops placing sandbags.,2,Ankle-deep water slowing movement; manageable with precautions.,flood
sevlab-03301,Chest-high water rising in a highway stretch in Motihari Road; residents stranded on rooftops; a stranded auto-rickshaw half submerged.,4,Waist-deep water entering homes; residents stranded; urgent rescue needed.,flood
sevlab-03302,Shin-deep rainwater on a village street in Sigra; pedestrians wading carefully; shops placing sandbags.,2,Ankle-deep water slowing movement; manageable with precautions.,flood
sevlab-03303,Shin-deep rainwater on a bus stand in Kahalgaon; pedestrians wading carefully; shops placing sandbags.,2,Moderate disruption; vulnerable people should take care.,flood
sevlab-03304,Strong winds bending trees on a school compound in Kahalgaon; rain lashing sideways.,2,Noticeable impact but daily life continues with adjustments.,cyclone
sevlab-03305,Bright harsh sunlight over a main road in Sabour; normal crowd with sun protection.,1,Light impact visible; monitoring is sufficient for now.,heatwave
sevlab-03306,Light rainwater puddles on a village street in Sahjanwa; people walking normally with umbrellas; no disruption visible.,1,"Mild conditions; situation under control, no urgent action needed.",flood
sevlab-03307,Heavy rain and gusty winds in Rupauli; tin roofs rattling; volunteers distributing water bottles.,2,Noticeable impact but daily life continues with adjustments.,cyclone
sevlab-03308,Damp market road in Aliganj after a shower; normal traffic; shops open.,1,Light impact visible; monitoring is sufficient for now.,flood
sevlab-03309,Severe winds in Rosera; uprooted small trees; waterlogging beginning.,3,Significant flooding; evacuation of low-lying homes advised.,cyclone
sevlab-03310,Intense heatwave in Lalganj; nearly empty streets at noon; a man resting in shade showing heat exhaustion; a stranded auto-rickshaw half submerged.,3,Water entering ground floors; relief assistance likely needed soon.,heatwave
sevlab-03311,Knee-to-thigh deep water in a main road in Uluberia; ground floors flooded; people moving to upper floors.,3,Knee-deep water affecting homes and movement; vulnerable people at risk.,flood
sevlab-03312,Severe cyclone landfall near Velachery; uprooted trees and electric poles; houses with roofs torn off; volunteers distributing water bottles.,4,Deep water across residential areas; critical rescue situation.,cyclone
sevlab-03313,Blazing heat over Godowlia; cracked dry ground; labourers resting under a tree.,3,Significant flooding; evacuation of low-lying homes advised.,heatwave
sevlab-03314,Ankle-deep waterlogging on a main road in Talabania; two-wheelers moving slowly; a dog swimming across the lane.,2,Ankle-deep water slowing movement; manageable with precautions.,flood
sevlab-03315,Bright harsh sunlight over a residential lane in Raghopur; normal crowd with sun protection.,1,Light impact visible; monitoring is sufficient for now.,heatwave
sevlab-03316,Severe winds in Benipur; uprooted small trees; waterlogging beginning.,3,Knee-deep water affecting homes and movement; vulnerable people at risk.,cyclone
sevlab-03317,Ankle-deep waterlogging on a low-lying colony in Sherghati; two-wheelers moving slowly; a stranded auto-rickshaw half submerged.,2,Ankle-deep water slowing movement; manageable with precautions.,flood
sevlab-03318,Overcast sky with strong winds in Naugachia; trees swaying; fishermen securing boats.,1,Minor waterlogging with no disruption to people or property.,cyclone
sevlab-03319,Ankle-deep waterlogging on a market road in Gandhi Maidan; two-wheelers moving slowly; a rescue boat visible in the distance.,2,Ankle-deep water slowing movement; manageable with precautions.,flood
sevlab-03320,Knee-deep floodwater covering a village street in Shibpur; residents wading with belongings; a rescue boat visible in the distance.,3,Water entering ground floors; relief assistance likely needed soon.,flood
sevlab-03321,Damp railway underpass in Dalsinghsarai after a shower; normal traffic; shops open.,1,"Mild conditions; situation under control, no urgent action needed.",flood
sevlab-03322,Deadly heatwave in Mahnar; hospital entrance crowded; shops shuttered in peak afternoon.,5,Extreme danger to life; highest-priority rescue operation.,heatwave
sevlab-03323,Overcast sky with strong winds in Aliganj; trees swaying; fishermen securing boats.,1,Light impact visible; monitoring is sufficient for now.,cyclone
sevlab-03324,Scorching heat in Talabania market; vendors covering stalls with wet cloth; people drinking water frequently.,2,Noticeable impact but daily life continues with adjustments.,heatwave
sevlab-03325,Severe flooding in Behala; entire riverside ghat underwater; families on rooftops; people carrying belongings on their heads.,5,Life-threatening flooding with people stranded; immediate mass rescue required.,flood
sevlab-03326,Knee-deep floodwater covering a main road in Bairgania; residents wading with belongings; an elderly couple watching from a balcony.,3,Significant flooding; evacuation of low-lying homes advised.,flood
sevlab-03327,Knee-deep floodwater covering a main road in Bally; residents wading with belongings; a dog swimming across the lane.,3,Knee-deep water affecting homes and movement; vulnerable people at risk.,flood
sevlab-03328,Shin-deep rainwater on a residential lane in Paltan Bazaar; pedestrians wading carefully; shops placing sandbags.,2,Noticeable impact but daily life continues with adjustments.,flood
sevlab-03329,Light rainwater puddles on a railway underpass in Pusa; people walking normally with umbrellas; no disruption visible.,1,"Mild conditions; situation under control, no urgent action needed.",flood
sevlab-03330,Shin-deep rainwater on a bus stand in Golghar; pedestrians wading carefully; shops placing sandbags.,2,Ankle-deep water slowing movement; manageable with precautions.,flood
sevlab-03331,Bright harsh sunlight over a school compound in Dum Dum; normal crowd with sun protection.,1,Light impact visible; monitoring is sufficient for now.,heatwave
sevlab-03332,Ankle-deep waterlogging on a village street in Sahjanwa; two-wheelers moving slowly; a dog swimming across the lane.,2,Ankle-deep water slowing movement; manageable with precautions.,flood
sevlab-03333,Overcast sky with strong winds in Chowk; trees swaying; fishermen securing boats.,1,Light impact visible; monitoring is sufficient for now.,cyclone
sevlab-03334,Waist-deep brown floodwater submerging a main road in Sherghati; water entering ground-floor homes; floating debris and household items.,4,Severe flooding with people trapped; immediate evacuation required.,flood
sevlab-03335,Ankle-deep waterlogging on a main road in Sahjanwa; two-wheelers moving slowly; submerged hand-pumps and shops.,2,Ankle-deep water slowing movement; manageable with precautions.,flood
sevlab-03336,Damp highway stretch in Sitabuldi after a shower; normal traffic; shops open.,1,Minor waterlogging with no disruption to people or property.,flood
sevlab-03337,Overcast sky with strong winds in Kamptee; trees swaying; fishermen securing boats.,1,Minor waterlogging with no disruption to people or property.,cyclone
sevlab-03338,Chest-high water rising in a bus stand in Indira Nagar; residents stranded on rooftops; volunteers distributing water bottles.,4,Deep water across residential areas; critical rescue situation.,flood
sevlab-03339,Knee-deep floodwater covering a bus stand in Belaganj; residents wading with belongings; a stranded auto-rickshaw half submerged.,3,Significant flooding; evacuation of low-lying homes advised.,flood
sevlab-03340,Bright harsh sunlight over a highway stretch in Sursand; normal crowd with sun protection.,1,Minor waterlogging with no disruption to people or property.,heatwave
sevlab-03341,Light rainwater puddles on a bus stand in Manihari; people walking normally with umbrellas; no disruption visible.,1,Minor waterlogging with no disruption to people or property.,flood
sevlab-03342,Ankle-deep waterlogging on a market road in Laheriasarai; two-wheelers moving slowly; children sitting on a raised platform.,2,Noticeable impact but daily life continues with adjustments.,flood
sevlab-03343,Light rainwater puddles on a school compound in Liluah; people walking normally with umbrellas; no disruption visible.,1,"Mild conditions; situation under control, no urgent action needed.",flood
sevlab-03344,Ankle-deep waterlogging on a railway underpass in Bally; two-wheelers moving slowly; children sitting on a raised platform.,2,Moderate disruption; vulnerable people should take care.,flood
sevlab-03345,Chest-high water rising in a railway underpass in Keoti; residents stranded on rooftops; people carrying belongings on their heads.,4,Waist-deep water entering homes; residents stranded; urgent rescue needed.,flood
sevlab-03346,Knee-deep floodwater covering a village street in Kasba; residents wading with belongings; submerged hand-pumps and shops.,3,Water entering ground floors; relief assistance likely needed soon.,flood
sevlab-03347,Knee-to-thigh deep water in a school compound in Tilkamanjhi; ground floors flooded; people moving to upper floors.,3,Significant flooding; evacuation of low-lying homes advised.,flood
sevlab-03348,Chest-high water rising in a low-lying colony in T Nagar; residents stranded on rooftops; children sitting on a raised platform.,4,Deep water across residential areas; critical rescue situation.,flood
sevlab-03349,Blazing heat over Sahjanwa; cracked dry ground; labourers resting under a tree.,3,Water entering ground floors; relief assistance likely needed soon.,heatwave
sevlab-03350,Heavy rain and gusty winds in Dhamdaha; tin roofs rattling; a rescue boat visible in the distance.,2,Noticeable impact but daily life continues with adjustments.,cyclone
sevlab-03351,Dark clouds gathering over Dharampeth; rough sea; people moving indoors.,1,"Mild conditions; situation under control, no urgent action needed.",cyclone
sevlab-03352,Chest-deep fast-flowing floodwater across Chowk; houses partially submerged with only roofs visible; people stranded on rooftops waving for help; children sitting on a raised platform.,5,Life-threatening flooding with people stranded; immediate mass rescue required.,flood
sevlab-03353,Shin-deep rainwater on a riverside ghat in Kamptee; pedestrians wading carefully; shops placing sandbags.,2,Moderate disruption; vulnerable people should take care.,flood
sevlab-03354,Severe heatwave in Rajendra Nagar; elderly person collapsed near a bus stop; bystanders giving water; submerged hand-pumps and shops.,4,Deep water across residential areas; critical rescue situation.,heatwave
sevlab-03355,Knee-deep floodwater covering a residential lane in Digha; residents wading with belongings; floating debris and household items.,3,Significant flooding; evacuation of low-lying homes advised.,flood
sevlab-03356,Shin-deep rainwater on a bus stand in Naugachia; pedestrians wading carefully; shops placing sandbags.,2,Ankle-deep water slowing movement; manageable with precautions.,flood
sevlab-03357,Ankle-deep waterlogging on a main road in Maligaon; two-wheelers moving slowly; people carrying belongings on their heads.,2,Moderate disruption; vulnerable people should take care.,flood
sevlab-03358,Light rainwater puddles on a market road in Raghopur; people walking normally with umbrellas; no disruption visible.,1,"Mild conditions; situation under control, no urgent action needed.",flood
sevlab-03359,Knee-deep floodwater covering a riverside ghat in Rosera; residents wading with belongings; floating debris and household items.,3,Water entering ground floors; relief assistance likely needed soon.,flood
sevlab-03360,Intense heatwave in Liluah; nearly empty streets at noon; a man resting in shade showing heat exhaustion; an elderly couple watching from a balcony.,3,Water entering ground floors; relief assistance likely needed soon.,heatwave
sevlab-03361,Knee-to-thigh deep water in a residential lane in Salt Lake; ground floors flooded; people moving to upper floors.,3,Knee-deep water affecting homes and movement; vulnerable people at risk.,flood
sevlab-03362,Knee-to-thigh deep water in a bus stand in Benipur; ground floors flooded; people moving to upper floors.,3,Significant flooding; evacuation of low-lying homes advised.,flood
sevlab-03363,Intense heatwave in Chakratirtha; nearly empty streets at noon; a man resting in shade showing heat exhaustion; an elderly couple watching from a balcony.,3,Significant flooding; evacuation of low-lying homes advised.,heatwave
sevlab-03364,Cyclonic storm hitting Gulabbagh; fallen trees blocking the road; damaged shop signboards; a rescue boat visible in the distance.,3,Water entering ground floors; relief assistance likely needed soon.,cyclone
sevlab-03365,Light rainwater puddles on a railway underpass in Dharampeth; people walking normally with umbrellas; no disruption visible.,1,"Mild conditions; situation under control, no urgent action needed.",flood
sevlab-03366,Destructive winds battering Maligaon; collapsed boundary walls; streets flooded.,4,Severe flooding with people trapped; immediate evacuation required.,cyclone
sevlab-03367,Shin-deep rainwater on a market road in Anna Nagar; pedestrians wading carefully; shops placing sandbags.,2,Noticeable impact but daily life continues with adjustments.,flood
sevlab-03368,Severe cyclone landfall near Kasba; uprooted trees and electric poles; houses with roofs torn off; a stranded auto-rickshaw half submerged.,4,Deep water across residential areas; critical rescue situation.,cyclone
sevlab-03369,Intense heatwave in Digha; nearly empty streets at noon; a man resting in shade showing heat exhaustion; power lines hanging low over the water.,3,Significant flooding; evacuation of low-lying homes advised.,heatwave
sevlab-03370,Cyclonic storm hitting Mancotta; fallen trees blocking the road; damaged shop signboards; people carrying belongings on their heads.,3,Water entering ground floors; relief assistance likely needed soon.,cyclone
sevlab-03371,Very hot midday on a low-lying colony in Mohanbari; shutters half-down; an elderly couple watching from a balcony.,2,Noticeable impact but daily life continues with adjustments.,heatwave
sevlab-03372,Light rainwater puddles on a main road in Lanka; people walking normally with umbrellas; no disruption visible.,1,Minor waterlogging with no disruption to people or property.,flood
sevlab-03373,Knee-deep floodwater covering a highway stretch in Tekari; residents wading with belongings; a stranded auto-rickshaw half submerged.,3,Knee-deep water affecting homes and movement; vulnerable people at risk.,flood
sevlab-03374,Ankle-deep waterlogging on a riverside ghat in Rupauli; two-wheelers moving slowly; a rescue boat visible in the distance.,2,Ankle-deep water slowing movement; manageable with precautions.,flood
sevlab-03375,Light rainwater puddles on a school compound in Jale; people walking normally with umbrellas; no disruption visible.,1,Minor waterlogging with no disruption to people or property.,flood
sevlab-03376,Knee-deep floodwater covering a riverside ghat in Mohanbari; residents wading with belongings; children sitting on a raised platform.,3,Significant flooding; evacuation of low-lying homes advised.,flood
sevlab-03377,Shin-deep rainwater on a market road in Sabour; pedestrians wading carefully; shops placing sandbags.,2,Ankle-deep water slowing movement; manageable with precautions.,flood
sevlab-03378,Strong winds bending trees on a main road in Salt Lake; rain lashing sideways.,2,Ankle-deep water slowing movement; manageable with precautions.,cyclone
sevlab-03379,Destructive winds battering Golghar; collapsed boundary walls; streets flooded.,4,Deep water across residential areas; critical rescue situation.,cyclone
sevlab-03380,Knee-to-thigh deep water in a residential lane in Barsoi; ground floors flooded; people moving to upper floors.,3,Water entering ground floors; relief assistance likely needed soon.,flood
sevlab-03381,Intense heatwave in Chandmari; nearly empty streets at noon; a man resting in shade showing heat exhaustion; people carrying belongings on their heads.,3,Knee-deep water affecting homes and movement; vulnerable people at risk.,heatwave
sevlab-03382,Shin-deep rainwater on a low-lying colony in Pandeypur; pedestrians wading carefully; shops placing sandbags.,2,Moderate disruption; vulnerable people should take care.,flood
sevlab-03383,Severe winds in Rupauli; uprooted small trees; waterlogging beginning.,3,Knee-deep water affecting homes and movement; vulnerable people at risk.,cyclone
sevlab-03384,Damp school compound in Gomti Nagar after a shower; normal traffic; shops open.,1,Light impact visible; monitoring is sufficient for now.,flood
sevlab-03385,Severe heatwave in Mushahari; elderly person collapsed near a bus stop; bystanders giving water; a rescue boat visible in the distance.,4,Severe flooding with people trapped; immediate evacuation required.,heatwave
sevlab-03386,Heavy rain and gusty winds in Baruraj; tin roofs rattling; power lines hanging low over the water.,2,Ankle-deep water slowing movement; manageable with precautions.,cyclone
sevlab-03387,Ankle-deep waterlogging on a school compound in Bally; two-wheelers moving slowly; a dog swimming across the lane.,2,Ankle-deep water slowing movement; manageable with precautions.,flood
sevlab-03388,Overcast sky with strong winds in Bahadurpur; trees swaying; fishermen securing boats.,1,Minor waterlogging with no disruption to people or property.,cyclone
sevlab-03389,Chest-deep fast-flowing floodwater across Rupauli; houses partially submerged with only roofs visible; people stranded on rooftops waving for help; submerged hand-pumps and shops.,5,Life-threatening flooding with people stranded; immediate mass rescue required.,flood
sevlab-03390,Light rainwater puddles on a school compound in Laheriasarai; people walking normally with umbrellas; no disruption visible.,1,Light impact visible; monitoring is sufficient for now.,flood
sevlab-03391,Light rainwater puddles on a residential lane in Indira Nagar; people walking normally with umbrellas; no disruption visible.,1,"Mild conditions; situation under control, no urgent action needed.",flood
sevlab-03392,Chest-high water rising in a village street in Chakratirtha; residents stranded on rooftops; floating debris and household items.,4,Deep water across residential areas; critical rescue situation.,flood
sevlab-03393,Light rainwater puddles on a school compound in Pranpur; people walking normally with umbrellas; no disruption visible.,1,"Mild conditions; situation under control, no urgent action needed.",flood
sevlab-03394,Ankle-deep waterlogging on a residential lane in Uluberia; two-wheelers moving slowly; submerged hand-pumps and shops.,2,Noticeable impact but daily life continues with adjustments.,flood
sevlab-03395,Strong winds bending trees on a residential lane in Liluah; rain lashing sideways.,2,Noticeable impact but daily life continues with adjustments.,cyclone
sevlab-03396,Overcast sky with strong winds in Liluah; trees swaying; fishermen securing boats.,1,Light impact visible; monitoring is sufficient for now.,cyclone
sevlab-03397,Intense heatwave in Rajendra Nagar; nearly empty streets at noon; a man resting in shade showing heat exhaustion; power lines hanging low over the water.,3,Significant flooding; evacuation of low-lying homes advised.,heatwave
sevlab-03398,Severe heatwave in Delang; elderly person collapsed near a bus stop; bystanders giving water; an elderly couple watching from a balcony.,4,Waist-deep water entering homes; residents stranded; urgent rescue needed.,heatwave
sevlab-03399,Very hot midday on a village street in Indira Nagar; shutters half-down; a rescue boat visible in the distance.,2,Noticeable impact but daily life continues with adjustments.,heatwave
sevlab-03400,Ankle-deep waterlogging on a railway underpass in Mahnar; two-wheelers moving slowly; submerged hand-pumps and shops.,2,Moderate disruption; vulnerable people should take care.,flood
sevlab-03401,Light rainwater puddles on a railway underpass in Digha; people walking normally with umbrellas; no disruption visible.,1,"Mild conditions; situation under control, no urgent action needed.",flood
sevlab-03402,Ankle-deep waterlogging on a bus stand in Kahalgaon; two-wheelers moving slowly; a dog swimming across the lane.,2,Moderate disruption; vulnerable people should take care.,flood
sevlab-03403,Chest-high water rising in a low-lying colony in Chowk; residents stranded on rooftops; volunteers distributing water bottles.,4,Deep water across residential areas; critical rescue situation.,flood
sevlab-03404,Ankle-deep waterlogging on a low-lying colony in Indira Nagar; two-wheelers moving slowly; an elderly couple watching from a balcony.,2,Ankle-deep water slowing movement; manageable with precautions.,flood
sevlab-03405,Heavy rain and gusty winds in Santragachi; tin roofs rattling; submerged hand-pumps and shops.,2,Moderate disruption; vulnerable people should take care.,cyclone
sevlab-03406,Damp riverside ghat in Talabania after a shower; normal traffic; shops open.,1,"Mild conditions; situation under control, no urgent action needed.",flood
sevlab-03407,Ankle-deep waterlogging on a highway stretch in Behala; two-wheelers moving slowly; power lines hanging low over the water.,2,Noticeable impact but daily life continues with adjustments.,flood
sevlab-03408,Knee-to-thigh deep water in a low-lying colony in Belsand; ground floors flooded; people moving to upper floors.,3,Water entering ground floors; relief assistance likely needed soon.,flood
sevlab-03409,Severe flooding in Patrakar Nagar; entire railway underpass underwater; families on rooftops; volunteers distributing water bottles.,5,Catastrophic conditions; large-scale emergency response needed.,flood
sevlab-03410,Cyclonic storm hitting Adyar; fallen trees blocking the road; damaged shop signboards; an elderly couple watching from a balcony.,3,Water entering ground floors; relief assistance likely needed soon.,cyclone
sevlab-03411,Knee-deep floodwater covering a market road in Hajipur; residents wading with belongings; a stranded auto-rickshaw half submerged.,3,Knee-deep water affecting homes and movement; vulnerable people at risk.,flood
sevlab-03412,Extreme heat emergency in Bodh Gaya; multiple people fainted on the street; ambulance present; a stranded auto-rickshaw half submerged.,5,Extreme danger to life; highest-priority rescue operation.,heatwave
sevlab-03413,Chest-high water rising in a railway underpass in Lanka; residents stranded on rooftops; a rescue boat visible in the distance.,4,Waist-deep water entering homes; residents stranded; urgent rescue needed.,flood
sevlab-03414,Overcast sky with strong winds in Dalsinghsarai; trees swaying; fishermen securing boats.,1,"Mild conditions; situation under control, no urgent action needed.",cyclone
sevlab-03415,Light rainwater puddles on a bus stand in Pupri; people walking normally with umbrellas; no disruption visible.,1,Light impact visible; monitoring is sufficient for now.,flood
sevlab-03416,Intense heatwave in Kamptee; nearly empty streets at noon; a man resting in shade showing heat exhaustion; volunteers distributing water bottles.,3,Water entering ground floors; relief assistance likely needed soon.,heatwave
sevlab-03417,Knee-deep floodwater covering a village street in Sahjanwa; residents wading with belongings; people carrying belongings on their heads.,3,Knee-deep water affecting homes and movement; vulnerable people at risk.,flood
sevlab-03418,Ankle-deep waterlogging on a village street in Keoti; two-wheelers moving slowly; submerged hand-pumps and shops.,2,Ankle-deep water slowing movement; manageable with precautions.,flood
sevlab-03419,Waist-deep brown floodwater submerging a bus stand in Jale; water entering ground-floor homes; power lines hanging low over the water.,4,Severe flooding with people trapped; immediate evacuation required.,flood
sevlab-03420,Ankle-deep waterlogging on a market road in Pipraich; two-wheelers moving slowly; a dog swimming across the lane.,2,Moderate disruption; vulnerable people should take care.,flood
sevlab-03421,Chest-deep fast-flowing floodwater across Sahjanwa; houses partially submerged with only roofs visible; people stranded on rooftops waving for help; an elderly couple watching from a balcony.,5,Life-threatening flooding with people stranded; immediate mass rescue required.,flood
sevlab-03422,Scorching heat in Howrah Bridge market; vendors covering stalls with wet cloth; people drinking water frequently.,2,Moderate disruption; vulnerable people should take care.,heatwave
sevlab-03423,Waist-deep brown floodwater submerging a main road in Belsand; water entering ground-floor homes; an elderly couple watching from a balcony.,4,Waist-deep water entering homes; residents stranded; urgent rescue needed.,flood
sevlab-03424,Shin-deep rainwater on a market road in Mancotta; pedestrians wading carefully; shops placing sandbags.,2,Noticeable impact but daily life continues with adjustments.,flood
sevlab-03425,Intense heatwave in T Nagar; nearly empty streets at noon; a man resting in shade showing heat exhaustion; a rescue boat visible in the distance.,3,Knee-deep water affecting homes and movement; vulnerable people at risk.,heatwave
sevlab-03426,Bright harsh sunlight over a railway underpass in Sigra; normal crowd with sun protection.,1,"Mild conditions; situation under control, no urgent action needed.",heatwave
sevlab-03427,Damp riverside ghat in Chandmari after a shower; normal traffic; shops open.,1,"Mild conditions; situation under control, no urgent action needed.",flood
sevlab-03428,Ankle-deep waterlogging on a main road in Benipur; two-wheelers moving slowly; people carrying belongings on their heads.,2,Noticeable impact but daily life continues with adjustments.,flood
sevlab-03429,Severe heatwave in Paltan Bazaar; elderly person collapsed near a bus stop; bystanders giving water; people carrying belongings on their heads.,4,Severe flooding with people trapped; immediate evacuation required.,heatwave
sevlab-03430,Severe heatwave in Laheriasarai; elderly person collapsed near a bus stop; bystanders giving water; an elderly couple watching from a balcony.,4,Deep water across residential areas; critical rescue situation.,heatwave
sevlab-03431,Ankle-deep waterlogging on a highway stretch in Ashok Rajpath; two-wheelers moving slowly; a rescue boat visible in the distance.,2,Noticeable impact but daily life continues with adjustments.,flood
sevlab-03432,Cyclonic storm hitting Golghar; fallen trees blocking the road; damaged shop signboards; people carrying belongings on their heads.,3,Significant flooding; evacuation of low-lying homes advised.,cyclone
sevlab-03433,Shin-deep rainwater on a village street in Belsand; pedestrians wading carefully; shops placing sandbags.,2,Noticeable impact but daily life continues with adjustments.,flood
sevlab-03434,Shin-deep rainwater on a railway underpass in Sabour; pedestrians wading carefully; shops placing sandbags.,2,Noticeable impact but daily life continues with adjustments.,flood
sevlab-03435,Intense heatwave in Naugachia; nearly empty streets at noon; a man resting in shade showing heat exhaustion; a stranded auto-rickshaw half submerged.,3,Significant flooding; evacuation of low-lying homes advised.,heatwave
sevlab-03436,Ankle-deep waterlogging on a residential lane in Kanti; two-wheelers moving slowly; a stranded auto-rickshaw half submerged.,2,Ankle-deep water slowing movement; manageable with precautions.,flood
sevlab-03437,Damp residential lane in Lalganj after a shower; normal traffic; shops open.,1,Minor waterlogging with no disruption to people or property.,flood
sevlab-03438,Light rainwater puddles on a railway underpass in Dum Dum; people walking normally with umbrellas; no disruption visible.,1,"Mild conditions; situation under control, no urgent action needed.",flood
sevlab-03439,Light rainwater puddles on a village street in Chandmari; people walking normally with umbrellas; no disruption visible.,1,Minor waterlogging with no disruption to people or property.,flood
sevlab-03440,Chest-high water rising in a residential lane in Naliapool; residents stranded on rooftops; floating debris and household items.,4,Waist-deep water entering homes; residents stranded; urgent rescue needed.,flood
sevlab-03441,Ankle-deep waterlogging on a highway stretch in Ramnagar; two-wheelers moving slowly; floating debris and household items.,2,Moderate disruption; vulnerable people should take care.,flood
sevlab-03442,Chest-high water rising in a railway underpass in Velachery; residents stranded on rooftops; people carrying belongings on their heads.,4,Severe flooding with people trapped; immediate evacuation required.,flood
sevlab-03443,Damp village street in Kanti after a shower; normal traffic; shops open.,1,Light impact visible; monitoring is sufficient for now.,flood
sevlab-03444,Scorching heat in Shibpur market; vendors covering stalls with wet cloth; people drinking water frequently.,2,Ankle-deep water slowing movement; manageable with precautions.,heatwave
sevlab-03445,Ankle-deep waterlogging on a main road in Bally; two-wheelers moving slowly; volunteers distributing water bottles.,2,Moderate disruption; vulnerable people should take care.,flood
sevlab-03446,Severe heatwave in Sahjanwa; elderly person collapsed near a bus stop; bystanders giving water; people carrying belongings on their heads.,4,Deep water across residential areas; critical rescue situation.,heatwave
sevlab-03447,Severe heatwave in Raghopur; elderly person collapsed near a bus stop; bystanders giving water; an elderly couple watching from a balcony.,4,Deep water across residential areas; critical rescue situation.,heatwave
sevlab-03448,Chest-high water rising in a residential lane in Indira Nagar; residents stranded on rooftops; floating debris and household items.,4,Waist-deep water entering homes; residents stranded; urgent rescue needed.,flood
sevlab-03449,Chest-high water rising in a railway underpass in Chakratirtha; residents stranded on rooftops; submerged hand-pumps and shops.,4,Deep water across residential areas; critical rescue situation.,flood
sevlab-03450,Shin-deep rainwater on a main road in Pusa; pedestrians wading carefully; shops placing sandbags.,2,Noticeable impact but daily life continues with adjustments.,flood
sevlab-03451,Chest-high water rising in a railway underpass in Pranpur; residents stranded on rooftops; a stranded auto-rickshaw half submerged.,4,Deep water across residential areas; critical rescue situation.,flood
sevlab-03452,Knee-to-thigh deep water in a low-lying colony in Naliapool; ground floors flooded; people moving to upper floors.,3,Significant flooding; evacuation of low-lying homes advised.,flood
sevlab-03453,Deadly heatwave in Dhamdaha; hospital entrance crowded; shops shuttered in peak afternoon.,5,Extreme danger to life; highest-priority rescue operation.,heatwave
sevlab-03454,Knee-deep floodwater covering a school compound in Laheriasarai; residents wading with belongings; a rescue boat visible in the distance.,3,Water entering ground floors; relief assistance likely needed soon.,flood
sevlab-03455,Shin-deep rainwater on a school compound in Lanka; pedestrians wading carefully; shops placing sandbags.,2,Moderate disruption; vulnerable people should take care.,flood
sevlab-03456,Very hot midday on a low-lying colony in Porur; shutters half-down; a dog swimming across the lane.,2,Ankle-deep water slowing movement; manageable with precautions.,heatwave
sevlab-03457,Cyclonic storm hitting Kushmi; fallen trees blocking the road; damaged shop signboards; a stranded auto-rickshaw half submerged.,3,Significant flooding; evacuation of low-lying homes advised.,cyclone
sevlab-03458,Damp market road in Hingna after a shower; normal traffic; shops open.,1,Minor waterlogging with no disruption to people or property.,flood
sevlab-03459,Cyclonic storm hitting Kamptee; fallen trees blocking the road; damaged shop signboards; a rescue boat visible in the distance.,3,Significant flooding; evacuation of low-lying homes advised.,cyclone
sevlab-03460,Hot sunny afternoon in Bodh Gaya; people using umbrellas; streets active.,1,"Mild conditions; situation under control, no urgent action needed.",heatwave
sevlab-03461,Ankle-deep waterlogging on a bus stand in Sitabuldi; two-wheelers moving slowly; volunteers distributing water bottles.,2,Moderate disruption; vulnerable people should take care.,flood
sevlab-03462,Light rainwater puddles on a market road in Hingna; people walking normally with umbrellas; no disruption visible.,1,Minor waterlogging with no disruption to people or property.,flood
sevlab-03463,Light rainwater puddles on a residential lane in Lalganj; people walking normally with umbrellas; no disruption visible.,1,Light impact visible; monitoring is sufficient for now.,flood
sevlab-03464,Shin-deep rainwater on a highway stretch in Salt Lake; pedestrians wading carefully; shops placing sandbags.,2,Noticeable impact but daily life continues with adjustments.,flood
sevlab-03465,Shin-deep rainwater on a railway underpass in T Nagar; pedestrians wading carefully; shops placing sandbags.,2,Ankle-deep water slowing movement; manageable with precautions.,flood
sevlab-03466,Chest-high water rising in a low-lying colony in Keoti; residents stranded on rooftops; floating debris and household items.,4,Waist-deep water entering homes; residents stranded; urgent rescue needed.,flood
sevlab-03467,Knee-deep floodwater covering a riverside ghat in Bodh Gaya; residents wading with belongings; children sitting on a raised platform.,3,Significant flooding; evacuation of low-lying homes advised.,flood
sevlab-03468,Damp residential lane in Boiragimoth after a shower; normal traffic; shops open.,1,Minor waterlogging with no disruption to people or property.,flood
sevlab-03469,Chest-deep fast-flowing floodwater across Manihari; houses partially submerged with only roofs visible; people stranded on rooftops waving for help; an elderly couple watching from a balcony.,5,Extreme danger to life; highest-priority rescue operation.,flood
sevlab-03470,Ankle-deep waterlogging on a residential lane in Pipraich; two-wheelers moving slowly; a rescue boat visible in the distance.,2,Ankle-deep water slowing movement; manageable with precautions.,flood
sevlab-03471,Shin-deep rainwater on a bus stand in Bairgania; pedestrians wading carefully; shops placing sandbags.,2,Noticeable impact but daily life continues with adjustments.,flood
sevlab-03472,Dark clouds gathering over Sea Beach Road; rough sea; people moving indoors.,1,Minor waterlogging with no disruption to people or property.,cyclone
sevlab-03473,Chest-high water rising in a railway underpass in Aminabad; residents stranded on rooftops; volunteers distributing water bottles.,4,Deep water across residential areas; critical rescue situation.,flood
sevlab-03474,Blazing heat over Anna Nagar; cracked dry ground; labourers resting under a tree.,3,Water entering ground floors; relief assistance likely needed soon.,heatwave
sevlab-03475,Shin-deep rainwater on a railway underpass in Chakratirtha; pedestrians wading carefully; shops placing sandbags.,2,Noticeable impact but daily life continues with adjustments.,flood
sevlab-03476,Knee-deep floodwater covering a low-lying colony in Belaganj; residents wading with belongings; volunteers distributing water bottles.,3,Water entering ground floors; relief assistance likely needed soon.,flood
sevlab-03477,Ankle-deep waterlogging on a market road in Maligaon; two-wheelers moving slowly; people carrying belongings on their heads.,2,Moderate disruption; vulnerable people should take care.,flood
sevlab-03478,Damp railway underpass in Behala after a shower; normal traffic; shops open.,1,"Mild conditions; situation under control, no urgent action needed.",flood
sevlab-03479,Hot sunny afternoon in Rajendra Nagar; people using umbrellas; streets active.,1,"Mild conditions; situation under control, no urgent action needed.",heatwave
sevlab-03480,Knee-to-thigh deep water in a village street in Gulabbagh; ground floors flooded; people moving to upper floors.,3,Significant flooding; evacuation of low-lying homes advised.,flood
sevlab-03481,Shin-deep rainwater on a bus stand in Sahebganj; pedestrians wading carefully; shops placing sandbags.,2,Noticeable impact but daily life continues with adjustments.,flood
sevlab-03482,Chest-deep fast-flowing floodwater across Bally; houses partially submerged with only roofs visible; people stranded on rooftops waving for help; a rescue boat visible in the distance.,5,Extreme danger to life; highest-priority rescue operation.,flood
sevlab-03483,Bright harsh sunlight over a main road in Rupauli; normal crowd with sun protection.,1,"Mild conditions; situation under control, no urgent action needed.",heatwave
sevlab-03484,Shin-deep rainwater on a low-lying colony in Kamptee; pedestrians wading carefully; shops placing sandbags.,2,Noticeable impact but daily life continues with adjustments.,flood
sevlab-03485,Chest-high water rising in a village street in Kahalgaon; residents stranded on rooftops; a stranded auto-rickshaw half submerged.,4,Severe flooding with people trapped; immediate evacuation required.,flood
sevlab-03486,Waist-deep brown floodwater submerging a village street in Kushmi; water entering ground-floor homes; a rescue boat visible in the distance.,4,Severe flooding with people trapped; immediate evacuation required.,flood
sevlab-03487,Knee-to-thigh deep water in a riverside ghat in Mahnar; ground floors flooded; people moving to upper floors.,3,Knee-deep water affecting homes and movement; vulnerable people at risk.,flood
sevlab-03488,Ankle-deep waterlogging on a bus stand in Salt Lake; two-wheelers moving slowly; volunteers distributing water bottles.,2,Moderate disruption; vulnerable people should take care.,flood
sevlab-03489,Waist-deep brown floodwater submerging a market road in Sahjanwa; water entering ground-floor homes; floating debris and household items.,4,Severe flooding with people trapped; immediate evacuation required.,flood
sevlab-03490,Knee-deep floodwater covering a school compound in Naugachia; residents wading with belongings; children sitting on a raised platform.,3,Significant flooding; evacuation of low-lying homes advised.,flood
sevlab-03491,Damp low-lying colony in Laheriasarai after a shower; normal traffic; shops open.,1,"Mild conditions; situation under control, no urgent action needed.",flood
sevlab-03492,Ankle-deep waterlogging on a riverside ghat in Kasba; two-wheelers moving slowly; submerged hand-pumps and shops.,2,Noticeable impact but daily life continues with adjustments.,flood
sevlab-03493,Bright harsh sunlight over a village street in Chowk; normal crowd with sun protection.,1,"Mild conditions; situation under control, no urgent action needed.",heatwave
sevlab-03494,Ankle-deep waterlogging on a village street in Pusa; two-wheelers moving slowly; an elderly couple watching from a balcony.,2,Ankle-deep water slowing movement; manageable with precautions.,flood
sevlab-03495,Severe winds in Uluberia; uprooted small trees; waterlogging beginning.,3,Knee-deep water affecting homes and movement; vulnerable people at risk.,cyclone
sevlab-03496,Bright harsh sunlight over a residential lane in Laheriasarai; normal crowd with sun protection.,1,Light impact visible; monitoring is sufficient for now.,heatwave
sevlab-03497,Chest-deep fast-flowing floodwater across Hajipur; houses partially submerged with only roofs visible; people stranded on rooftops waving for help; power lines hanging low over the water.,5,Catastrophic conditions; large-scale emergency response needed.,flood
sevlab-03498,Chest-high water rising in a main road in Lalganj; residents stranded on rooftops; an elderly couple watching from a balcony.,4,Waist-deep water entering homes; residents stranded; urgent rescue needed.,flood
sevlab-03499,Light rainwater puddles on a bus stand in Dharampeth; people walking normally with umbrellas; no disruption visible.,1,Minor waterlogging with no disruption to people or property.,flood
sevlab-03500,Light rainwater puddles on a riverside ghat in Kankarbagh; people walking normally with umbrellas; no disruption visible.,1,"Mild conditions; situation under control, no urgent action needed.",flood
sevlab-03501,Shin-deep rainwater on a bus stand in Hajipur; pedestrians wading carefully; shops placing sandbags.,2,Noticeable impact but daily life continues with adjustments.,flood
sevlab-03502,Heavy rain and gusty winds in Paltan Bazaar; tin roofs rattling; a rescue boat visible in the distance.,2,Ankle-deep water slowing movement; manageable with precautions.,cyclone
sevlab-03503,Shin-deep rainwater on a village street in Benipur; pedestrians wading carefully; shops placing sandbags.,2,Ankle-deep water slowing movement; manageable with precautions.,flood
sevlab-03504,Ankle-deep waterlogging on a market road in Lalganj; two-wheelers moving slowly; a dog swimming across the lane.,2,Noticeable impact but daily life continues with adjustments.,flood
sevlab-03505,Ankle-deep waterlogging on a highway stretch in Kahalgaon; two-wheelers moving slowly; volunteers distributing water bottles.,2,Moderate disruption; vulnerable people should take care.,flood
sevlab-03506,Shin-deep rainwater on a residential lane in Behala; pedestrians wading carefully; shops placing sandbags.,2,Noticeable impact but daily life continues with adjustments.,flood
sevlab-03507,Chest-high water rising in a bus stand in Raghopur; residents stranded on rooftops; children sitting on a raised platform.,4,Deep water across residential areas; critical rescue situation.,flood
sevlab-03508,Scorching heat in Mohaddipur market; vendors covering stalls with wet cloth; people drinking water frequently.,2,Moderate disruption; vulnerable people should take care.,heatwave
sevlab-03509,Cyclonic storm hitting Mithapur; fallen trees blocking the road; damaged shop signboards; a rescue boat visible in the distance.,3,Knee-deep water affecting homes and movement; vulnerable people at risk.,cyclone
sevlab-03510,Severe heatwave in Indira Nagar; elderly person collapsed near a bus stop; bystanders giving water; floating debris and household items.,4,Severe flooding with people trapped; immediate evacuation required.,heatwave
sevlab-03511,Ankle-deep waterlogging on a market road in Dumra; two-wheelers moving slowly; an elderly couple watching from a balcony.,2,Noticeable impact but daily life continues with adjustments.,flood
sevlab-03512,Overcast sky with strong winds in Kursela; trees swaying; fishermen securing boats.,1,"Mild conditions; situation under control, no urgent action needed.",cyclone
sevlab-03513,Strong winds bending trees on a residential lane in Gandhi Maidan; rain lashing sideways.,2,Ankle-deep water slowing movement; manageable with precautions.,cyclone
sevlab-03514,Ankle-deep waterlogging on a bus stand in Satyabadi; two-wheelers moving slowly; submerged hand-pumps and shops.,2,Moderate disruption; vulnerable people should take care.,flood
sevlab-03515,Knee-to-thigh deep water in a riverside ghat in Keoti; ground floors flooded; people moving to upper floors.,3,Knee-deep water affecting homes and movement; vulnerable people at risk.,flood
sevlab-03516,Waist-deep brown floodwater submerging a railway underpass in Jale; water entering ground-floor homes; floating debris and household items.,4,Severe flooding with people trapped; immediate evacuation required.,flood
sevlab-03517,Ankle-deep waterlogging on a railway underpass in Tilkamanjhi; two-wheelers moving slowly; a stranded auto-rickshaw half submerged.,2,Moderate disruption; vulnerable people should take care.,flood
sevlab-03518,Chest-deep fast-flowing floodwater across Kushmi; houses partially submerged with only roofs visible; people stranded on rooftops waving for help; children sitting on a raised platform.,5,Catastrophic conditions; large-scale emergency response needed.,flood
sevlab-03519,Knee-to-thigh deep water in a low-lying colony in Dumra; ground floors flooded; people moving to upper floors.,3,Knee-deep water affecting homes and movement; vulnerable people at risk.,flood
sevlab-03520,Knee-deep floodwater covering a bus stand in Belsand; residents wading with belongings; a stranded auto-rickshaw half submerged.,3,Significant flooding; evacuation of low-lying homes advised.,flood
sevlab-03521,Ankle-deep waterlogging on a village street in Sahjanwa; two-wheelers moving slowly; floating debris and household items.,2,Moderate disruption; vulnerable people should take care.,flood
sevlab-03522,Cyclonic storm hitting Howrah Bridge; fallen trees blocking the road; damaged shop signboards; a rescue boat visible in the distance.,3,Significant flooding; evacuation of low-lying homes advised.,cyclone
sevlab-03523,Chest-high water rising in a riverside ghat in Lanka; residents stranded on rooftops; an elderly couple watching from a balcony.,4,Waist-deep water entering homes; residents stranded; urgent rescue needed.,flood
sevlab-03524,Knee-deep floodwater covering a school compound in Dumra; residents wading with belongings; volunteers distributing water bottles.,3,Knee-deep water affecting homes and movement; vulnerable people at risk.,flood
sevlab-03525,Waist-deep brown floodwater submerging a highway stretch in Indira Nagar; water entering ground-floor homes; power lines hanging low over the water.,4,Severe flooding with people trapped; immediate evacuation required.,flood
sevlab-03526,Blazing heat over Digha; cracked dry ground; labourers resting under a tree.,3,Knee-deep water affecting homes and movement; vulnerable people at risk.,heatwave
sevlab-03527,Knee-to-thigh deep water in a railway underpass in Bidupur; ground floors flooded; people moving to upper floors.,3,Knee-deep water affecting homes and movement; vulnerable people at risk.,flood
sevlab-03528,Shin-deep rainwater on a main road in Belsand; pedestrians wading carefully; shops placing sandbags.,2,Noticeable impact but daily life continues with adjustments.,flood
sevlab-03529,Severe flooding in Sealdah; entire school compound underwater; families on rooftops; a rescue boat visible in the distance.,5,Life-threatening flooding with people stranded; immediate mass rescue required.,flood
sevlab-03530,Extreme heat emergency in Velachery; multiple people fainted on the street; ambulance present; floating debris and household items.,5,Extreme danger to life; highest-priority rescue operation.,heatwave
sevlab-03531,Knee-deep floodwater covering a low-lying colony in Kasba; residents wading with belongings; a dog swimming across the lane.,3,Water entering ground floors; relief assistance likely needed soon.,flood
sevlab-03532,Intense heatwave in Danapur; nearly empty streets at noon; a man resting in shade showing heat exhaustion; power lines hanging low over the water.,3,Knee-deep water affecting homes and movement; vulnerable people at risk.,heatwave
sevlab-03533,Ankle-deep waterlogging on a low-lying colony in Santragachi; two-wheelers moving slowly; people carrying belongings on their heads.,2,Noticeable impact but daily life continues with adjustments.,flood
sevlab-03534,Deadly heatwave in Manihari; hospital entrance crowded; shops shuttered in peak afternoon.,5,Extreme danger to life; highest-priority rescue operation.,heatwave
sevlab-03535,Waist-deep brown floodwater submerging a residential lane in Velachery; water entering ground-floor homes; a rescue boat visible in the distance.,4,Severe flooding with people trapped; immediate evacuation required.,flood
sevlab-03536,Heavy rain and gusty winds in Rosera; tin roofs rattling; floating debris and household items.,2,Moderate disruption; vulnerable people should take care.,cyclone
sevlab-03537,Damp school compound in Benipur after a shower; normal traffic; shops open.,1,Light impact visible; monitoring is sufficient for now.,flood
sevlab-03538,Ankle-deep waterlogging on a main road in Howrah Bridge; two-wheelers moving slowly; an elderly couple watching from a balcony.,2,Ankle-deep water slowing movement; manageable with precautions.,flood
sevlab-03539,Bright harsh sunlight over a railway underpass in Velachery; normal crowd with sun protection.,1,"Mild conditions; situation under control, no urgent action needed.",heatwave
sevlab-03540,Severe flooding in Pupri; entire village street underwater; families on rooftops; volunteers distributing water bottles.,5,Catastrophic conditions; large-scale emergency response needed.,flood
sevlab-03541,Ankle-deep waterlogging on a railway underpass in Paltan Bazaar; two-wheelers moving slowly; people carrying belongings on their heads.,2,Noticeable impact but daily life continues with adjustments.,flood
sevlab-03542,Ankle-deep waterlogging on a school compound in Talabania; two-wheelers moving slowly; submerged hand-pumps and shops.,2,Ankle-deep water slowing movement; manageable with precautions.,flood
sevlab-03543,Very hot midday on a bus stand in Belaganj; shutters half-down; people carrying belongings on their heads.,2,Ankle-deep water slowing movement; manageable with precautions.,heatwave
sevlab-03544,Light rainwater puddles on a highway stretch in Rosera; people walking normally with umbrellas; no disruption visible.,1,Minor waterlogging with no disruption to people or property.,flood
sevlab-03545,Severe flooding in Barsoi; entire bus stand underwater; families on rooftops; a stranded auto-rickshaw half submerged.,5,Life-threatening flooding with people stranded; immediate mass rescue required.,flood
sevlab-03546,Scorching heat in Pipraich market; vendors covering stalls with wet cloth; people drinking water frequently.,2,Ankle-deep water slowing movement; manageable with precautions.,heatwave
sevlab-03547,Cyclonic storm hitting Shibpur; fallen trees blocking the road; damaged shop signboards; children sitting on a raised platform.,3,Water entering ground floors; relief assistance likely needed soon.,cyclone
sevlab-03548,Ankle-deep waterlogging on a market road in Naliapool; two-wheelers moving slowly; submerged hand-pumps and shops.,2,Ankle-deep water slowing movement; manageable with precautions.,flood
sevlab-03549,Damp market road in Beltola after a shower; normal traffic; shops open.,1,"Mild conditions; situation under control, no urgent action needed.",flood
sevlab-03550,Ankle-deep waterlogging on a market road in Lanka; two-wheelers moving slowly; a stranded auto-rickshaw half submerged.,2,Noticeable impact but daily life continues with adjustments.,flood
sevlab-03551,Damp residential lane in Ashok Rajpath after a shower; normal traffic; shops open.,1,Minor waterlogging with no disruption to people or property.,flood
sevlab-03552,Bright harsh sunlight over a market road in Satyabadi; normal crowd with sun protection.,1,Light impact visible; monitoring is sufficient for now.,heatwave
sevlab-03553,Extreme heat in Aliganj; thermometer reading dangerously high; streets deserted.,4,Severe flooding with people trapped; immediate evacuation required.,heatwave
sevlab-03554,Damp highway stretch in Rajendra Nagar after a shower; normal traffic; shops open.,1,Minor waterlogging with no disruption to people or property.,flood
sevlab-03555,Severe winds in Mancotta; uprooted small trees; waterlogging beginning.,3,Water entering ground floors; relief assistance likely needed soon.,cyclone
sevlab-03556,Damp low-lying colony in Beltola after a shower; normal traffic; shops open.,1,Light impact visible; monitoring is sufficient for now.,flood
sevlab-03557,Knee-to-thigh deep water in a market road in Chakratirtha; ground floors flooded; people moving to upper floors.,3,Water entering ground floors; relief assistance likely needed soon.,flood
sevlab-03558,Knee-to-thigh deep water in a school compound in Mancotta; ground floors flooded; people moving to upper floors.,3,Knee-deep water affecting homes and movement; vulnerable people at risk.,flood
sevlab-03559,Very hot midday on a main road in Boring Road; shutters half-down; power lines hanging low over the water.,2,Noticeable impact but daily life continues with adjustments.,heatwave
sevlab-03560,Knee-deep floodwater covering a school compound in Chandmari; residents wading with belongings; children sitting on a raised platform.,3,Knee-deep water affecting homes and movement; vulnerable people at risk.,flood
sevlab-03561,Severe cyclone landfall near Mancotta; uprooted trees and electric poles; houses with roofs torn off; submerged hand-pumps and shops.,4,Deep water across residential areas; critical rescue situation.,cyclone
sevlab-03562,Catastrophic cyclone devastation in Godowlia; collapsed buildings; submerged streets; rescue teams evacuating residents; volunteers distributing water bottles.,5,Extreme danger to life; highest-priority rescue operation.,cyclone
sevlab-03563,Overcast sky with strong winds in Adyar; trees swaying; fishermen securing boats.,1,Minor waterlogging with no disruption to people or property.,cyclone
sevlab-03564,Knee-to-thigh deep water in a riverside ghat in Kasba; ground floors flooded; people moving to upper floors.,3,Water entering ground floors; relief assistance likely needed soon.,flood
sevlab-03565,Very hot midday on a residential lane in Sabour; shutters half-down; an elderly couple watching from a balcony.,2,Moderate disruption; vulnerable people should take care.,heatwave
sevlab-03566,Knee-to-thigh deep water in a village street in Hajipur; ground floors flooded; people moving to upper floors.,3,Knee-deep water affecting homes and movement; vulnerable people at risk.,flood
sevlab-03567,Knee-to-thigh deep water in a market road in Ramnagar; ground floors flooded; people moving to upper floors.,3,Significant flooding; evacuation of low-lying homes advised.,flood
sevlab-03568,Chest-high water rising in a bus stand in Benipur; residents stranded on rooftops; a rescue boat visible in the distance.,4,Severe flooding with people trapped; immediate evacuation required.,flood
sevlab-03569,Ankle-deep waterlogging on a low-lying colony in Satyabadi; two-wheelers moving slowly; volunteers distributing water bottles.,2,Noticeable impact but daily life continues with adjustments.,flood
sevlab-03570,Shin-deep rainwater on a highway stretch in Rajendra Nagar; pedestrians wading carefully; shops placing sandbags.,2,Noticeable impact but daily life continues with adjustments.,flood
sevlab-03571,Bright harsh sunlight over a main road in Satyabadi; normal crowd with sun protection.,1,Minor waterlogging with no disruption to people or property.,heatwave
sevlab-03572,Knee-deep floodwater covering a village street in Sea Beach Road; residents wading with belongings; power lines hanging low over the water.,3,Water entering ground floors; relief assistance likely needed soon.,flood
sevlab-03573,Damp main road in Raghopur after a shower; normal traffic; shops open.,1,Minor waterlogging with no disruption to people or property.,flood
sevlab-03574,Heavy rain and gusty winds in Dhamdaha; tin roofs rattling; people carrying belongings on their heads.,2,Moderate disruption; vulnerable people should take care.,cyclone
sevlab-03575,Shin-deep rainwater on a highway stretch in Sahebganj; pedestrians wading carefully; shops placing sandbags.,2,Noticeable impact but daily life continues with adjustments.,flood
sevlab-03576,Waist-deep brown floodwater submerging a school compound in Naliapool; water entering ground-floor homes; a stranded auto-rickshaw half submerged.,4,Severe flooding with people trapped; immediate evacuation required.,flood
sevlab-03577,Ankle-deep waterlogging on a railway underpass in Tekari; two-wheelers moving slowly; submerged hand-pumps and shops.,2,Noticeable impact but daily life continues with adjustments.,flood
sevlab-03578,Ankle-deep waterlogging on a railway underpass in Delang; two-wheelers moving slowly; children sitting on a raised platform.,2,Moderate disruption; vulnerable people should take care.,flood
sevlab-03579,Light rainwater puddles on a highway stretch in Dum Dum; people walking normally with umbrellas; no disruption visible.,1,"Mild conditions; situation under control, no urgent action needed.",flood
sevlab-03580,Knee-deep floodwater covering a bus stand in Mahnar; residents wading with belongings; people carrying belongings on their heads.,3,Significant flooding; evacuation of low-lying homes advised.,flood
sevlab-03581,Ankle-deep waterlogging on a riverside ghat in Chowk; two-wheelers moving slowly; floating debris and household items.,2,Moderate disruption; vulnerable people should take care.,flood
sevlab-03582,Intense heatwave in Maligaon; nearly empty streets at noon; a man resting in shade showing heat exhaustion; power lines hanging low over the water.,3,Water entering ground floors; relief assistance likely needed soon.,heatwave
sevlab-03583,Hot sunny afternoon in Benipur; people using umbrellas; streets active.,1,Minor waterlogging with no disruption to people or property.,heatwave
sevlab-03584,Damp market road in Mohaddipur after a shower; normal traffic; shops open.,1,Light impact visible; monitoring is sufficient for now.,flood
sevlab-03585,Waist-deep brown floodwater submerging a village street in Rupauli; water entering ground-floor homes; volunteers distributing water bottles.,4,Severe flooding with people trapped; immediate evacuation required.,flood
sevlab-03586,Ankle-deep waterlogging on a low-lying colony in Kushmi; two-wheelers moving slowly; power lines hanging low over the water.,2,Moderate disruption; vulnerable people should take care.,flood
sevlab-03587,Waist-deep brown floodwater submerging a school compound in Mancotta; water entering ground-floor homes; power lines hanging low over the water.,4,Severe flooding with people trapped; immediate evacuation required.,flood
sevlab-03588,Severe winds in Sitabuldi; uprooted small trees; waterlogging beginning.,3,Water entering ground floors; relief assistance likely needed soon.,cyclone
sevlab-03589,Ankle-deep waterlogging on a school compound in Hajipur; two-wheelers moving slowly; children sitting on a raised platform.,2,Noticeable impact but daily life continues with adjustments.,flood
sevlab-03590,Damp low-lying colony in Kadwa after a shower; normal traffic; shops open.,1,"Mild conditions; situation under control, no urgent action needed.",flood
sevlab-03591,Overcast sky with strong winds in Mohanbari; trees swaying; fishermen securing boats.,1,"Mild conditions; situation under control, no urgent action needed.",cyclone
sevlab-03592,Severe heatwave in Hingna; elderly person collapsed near a bus stop; bystanders giving water; submerged hand-pumps and shops.,4,Severe flooding with people trapped; immediate evacuation required.,heatwave
sevlab-03593,Light rainwater puddles on a village street in Kahalgaon; people walking normally with umbrellas; no disruption visible.,1,Light impact visible; monitoring is sufficient for now.,flood
sevlab-03594,Hot sunny afternoon in Paltan Bazaar; people using umbrellas; streets active.,1,Light impact visible; monitoring is sufficient for now.,heatwave
sevlab-03595,Scorching heat in Pranpur market; vendors covering stalls with wet cloth; people drinking water frequently.,2,Ankle-deep water slowing movement; manageable with precautions.,heatwave
sevlab-03596,Knee-deep floodwater covering a highway stretch in Tajpur; residents wading with belongings; a stranded auto-rickshaw half submerged.,3,Water entering ground floors; relief assistance likely needed soon.,flood
sevlab-03597,Shin-deep rainwater on a bus stand in Mohanbari; pedestrians wading carefully; shops placing sandbags.,2,Noticeable impact but daily life continues with adjustments.,flood
sevlab-03598,Catastrophic cyclone devastation in Sultanganj; collapsed buildings; submerged streets; rescue teams evacuating residents; children sitting on a raised platform.,5,Extreme danger to life; highest-priority rescue operation.,cyclone
sevlab-03599,Light rainwater puddles on a residential lane in Liluah; people walking normally with umbrellas; no disruption visible.,1,"Mild conditions; situation under control, no urgent action needed.",flood
sevlab-03600,Ankle-deep waterlogging on a main road in Aminabad; two-wheelers moving slowly; people carrying belongings on their heads.,2,Ankle-deep water slowing movement; manageable with precautions.,flood
sevlab-03601,Destructive winds battering Sabour; collapsed boundary walls; streets flooded.,4,Deep water across residential areas; critical rescue situation.,cyclone
sevlab-03602,Chest-high water rising in a riverside ghat in Golghar; residents stranded on rooftops; submerged hand-pumps and shops.,4,Waist-deep water entering homes; residents stranded; urgent rescue needed.,flood
sevlab-03603,Heavy rain and gusty winds in Anna Nagar; tin roofs rattling; volunteers distributing water bottles.,2,Ankle-deep water slowing movement; manageable with precautions.,cyclone
sevlab-03604,Severe flooding in Kadwa; entire bus stand underwater; families on rooftops; an elderly couple watching from a balcony.,5,Life-threatening flooding with people stranded; immediate mass rescue required.,flood
sevlab-03605,Damp highway stretch in Naugachia after a shower; normal traffic; shops open.,1,"Mild conditions; situation under control, no urgent action needed.",flood
sevlab-03606,Light rainwater puddles on a main road in Kadwa; people walking normally with umbrellas; no disruption visible.,1,Light impact visible; monitoring is sufficient for now.,flood
sevlab-03607,Light rainwater puddles on a village street in Bodh Gaya; people walking normally with umbrellas; no disruption visible.,1,Light impact visible; monitoring is sufficient for now.,flood
sevlab-03608,Severe cyclone landfall near Adyar; uprooted trees and electric poles; houses with roofs torn off; a stranded auto-rickshaw half submerged.,4,Severe flooding with people trapped; immediate evacuation required.,cyclone
sevlab-03609,Knee-deep floodwater covering a low-lying colony in Salt Lake; residents wading with belongings; a stranded auto-rickshaw half submerged.,3,Water entering ground floors; relief assistance likely needed soon.,flood
sevlab-03610,Heavy rain and gusty winds in Pupri; tin roofs rattling; a dog swimming across the lane.,2,Noticeable impact but daily life continues with adjustments.,cyclone
sevlab-03611,Chest-deep fast-flowing floodwater across Mithapur; houses partially submerged with only roofs visible; people stranded on rooftops waving for help; people carrying belongings on their heads.,5,Catastrophic conditions; large-scale emergency response needed.,flood
sevlab-03612,Chest-high water rising in a highway stretch in Manpur; residents stranded on rooftops; an elderly couple watching from a balcony.,4,Deep water across residential areas; critical rescue situation.,flood
sevlab-03613,Bright harsh sunlight over a bus stand in Benipur; normal crowd with sun protection.,1,"Mild conditions; situation under control, no urgent action needed.",heatwave
sevlab-03614,Knee-to-thigh deep water in a village street in Gomti Nagar; ground floors flooded; people moving to upper floors.,3,Knee-deep water affecting homes and movement; vulnerable people at risk.,flood
sevlab-03615,Damp low-lying colony in Salt Lake after a shower; normal traffic; shops open.,1,Minor waterlogging with no disruption to people or property.,flood
sevlab-03616,Ankle-deep waterlogging on a main road in Lalganj; two-wheelers moving slowly; people carrying belongings on their heads.,2,Ankle-deep water slowing movement; manageable with precautions.,flood
sevlab-03617,Damp bus stand in Chandmari after a shower; normal traffic; shops open.,1,Light impact visible; monitoring is sufficient for now.,flood
sevlab-03618,Knee-to-thigh deep water in a highway stretch in Golghar; ground floors flooded; people moving to upper floors.,3,Water entering ground floors; relief assistance likely needed soon.,flood
sevlab-03619,Heavy rain and gusty winds in Bahadurpur; tin roofs rattling; a stranded auto-rickshaw half submerged.,2,Noticeable impact but daily life continues with adjustments.,cyclone
sevlab-03620,Chest-deep fast-flowing floodwater across Uluberia; houses partially submerged with only roofs visible; people stranded on rooftops waving for help; a stranded auto-rickshaw half submerged.,5,Catastrophic conditions; large-scale emergency response needed.,flood
sevlab-03621,Chest-high water rising in a low-lying colony in Naliapool; residents stranded on rooftops; children sitting on a raised platform.,4,Waist-deep water entering homes; residents stranded; urgent rescue needed.,flood
sevlab-03622,Very hot midday on a village street in Salt Lake; shutters half-down; a dog swimming across the lane.,2,Ankle-deep water slowing movement; manageable with precautions.,heatwave
sevlab-03623,Catastrophic cyclone devastation in Sahjanwa; collapsed buildings; submerged streets; rescue teams evacuating residents; power lines hanging low over the water.,5,Extreme danger to life; highest-priority rescue operation.,cyclone
sevlab-03624,Knee-to-thigh deep water in a market road in Bally; ground floors flooded; people moving to upper floors.,3,Water entering ground floors; relief assistance likely needed soon.,flood
sevlab-03625,Heavy rain and gusty winds in Keoti; tin roofs rattling; a stranded auto-rickshaw half submerged.,2,Ankle-deep water slowing movement; manageable with precautions.,cyclone
sevlab-03626,Scorching heat in Kushmi market; vendors covering stalls with wet cloth; people drinking water frequently.,2,Noticeable impact but daily life continues with adjustments.,heatwave
sevlab-03627,Ankle-deep waterlogging on a main road in Sursand; two-wheelers moving slowly; people carrying belongings on their heads.,2,Ankle-deep water slowing movement; manageable with precautions.,flood
sevlab-03628,Light rainwater puddles on a main road in Delang; people walking normally with umbrellas; no disruption visible.,1,Light impact visible; monitoring is sufficient for now.,flood
sevlab-03629,Damp school compound in Salt Lake after a shower; normal traffic; shops open.,1,Minor waterlogging with no disruption to people or property.,flood
sevlab-03630,Shin-deep rainwater on a school compound in Bidupur; pedestrians wading carefully; shops placing sandbags.,2,Noticeable impact but daily life continues with adjustments.,flood
sevlab-03631,Massive storm surge flooding Pandeypur; boats washed onto roads; an elderly couple watching from a balcony.,5,Catastrophic conditions; large-scale emergency response needed.,cyclone
sevlab-03632,Damp riverside ghat in Aminabad after a shower; normal traffic; shops open.,1,Light impact visible; monitoring is sufficient for now.,flood
sevlab-03633,Overcast sky with strong winds in Bidupur; trees swaying; fishermen securing boats.,1,Minor waterlogging with no disruption to people or property.,cyclone
sevlab-03634,Ankle-deep waterlogging on a residential lane in Rupauli; two-wheelers moving slowly; submerged hand-pumps and shops.,2,Noticeable impact but daily life continues with adjustments.,flood
sevlab-03635,Knee-to-thigh deep water in a residential lane in Lalganj; ground floors flooded; people moving to upper floors.,3,Knee-deep water affecting homes and movement; vulnerable people at risk.,flood
sevlab-03636,Hot sunny afternoon in Rupauli; people using umbrellas; streets active.,1,"Mild conditions; situation under control, no urgent action needed.",heatwave
sevlab-03637,Shin-deep rainwater on a main road in Maligaon; pedestrians wading carefully; shops placing sandbags.,2,Ankle-deep water slowing movement; manageable with precautions.,flood
sevlab-03638,Waist-deep brown floodwater submerging a main road in Rosera; water entering ground-floor homes; a rescue boat visible in the distance.,4,Severe flooding with people trapped; immediate evacuation required.,flood
sevlab-03639,Damp main road in Pandeypur after a shower; normal traffic; shops open.,1,Light impact visible; monitoring is sufficient for now.,flood
sevlab-03640,Light rainwater puddles on a market road in Jale; people walking normally with umbrellas; no disruption visible.,1,Minor waterlogging with no disruption to people or property.,flood
sevlab-03641,Shin-deep rainwater on a residential lane in Mithapur; pedestrians wading carefully; shops placing sandbags.,2,Ankle-deep water slowing movement; manageable with precautions.,flood
sevlab-03642,Waist-deep brown floodwater submerging a school compound in Boiragimoth; water entering ground-floor homes; an elderly couple watching from a balcony.,4,Severe flooding with people trapped; immediate evacuation required.,flood
sevlab-03643,Knee-deep floodwater covering a school compound in Banmankhi; residents wading with belongings; submerged hand-pumps and shops.,3,Knee-deep water affecting homes and movement; vulnerable people at risk.,flood
sevlab-03644,Knee-to-thigh deep water in a main road in Kasba; ground floors flooded; people moving to upper floors.,3,Water entering ground floors; relief assistance likely needed soon.,flood
sevlab-03645,Extreme heat emergency in Liluah; multiple people fainted on the street; ambulance present; volunteers distributing water bottles.,5,Catastrophic conditions; large-scale emergency response needed.,heatwave
sevlab-03646,Massive storm surge flooding Pusa; boats washed onto roads; floating debris and household items.,5,Catastrophic conditions; large-scale emergency response needed.,cyclone
sevlab-03647,Shin-deep rainwater on a riverside ghat in Mahnar; pedestrians wading carefully; shops placing sandbags.,2,Moderate disruption; vulnerable people should take care.,flood
sevlab-03648,Dark clouds gathering over Rosera; rough sea; people moving indoors.,1,"Mild conditions; situation under control, no urgent action needed.",cyclone
sevlab-03649,Knee-to-thigh deep water in a main road in Dum Dum; ground floors flooded; people moving to upper floors.,3,Water entering ground floors; relief assistance likely needed soon.,flood
sevlab-03650,Light rainwater puddles on a bus stand in Golghar; people walking normally with umbrellas; no disruption visible.,1,Minor waterlogging with no disruption to people or property.,flood
sevlab-03651,Extreme heat emergency in Bahadurpur; multiple people fainted on the street; ambulance present; a rescue boat visible in the distance.,5,Catastrophic conditions; large-scale emergency response needed.,heatwave
sevlab-03652,Strong winds bending trees on a school compound in Ganeshguri; rain lashing sideways.,2,Ankle-deep water slowing movement; manageable with precautions.,cyclone
sevlab-03653,Knee-to-thigh deep water in a school compound in Velachery; ground floors flooded; people moving to upper floors.,3,Significant flooding; evacuation of low-lying homes advised.,flood
sevlab-03654,Shin-deep rainwater on a railway underpass in Sultanganj; pedestrians wading carefully; shops placing sandbags.,2,Ankle-deep water slowing movement; manageable with precautions.,flood
sevlab-03655,Ankle-deep waterlogging on a bus stand in Dumra; two-wheelers moving slowly; a rescue boat visible in the distance.,2,Ankle-deep water slowing movement; manageable with precautions.,flood
sevlab-03656,Chest-deep fast-flowing floodwater across Sahjanwa; houses partially submerged with only roofs visible; people stranded on rooftops waving for help; volunteers distributing water bottles.,5,Extreme danger to life; highest-priority rescue operation.,flood
sevlab-03657,Severe flooding in Mushahari; entire bus stand underwater; families on rooftops; a stranded auto-rickshaw half submerged.,5,Catastrophic conditions; large-scale emergency response needed.,flood
sevlab-03658,Shin-deep rainwater on a railway underpass in Motihari Road; pedestrians wading carefully; shops placing sandbags.,2,Noticeable impact but daily life continues with adjustments.,flood
sevlab-03659,Waist-deep brown floodwater submerging a riverside ghat in Talabania; water entering ground-floor homes; people carrying belongings on their heads.,4,Deep water across residential areas; critical rescue situation.,flood
sevlab-03660,Chest-high water rising in a main road in Pranpur; residents stranded on rooftops; submerged hand-pumps and shops.,4,Severe flooding with people trapped; immediate evacuation required.,flood
sevlab-03661,Cyclonic storm hitting Naliapool; fallen trees blocking the road; damaged shop signboards; a rescue boat visible in the distance.,3,Significant flooding; evacuation of low-lying homes advised.,cyclone
sevlab-03662,Damp school compound in Dum Dum after a shower; normal traffic; shops open.,1,Light impact visible; monitoring is sufficient for now.,flood
sevlab-03663,Knee-to-thigh deep water in a highway stretch in Behala; ground floors flooded; people moving to upper floors.,3,Water entering ground floors; relief assistance likely needed soon.,flood
sevlab-03664,Shin-deep rainwater on a riverside ghat in Tilkamanjhi; pedestrians wading carefully; shops placing sandbags.,2,Noticeable impact but daily life continues with adjustments.,flood
sevlab-03665,Very hot midday on a bus stand in Sahebganj; shutters half-down; volunteers distributing water bottles.,2,Moderate disruption; vulnerable people should take care.,heatwave
sevlab-03666,Damp low-lying colony in Sealdah after a shower; normal traffic; shops open.,1,"Mild conditions; situation under control, no urgent action needed.",flood
sevlab-03667,Chest-high water rising in a railway underpass in Banmankhi; residents stranded on rooftops; children sitting on a raised platform.,4,Deep water across residential areas; critical rescue situation.,flood
sevlab-03668,Heavy rain and gusty winds in Motihari Road; tin roofs rattling; children sitting on a raised platform.,2,Ankle-deep water slowing movement; manageable with precautions.,cyclone
sevlab-03669,Very hot midday on a highway stretch in Pipraich; shutters half-down; power lines hanging low over the water.,2,Noticeable impact but daily life continues with adjustments.,heatwave
sevlab-03670,Strong winds bending trees on a school compound in Manpur; rain lashing sideways.,2,Moderate disruption; vulnerable people should take care.,cyclone
sevlab-03671,Dark clouds gathering over Anna Nagar; rough sea; people moving indoors.,1,"Mild conditions; situation under control, no urgent action needed.",cyclone
sevlab-03672,Chest-deep fast-flowing floodwater across Chakratirtha; houses partially submerged with only roofs visible; people stranded on rooftops waving for help; an elderly couple watching from a balcony.,5,Extreme danger to life; highest-priority rescue operation.,flood
sevlab-03673,Knee-to-thigh deep water in a bus stand in Baruraj; ground floors flooded; people moving to upper floors.,3,Water entering ground floors; relief assistance likely needed soon.,flood
sevlab-03674,Massive storm surge flooding Belsand; boats washed onto roads; volunteers distributing water bottles.,5,Catastrophic conditions; large-scale emergency response needed.,cyclone
sevlab-03675,Chest-deep fast-flowing floodwater across Patrakar Nagar; houses partially submerged with only roofs visible; people stranded on rooftops waving for help; a stranded auto-rickshaw half submerged.,5,Life-threatening flooding with people stranded; immediate mass rescue required.,flood
sevlab-03676,Heavy rain and gusty winds in Sultanganj; tin roofs rattling; a dog swimming across the lane.,2,Ankle-deep water slowing movement; manageable with precautions.,cyclone
sevlab-03677,Shin-deep rainwater on a village street in Porur; pedestrians wading carefully; shops placing sandbags.,2,Moderate disruption; vulnerable people should take care.,flood
sevlab-03678,Ankle-deep waterlogging on a bus stand in Beltola; two-wheelers moving slowly; children sitting on a raised platform.,2,Moderate disruption; vulnerable people should take care.,flood
sevlab-03679,Chest-high water rising in a school compound in Chandmari; residents stranded on rooftops; submerged hand-pumps and shops.,4,Severe flooding with people trapped; immediate evacuation required.,flood
sevlab-03680,Ankle-deep waterlogging on a village street in Dalsinghsarai; two-wheelers moving slowly; a stranded auto-rickshaw half submerged.,2,Ankle-deep water slowing movement; manageable with precautions.,flood
sevlab-03681,Shin-deep rainwater on a riverside ghat in Pupri; pedestrians wading carefully; shops placing sandbags.,2,Ankle-deep water slowing movement; manageable with precautions.,flood
sevlab-03682,Severe cyclone landfall near Dhamdaha; uprooted trees and electric poles; houses with roofs torn off; submerged hand-pumps and shops.,4,Waist-deep water entering homes; residents stranded; urgent rescue needed.,cyclone
sevlab-03683,Cyclonic storm hitting Howrah Bridge; fallen trees blocking the road; damaged shop signboards; an elderly couple watching from a balcony.,3,Knee-deep water affecting homes and movement; vulnerable people at risk.,cyclone
sevlab-03684,Light rainwater puddles on a railway underpass in Pranpur; people walking normally with umbrellas; no disruption visible.,1,Minor waterlogging with no disruption to people or property.,flood
sevlab-03685,Light rainwater puddles on a main road in Sursand; people walking normally with umbrellas; no disruption visible.,1,Minor waterlogging with no disruption to people or property.,flood
sevlab-03686,Ankle-deep waterlogging on a highway stretch in Laheriasarai; two-wheelers moving slowly; power lines hanging low over the water.,2,Noticeable impact but daily life continues with adjustments.,flood
sevlab-03687,Strong winds bending trees on a village street in Kahalgaon; rain lashing sideways.,2,Moderate disruption; vulnerable people should take care.,cyclone
sevlab-03688,Damp school compound in Mahnar after a shower; normal traffic; shops open.,1,Minor waterlogging with no disruption to people or property.,flood
sevlab-03689,Chest-deep fast-flowing floodwater across Porur; houses partially submerged with only roofs visible; people stranded on rooftops waving for help; floating debris and household items.,5,Catastrophic conditions; large-scale emergency response needed.,flood
sevlab-03690,Heavy rain and gusty winds in Raghopur; tin roofs rattling; floating debris and household items.,2,Noticeable impact but daily life continues with adjustments.,cyclone
sevlab-03691,Intense heatwave in Mushahari; nearly empty streets at noon; a man resting in shade showing heat exhaustion; floating debris and household items.,3,Significant flooding; evacuation of low-lying homes advised.,heatwave
sevlab-03692,Severe heatwave in Beltola; elderly person collapsed near a bus stop; bystanders giving water; a rescue boat visible in the distance.,4,Waist-deep water entering homes; residents stranded; urgent rescue needed.,heatwave
sevlab-03693,Severe cyclone landfall near Belaganj; uprooted trees and electric poles; houses with roofs torn off; volunteers distributing water bottles.,4,Severe flooding with people trapped; immediate evacuation required.,cyclone
sevlab-03694,Massive storm surge flooding Banmankhi; boats washed onto roads; a stranded auto-rickshaw half submerged.,5,Catastrophic conditions; large-scale emergency response needed.,cyclone
sevlab-03695,Overcast sky with strong winds in Sealdah; trees swaying; fishermen securing boats.,1,Light impact visible; monitoring is sufficient for now.,cyclone
sevlab-03696,Knee-to-thigh deep water in a main road in Kanti; ground floors flooded; people moving to upper floors.,3,Knee-deep water affecting homes and movement; vulnerable people at risk.,flood
sevlab-03697,Deadly heatwave in T Nagar; hospital entrance crowded; shops shuttered in peak afternoon.,5,Life-threatening flooding with people stranded; immediate mass rescue required.,heatwave
sevlab-03698,Light rainwater puddles on a low-lying colony in Naliapool; people walking normally with umbrellas; no disruption visible.,1,Minor waterlogging with no disruption to people or property.,flood
sevlab-03699,Knee-deep floodwater covering a bus stand in Dalsinghsarai; residents wading with belongings; people carrying belongings on their heads.,3,Water entering ground floors; relief assistance likely needed soon.,flood
sevlab-03700,Ankle-deep waterlogging on a railway underpass in Kushmi; two-wheelers moving slowly; floating debris and household items.,2,Ankle-deep water slowing movement; manageable with precautions.,flood
sevlab-03701,Heavy rain and gusty winds in Kushmi; tin roofs rattling; a dog swimming across the lane.,2,Noticeable impact but daily life continues with adjustments.,cyclone
sevlab-03702,Shin-deep rainwater on a market road in Sahjanwa; pedestrians wading carefully; shops placing sandbags.,2,Noticeable impact but daily life continues with adjustments.,flood
sevlab-03703,Damp market road in Bodh Gaya after a shower; normal traffic; shops open.,1,Light impact visible; monitoring is sufficient for now.,flood
sevlab-03704,Light rainwater puddles on a highway stretch in Mushahari; people walking normally with umbrellas; no disruption visible.,1,Minor waterlogging with no disruption to people or property.,flood
sevlab-03705,Light rainwater puddles on a main road in Sabour; people walking normally with umbrellas; no disruption visible.,1,Light impact visible; monitoring is sufficient for now.,flood
sevlab-03706,Very hot midday on a railway underpass in Bairgania; shutters half-down; power lines hanging low over the water.,2,Noticeable impact but daily life continues with adjustments.,heatwave
sevlab-03707,Bright harsh sunlight over a residential lane in Dhamdaha; normal crowd with sun protection.,1,"Mild conditions; situation under control, no urgent action needed.",heatwave
sevlab-03708,Shin-deep rainwater on a bus stand in Howrah Bridge; pedestrians wading carefully; shops placing sandbags.,2,Ankle-deep water slowing movement; manageable with precautions.,flood
sevlab-03709,Very hot midday on a market road in Lalganj; shutters half-down; a stranded auto-rickshaw half submerged.,2,Moderate disruption; vulnerable people should take care.,heatwave
sevlab-03710,Bright harsh sunlight over a market road in Uluberia; normal crowd with sun protection.,1,Minor waterlogging with no disruption to people or property.,heatwave
sevlab-03711,Knee-deep floodwater covering a highway stretch in Manewada; residents wading with belongings; volunteers distributing water bottles.,3,Significant flooding; evacuation of low-lying homes advised.,flood
sevlab-03712,Chest-high water rising in a main road in Maligaon; residents stranded on rooftops; an elderly couple watching from a balcony.,4,Severe flooding with people trapped; immediate evacuation required.,flood
sevlab-03713,Severe flooding in Sherghati; entire highway stretch underwater; families on rooftops; volunteers distributing water bottles.,5,Extreme danger to life; highest-priority rescue operation.,flood
sevlab-03714,Damp riverside ghat in Dumra after a shower; normal traffic; shops open.,1,Light impact visible; monitoring is sufficient for now.,flood
sevlab-03715,Damp village street in Dhamdaha after a shower; normal traffic; shops open.,1,Minor waterlogging with no disruption to people or property.,flood
sevlab-03716,Very hot midday on a school compound in Sultanganj; shutters half-down; submerged hand-pumps and shops.,2,Noticeable impact but daily life continues with adjustments.,heatwave
sevlab-03717,Knee-deep floodwater covering a residential lane in Benipur; residents wading with belongings; people carrying belongings on their heads.,3,Significant flooding; evacuation of low-lying homes advised.,flood
sevlab-03718,Damp riverside ghat in Liluah after a shower; normal traffic; shops open.,1,"Mild conditions; situation under control, no urgent action needed.",flood
sevlab-03719,Strong winds bending trees on a school compound in Howrah Bridge; rain lashing sideways.,2,Noticeable impact but daily life continues with adjustments.,cyclone
sevlab-03720,Knee-deep floodwater covering a highway stretch in Anna Nagar; residents wading with belongings; children sitting on a raised platform.,3,Significant flooding; evacuation of low-lying homes advised.,flood
sevlab-03721,Massive storm surge flooding Keoti; boats washed onto roads; submerged hand-pumps and shops.,5,Life-threatening flooding with people stranded; immediate mass rescue required.,cyclone
sevlab-03722,Ankle-deep waterlogging on a bus stand in Chowk; two-wheelers moving slowly; children sitting on a raised platform.,2,Moderate disruption; vulnerable people should take care.,flood
sevlab-03723,Strong winds bending trees on a residential lane in Pusa; rain lashing sideways.,2,Moderate disruption; vulnerable people should take care.,cyclone
sevlab-03724,Very hot midday on a village street in Sherghati; shutters half-down; children sitting on a raised platform.,2,Ankle-deep water slowing movement; manageable with precautions.,heatwave
sevlab-03725,Chest-deep fast-flowing floodwater across Uluberia; houses partially submerged with only roofs visible; people stranded on rooftops waving for help; volunteers distributing water bottles.,5,Extreme danger to life; highest-priority rescue operation.,flood
sevlab-03726,Damp highway stretch in Digha after a shower; normal traffic; shops open.,1,Light impact visible; monitoring is sufficient for now.,flood
sevlab-03727,Catastrophic cyclone devastation in Khanpur; collapsed buildings; submerged streets; rescue teams evacuating residents; power lines hanging low over the water.,5,Extreme danger to life; highest-priority rescue operation.,cyclone
sevlab-03728,Knee-to-thigh deep water in a school compound in Sultanganj; ground floors flooded; people moving to upper floors.,3,Water entering ground floors; relief assistance likely needed soon.,flood
sevlab-03729,Massive storm surge flooding Dumra; boats washed onto roads; volunteers distributing water bottles.,5,Catastrophic conditions; large-scale emergency response needed.,cyclone
sevlab-03730,Shin-deep rainwater on a main road in Jale; pedestrians wading carefully; shops placing sandbags.,2,Ankle-deep water slowing movement; manageable with precautions.,flood
sevlab-03731,Deadly heatwave in Pandeypur; hospital entrance crowded; shops shuttered in peak afternoon.,5,Life-threatening flooding with people stranded; immediate mass rescue required.,heatwave
sevlab-03732,Knee-deep floodwater covering a railway underpass in Motihari Road; residents wading with belongings; a stranded auto-rickshaw half submerged.,3,Significant flooding; evacuation of low-lying homes advised.,flood
sevlab-03733,Light rainwater puddles on a highway stretch in Bidupur; people walking normally with umbrellas; no disruption visible.,1,Light impact visible; monitoring is sufficient for now.,flood
sevlab-03734,Light rainwater puddles on a highway stretch in Bodh Gaya; people walking normally with umbrellas; no disruption visible.,1,Minor waterlogging with no disruption to people or property.,flood
sevlab-03735,Light rainwater puddles on a low-lying colony in Phulwari Sharif; people walking normally with umbrellas; no disruption visible.,1,Minor waterlogging with no disruption to people or property.,flood
sevlab-03736,Knee-deep floodwater covering a highway stretch in Belsand; residents wading with belongings; floating debris and household items.,3,Significant flooding; evacuation of low-lying homes advised.,flood
sevlab-03737,Severe flooding in Boiragimoth; entire riverside ghat underwater; families on rooftops; people carrying belongings on their heads.,5,Extreme danger to life; highest-priority rescue operation.,flood
sevlab-03738,Shin-deep rainwater on a residential lane in Tajpur; pedestrians wading carefully; shops placing sandbags.,2,Noticeable impact but daily life continues with adjustments.,flood
sevlab-03739,Ankle-deep waterlogging on a railway underpass in Digha; two-wheelers moving slowly; power lines hanging low over the water.,2,Moderate disruption; vulnerable people should take care.,flood
sevlab-03740,Extreme heat in Sitabuldi; thermometer reading dangerously high; streets deserted.,4,Severe flooding with people trapped; immediate evacuation required.,heatwave
sevlab-03741,Massive storm surge flooding Patrakar Nagar; boats washed onto roads; submerged hand-pumps and shops.,5,Catastrophic conditions; large-scale emergency response needed.,cyclone
sevlab-03742,Knee-to-thigh deep water in a bus stand in Sabour; ground floors flooded; people moving to upper floors.,3,Water entering ground floors; relief assistance likely needed soon.,flood
sevlab-03743,Knee-deep floodwater covering a bus stand in Chandmari; residents wading with belongings; a dog swimming across the lane.,3,Knee-deep water affecting homes and movement; vulnerable people at risk.,flood
sevlab-03744,Knee-deep floodwater covering a bus stand in Chowkidingee; residents wading with belongings; a rescue boat visible in the distance.,3,Knee-deep water affecting homes and movement; vulnerable people at risk.,flood
sevlab-03745,Severe flooding in Banmankhi; entire highway stretch underwater; families on rooftops; an elderly couple watching from a balcony.,5,Extreme danger to life; highest-priority rescue operation.,flood
sevlab-03746,Destructive winds battering Sursand; collapsed boundary walls; streets flooded.,4,Deep water across residential areas; critical rescue situation.,cyclone
sevlab-03747,Knee-deep floodwater covering a riverside ghat in Kasba; residents wading with belongings; floating debris and household items.,3,Knee-deep water affecting homes and movement; vulnerable people at risk.,flood
sevlab-03748,Catastrophic cyclone devastation in Naugachia; collapsed buildings; submerged streets; rescue teams evacuating residents; volunteers distributing water bottles.,5,Catastrophic conditions; large-scale emergency response needed.,cyclone
sevlab-03749,Knee-deep floodwater covering a school compound in Jale; residents wading with belongings; a rescue boat visible in the distance.,3,Water entering ground floors; relief assistance likely needed soon.,flood
sevlab-03750,Light rainwater puddles on a main road in Velachery; people walking normally with umbrellas; no disruption visible.,1,Light impact visible; monitoring is sufficient for now.,flood
sevlab-03751,Light rainwater puddles on a riverside ghat in Beltola; people walking normally with umbrellas; no disruption visible.,1,"Mild conditions; situation under control, no urgent action needed.",flood
sevlab-03752,Chest-high water rising in a market road in Banmankhi; residents stranded on rooftops; people carrying belongings on their heads.,4,Deep water across residential areas; critical rescue situation.,flood
sevlab-03753,Ankle-deep waterlogging on a riverside ghat in Naliapool; two-wheelers moving slowly; submerged hand-pumps and shops.,2,Noticeable impact but daily life continues with adjustments.,flood
sevlab-03754,Intense heatwave in Velachery; nearly empty streets at noon; a man resting in shade showing heat exhaustion; volunteers distributing water bottles.,3,Water entering ground floors; relief assistance likely needed soon.,heatwave
sevlab-03755,Shin-deep rainwater on a highway stretch in Chowk; pedestrians wading carefully; shops placing sandbags.,2,Moderate disruption; vulnerable people should take care.,flood
sevlab-03756,Knee-to-thigh deep water in a school compound in Talabania; ground floors flooded; people moving to upper floors.,3,Water entering ground floors; relief assistance likely needed soon.,flood
sevlab-03757,Knee-deep floodwater covering a railway underpass in Sahjanwa; residents wading with belongings; power lines hanging low over the water.,3,Water entering ground floors; relief assistance likely needed soon.,flood
sevlab-03758,Severe flooding in Sitabuldi; entire market road underwater; families on rooftops; a stranded auto-rickshaw half submerged.,5,Life-threatening flooding with people stranded; immediate mass rescue required.,flood
sevlab-03759,Light rainwater puddles on a residential lane in Dalsinghsarai; people walking normally with umbrellas; no disruption visible.,1,Light impact visible; monitoring is sufficient for now.,flood
sevlab-03760,Light rainwater puddles on a main road in Bodh Gaya; people walking normally with umbrellas; no disruption visible.,1,Minor waterlogging with no disruption to people or property.,flood
sevlab-03761,Massive storm surge flooding Hajipur; boats washed onto roads; volunteers distributing water bottles.,5,Extreme danger to life; highest-priority rescue operation.,cyclone
sevlab-03762,Chest-deep fast-flowing floodwater across Sigra; houses partially submerged with only roofs visible; people stranded on rooftops waving for help; volunteers distributing water bottles.,5,Catastrophic conditions; large-scale emergency response needed.,flood
sevlab-03763,Ankle-deep waterlogging on a residential lane in Kadwa; two-wheelers moving slowly; people carrying belongings on their heads.,2,Noticeable impact but daily life continues with adjustments.,flood
sevlab-03764,Light rainwater puddles on a low-lying colony in Gomti Nagar; people walking normally with umbrellas; no disruption visible.,1,Light impact visible; monitoring is sufficient for now.,flood
sevlab-03765,Chest-deep fast-flowing floodwater across Belsand; houses partially submerged with only roofs visible; people stranded on rooftops waving for help; submerged hand-pumps and shops.,5,Life-threatening flooding with people stranded; immediate mass rescue required.,flood
sevlab-03766,Strong winds bending trees on a highway stretch in Jale; rain lashing sideways.,2,Ankle-deep water slowing movement; manageable with precautions.,cyclone
sevlab-03767,Damp railway underpass in Mohanbari after a shower; normal traffic; shops open.,1,Minor waterlogging with no disruption to people or property.,flood
sevlab-03768,Waist-deep brown floodwater submerging a main road in Dumra; water entering ground-floor homes; floating debris and household items.,4,Severe flooding with people trapped; immediate evacuation required.,flood
sevlab-03769,Chest-high water rising in a market road in Kursela; residents stranded on rooftops; people carrying belongings on their heads.,4,Waist-deep water entering homes; residents stranded; urgent rescue needed.,flood
sevlab-03770,Knee-deep floodwater covering a market road in Shibpur; residents wading with belongings; children sitting on a raised platform.,3,Knee-deep water affecting homes and movement; vulnerable people at risk.,flood
sevlab-03771,Light rainwater puddles on a market road in Pupri; people walking normally with umbrellas; no disruption visible.,1,Minor waterlogging with no disruption to people or property.,flood
sevlab-03772,Knee-to-thigh deep water in a bus stand in Laheriasarai; ground floors flooded; people moving to upper floors.,3,Knee-deep water affecting homes and movement; vulnerable people at risk.,flood
sevlab-03773,Light rainwater puddles on a market road in Dumra; people walking normally with umbrellas; no disruption visible.,1,Light impact visible; monitoring is sufficient for now.,flood
sevlab-03774,Shin-deep rainwater on a market road in Kasba; pedestrians wading carefully; shops placing sandbags.,2,Moderate disruption; vulnerable people should take care.,flood
sevlab-03775,Cyclonic storm hitting Manihari; fallen trees blocking the road; damaged shop signboards; a dog swimming across the lane.,3,Significant flooding; evacuation of low-lying homes advised.,cyclone
sevlab-03776,Knee-to-thigh deep water in a main road in Aliganj; ground floors flooded; people moving to upper floors.,3,Significant flooding; evacuation of low-lying homes advised.,flood
sevlab-03777,Knee-to-thigh deep water in a riverside ghat in Pandeypur; ground floors flooded; people moving to upper floors.,3,Water entering ground floors; relief assistance likely needed soon.,flood
sevlab-03778,Heavy rain and gusty winds in Gomti Nagar; tin roofs rattling; people carrying belongings on their heads.,2,Moderate disruption; vulnerable people should take care.,cyclone
sevlab-03779,Cyclonic storm hitting Lalganj; fallen trees blocking the road; damaged shop signboards; a stranded auto-rickshaw half submerged.,3,Knee-deep water affecting homes and movement; vulnerable people at risk.,cyclone
sevlab-03780,Shin-deep rainwater on a riverside ghat in Kursela; pedestrians wading carefully; shops placing sandbags.,2,Moderate disruption; vulnerable people should take care.,flood
sevlab-03781,Knee-to-thigh deep water in a bus stand in Adyar; ground floors flooded; people moving to upper floors.,3,Knee-deep water affecting homes and movement; vulnerable people at risk.,flood
sevlab-03782,Ankle-deep waterlogging on a riverside ghat in Dum Dum; two-wheelers moving slowly; power lines hanging low over the water.,2,Moderate disruption; vulnerable people should take care.,flood
sevlab-03783,Destructive winds battering Gomti Nagar; collapsed boundary walls; streets flooded.,4,Waist-deep water entering homes; residents stranded; urgent rescue needed.,cyclone
sevlab-03784,Damp school compound in Velachery after a shower; normal traffic; shops open.,1,Light impact visible; monitoring is sufficient for now.,flood
sevlab-03785,Intense heatwave in Khanpur; nearly empty streets at noon; a man resting in shade showing heat exhaustion; volunteers distributing water bottles.,3,Significant flooding; evacuation of low-lying homes advised.,heatwave
sevlab-03786,Bright harsh sunlight over a main road in Lanka; normal crowd with sun protection.,1,"Mild conditions; situation under control, no urgent action needed.",heatwave
sevlab-03787,Knee-deep floodwater covering a railway underpass in Lalganj; residents wading with belongings; volunteers distributing water bottles.,3,Significant flooding; evacuation of low-lying homes advised.,flood
sevlab-03788,Knee-deep floodwater covering a village street in Bahadurpur; residents wading with belongings; a dog swimming across the lane.,3,Water entering ground floors; relief assistance likely needed soon.,flood
sevlab-03789,Damp riverside ghat in Sahjanwa after a shower; normal traffic; shops open.,1,Light impact visible; monitoring is sufficient for now.,flood
sevlab-03790,Ankle-deep waterlogging on a low-lying colony in Digha; two-wheelers moving slowly; submerged hand-pumps and shops.,2,Moderate disruption; vulnerable people should take care.,flood
sevlab-03791,Destructive winds battering Kahalgaon; collapsed boundary walls; streets flooded.,4,Waist-deep water entering homes; residents stranded; urgent rescue needed.,cyclone
sevlab-03792,Severe flooding in Indira Nagar; entire market road underwater; families on rooftops; submerged hand-pumps and shops.,5,Extreme danger to life; highest-priority rescue operation.,flood
sevlab-03793,Ankle-deep waterlogging on a highway stretch in Ramnagar; two-wheelers moving slowly; a stranded auto-rickshaw half submerged.,2,Ankle-deep water slowing movement; manageable with precautions.,flood
sevlab-03794,Deadly heatwave in Mancotta; hospital entrance crowded; shops shuttered in peak afternoon.,5,Life-threatening flooding with people stranded; immediate mass rescue required.,heatwave
sevlab-03795,Knee-deep floodwater covering a village street in Anna Nagar; residents wading with belongings; a dog swimming across the lane.,3,Knee-deep water affecting homes and movement; vulnerable people at risk.,flood
sevlab-03796,Strong winds bending trees on a bus stand in Paltan Bazaar; rain lashing sideways.,2,Noticeable impact but daily life continues with adjustments.,cyclone
sevlab-03797,Shin-deep rainwater on a low-lying colony in Anna Nagar; pedestrians wading carefully; shops placing sandbags.,2,Moderate disruption; vulnerable people should take care.,flood
sevlab-03798,Shin-deep rainwater on a bus stand in Kasba; pedestrians wading carefully; shops placing sandbags.,2,Noticeable impact but daily life continues with adjustments.,flood
sevlab-03799,Knee-to-thigh deep water in a low-lying colony in Naugachia; ground floors flooded; people moving to upper floors.,3,Significant flooding; evacuation of low-lying homes advised.,flood
sevlab-03800,Blazing heat over Boring Road; cracked dry ground; labourers resting under a tree.,3,Knee-deep water affecting homes and movement; vulnerable people at risk.,heatwave
sevlab-03801,Chest-high water rising in a residential lane in Jale; residents stranded on rooftops; an elderly couple watching from a balcony.,4,Waist-deep water entering homes; residents stranded; urgent rescue needed.,flood
sevlab-03802,Chest-high water rising in a market road in Dumra; residents stranded on rooftops; an elderly couple watching from a balcony.,4,Waist-deep water entering homes; residents stranded; urgent rescue needed.,flood
sevlab-03803,Extreme heat emergency in Banmankhi; multiple people fainted on the street; ambulance present; submerged hand-pumps and shops.,5,Life-threatening flooding with people stranded; immediate mass rescue required.,heatwave
sevlab-03804,Light rainwater puddles on a school compound in Lanka; people walking normally with umbrellas; no disruption visible.,1,"Mild conditions; situation under control, no urgent action needed.",flood
sevlab-03805,Knee-deep floodwater covering a main road in Porur; residents wading with belongings; a stranded auto-rickshaw half submerged.,3,Water entering ground floors; relief assistance likely needed soon.,flood
sevlab-03806,Severe cyclone landfall near Belaganj; uprooted trees and electric poles; houses with roofs torn off; a rescue boat visible in the distance.,4,Deep water across residential areas; critical rescue situation.,cyclone
sevlab-03807,Ankle-deep waterlogging on a village street in Rupauli; two-wheelers moving slowly; submerged hand-pumps and shops.,2,Ankle-deep water slowing movement; manageable with precautions.,flood
sevlab-03808,Severe flooding in Gomti Nagar; entire riverside ghat underwater; families on rooftops; people carrying belongings on their heads.,5,Extreme danger to life; highest-priority rescue operation.,flood
sevlab-03809,Light rainwater puddles on a riverside ghat in Lanka; people walking normally with umbrellas; no disruption visible.,1,Light impact visible; monitoring is sufficient for now.,flood
sevlab-03810,Shin-deep rainwater on a market road in Khanpur; pedestrians wading carefully; shops placing sandbags.,2,Noticeable impact but daily life continues with adjustments.,flood
sevlab-03811,Strong winds bending trees on a riverside ghat in Kasba; rain lashing sideways.,2,Noticeable impact but daily life continues with adjustments.,cyclone
sevlab-03812,Chest-high water rising in a village street in Hajipur; residents stranded on rooftops; an elderly couple watching from a balcony.,4,Severe flooding with people trapped; immediate evacuation required.,flood
sevlab-03813,Overcast sky with strong winds in Bairgania; trees swaying; fishermen securing boats.,1,Light impact visible; monitoring is sufficient for now.,cyclone
sevlab-03814,Blazing heat over Gulabbagh; cracked dry ground; labourers resting under a tree.,3,Significant flooding; evacuation of low-lying homes advised.,heatwave
sevlab-03815,Chest-high water rising in a riverside ghat in Maligaon; residents stranded on rooftops; volunteers distributing water bottles.,4,Severe flooding with people trapped; immediate evacuation required.,flood
sevlab-03816,Waist-deep brown floodwater submerging a main road in Liluah; water entering ground-floor homes; volunteers distributing water bottles.,4,Severe flooding with people trapped; immediate evacuation required.,flood
sevlab-03817,Ankle-deep waterlogging on a low-lying colony in Dhamdaha; two-wheelers moving slowly; an elderly couple watching from a balcony.,2,Moderate disruption; vulnerable people should take care.,flood
sevlab-03818,Knee-deep floodwater covering a highway stretch in Mahnar; residents wading with belongings; volunteers distributing water bottles.,3,Significant flooding; evacuation of low-lying homes advised.,flood
sevlab-03819,Shin-deep rainwater on a riverside ghat in Dumra; pedestrians wading carefully; shops placing sandbags.,2,Ankle-deep water slowing movement; manageable with precautions.,flood
sevlab-03820,Heavy rain and gusty winds in Sherghati; tin roofs rattling; a stranded auto-rickshaw half submerged.,2,Noticeable impact but daily life continues with adjustments.,cyclone
sevlab-03821,Damp main road in Manihari after a shower; normal traffic; shops open.,1,Minor waterlogging with no disruption to people or property.,flood
sevlab-03822,Strong winds bending trees on a residential lane in Rupauli; rain lashing sideways.,2,Noticeable impact but daily life continues with adjustments.,cyclone
sevlab-03823,Intense heatwave in Raghopur; nearly empty streets at noon; a man resting in shade showing heat exhaustion; submerged hand-pumps and shops.,3,Water entering ground floors; relief assistance likely needed soon.,heatwave
sevlab-03824,Dark clouds gathering over Hajipur; rough sea; people moving indoors.,1,"Mild conditions; situation under control, no urgent action needed.",cyclone
sevlab-03825,Chest-high water rising in a main road in Dumra; residents stranded on rooftops; a rescue boat visible in the distance.,4,Severe flooding with people trapped; immediate evacuation required.,flood
sevlab-03826,Extreme heat emergency in Behala; multiple people fainted on the street; ambulance present; an elderly couple watching from a balcony.,5,Life-threatening flooding with people stranded; immediate mass rescue required.,heatwave
sevlab-03827,Knee-to-thigh deep water in a school compound in Gandhi Maidan; ground floors flooded; people moving to upper floors.,3,Significant flooding; evacuation of low-lying homes advised.,flood
sevlab-03828,Knee-deep floodwater covering a market road in Sursand; residents wading with belongings; people carrying belongings on their heads.,3,Water entering ground floors; relief assistance likely needed soon.,flood
sevlab-03829,Waist-deep brown floodwater submerging a school compound in Naliapool; water entering ground-floor homes; people carrying belongings on their heads.,4,Deep water across residential areas; critical rescue situation.,flood
sevlab-03830,Damp village street in Pipraich after a shower; normal traffic; shops open.,1,Minor waterlogging with no disruption to people or property.,flood
sevlab-03831,Light rainwater puddles on a school compound in Godowlia; people walking normally with umbrellas; no disruption visible.,1,Minor waterlogging with no disruption to people or property.,flood
sevlab-03832,Cyclonic storm hitting Sherghati; fallen trees blocking the road; damaged shop signboards; submerged hand-pumps and shops.,3,Water entering ground floors; relief assistance likely needed soon.,cyclone
sevlab-03833,Shin-deep rainwater on a school compound in Sigra; pedestrians wading carefully; shops placing sandbags.,2,Moderate disruption; vulnerable people should take care.,flood
sevlab-03834,Ankle-deep waterlogging on a bus stand in Chowk; two-wheelers moving slowly; a stranded auto-rickshaw half submerged.,2,Moderate disruption; vulnerable people should take care.,flood
sevlab-03835,Damp market road in Mancotta after a shower; normal traffic; shops open.,1,"Mild conditions; situation under control, no urgent action needed.",flood
sevlab-03836,Destructive winds battering Banmankhi; collapsed boundary walls; streets flooded.,4,Severe flooding with people trapped; immediate evacuation required.,cyclone
sevlab-03837,Severe winds in Santragachi; uprooted small trees; waterlogging beginning.,3,Significant flooding; evacuation of low-lying homes advised.,cyclone
sevlab-03838,Shin-deep rainwater on a residential lane in Uluberia; pedestrians wading carefully; shops placing sandbags.,2,Ankle-deep water slowing movement; manageable with precautions.,flood
sevlab-03839,Shin-deep rainwater on a bus stand in Mohaddipur; pedestrians wading carefully; shops placing sandbags.,2,Moderate disruption; vulnerable people should take care.,flood
sevlab-03840,Waist-deep brown floodwater submerging a highway stretch in Pranpur; water entering ground-floor homes; a stranded auto-rickshaw half submerged.,4,Severe flooding with people trapped; immediate evacuation required.,flood
sevlab-03841,Damp main road in Aminabad after a shower; normal traffic; shops open.,1,Light impact visible; monitoring is sufficient for now.,flood
sevlab-03842,Severe flooding in Danapur; entire railway underpass underwater; families on rooftops; submerged hand-pumps and shops.,5,Extreme danger to life; highest-priority rescue operation.,flood
sevlab-03843,Bright harsh sunlight over a bus stand in Sea Beach Road; normal crowd with sun protection.,1,Minor waterlogging with no disruption to people or property.,heatwave
sevlab-03844,Very hot midday on a residential lane in Boring Road; shutters half-down; children sitting on a raised platform.,2,Ankle-deep water slowing movement; manageable with precautions.,heatwave
sevlab-03845,Knee-deep floodwater covering a highway stretch in Tekari; residents wading with belongings; power lines hanging low over the water.,3,Knee-deep water affecting homes and movement; vulnerable people at risk.,flood
sevlab-03846,Shin-deep rainwater on a residential lane in Sahebganj; pedestrians wading carefully; shops placing sandbags.,2,Moderate disruption; vulnerable people should take care.,flood
sevlab-03847,Hot sunny afternoon in Dum Dum; people using umbrellas; streets active.,1,Minor waterlogging with no disruption to people or property.,heatwave
sevlab-03848,Ankle-deep waterlogging on a main road in Tekari; two-wheelers moving slowly; submerged hand-pumps and shops.,2,Noticeable impact but daily life continues with adjustments.,flood
sevlab-03849,Ankle-deep waterlogging on a school compound in Gomti Nagar; two-wheelers moving slowly; power lines hanging low over the water.,2,Moderate disruption; vulnerable people should take care.,flood
sevlab-03850,Knee-to-thigh deep water in a residential lane in Bahadurpur; ground floors flooded; people moving to upper floors.,3,Knee-deep water affecting homes and movement; vulnerable people at risk.,flood
sevlab-03851,Light rainwater puddles on a riverside ghat in Pupri; people walking normally with umbrellas; no disruption visible.,1,Light impact visible; monitoring is sufficient for now.,flood
sevlab-03852,Ankle-deep waterlogging on a railway underpass in Kursela; two-wheelers moving slowly; submerged hand-pumps and shops.,2,Ankle-deep water slowing movement; manageable with precautions.,flood
sevlab-03853,Severe cyclone landfall near Chowkidingee; uprooted trees and electric poles; houses with roofs torn off; an elderly couple watching from a balcony.,4,Severe flooding with people trapped; immediate evacuation required.,cyclone
sevlab-03854,Knee-to-thigh deep water in a residential lane in Pipraich; ground floors flooded; people moving to upper floors.,3,Knee-deep water affecting homes and movement; vulnerable people at risk.,flood
sevlab-03855,Knee-deep floodwater covering a main road in Godowlia; residents wading with belongings; power lines hanging low over the water.,3,Knee-deep water affecting homes and movement; vulnerable people at risk.,flood
sevlab-03856,Ankle-deep waterlogging on a bus stand in Lalganj; two-wheelers moving slowly; volunteers distributing water bottles.,2,Noticeable impact but daily life continues with adjustments.,flood
sevlab-03857,Chest-high water rising in a low-lying colony in Hingna; residents stranded on rooftops; a rescue boat visible in the distance.,4,Severe flooding with people trapped; immediate evacuation required.,flood
sevlab-03858,Light rainwater puddles on a low-lying colony in Laheriasarai; people walking normally with umbrellas; no disruption visible.,1,"Mild conditions; situation under control, no urgent action needed.",flood
sevlab-03859,Dark clouds gathering over Patrakar Nagar; rough sea; people moving indoors.,1,"Mild conditions; situation under control, no urgent action needed.",cyclone
sevlab-03860,Ankle-deep waterlogging on a riverside ghat in Kamptee; two-wheelers moving slowly; a dog swimming across the lane.,2,Noticeable impact but daily life continues with adjustments.,flood
sevlab-03861,Severe cyclone landfall near Hingna; uprooted trees and electric poles; houses with roofs torn off; power lines hanging low over the water.,4,Deep water across residential areas; critical rescue situation.,cyclone
sevlab-03862,Shin-deep rainwater on a main road in Bairgania; pedestrians wading carefully; shops placing sandbags.,2,Noticeable impact but daily life continues with adjustments.,flood
sevlab-03863,Scorching heat in Hingna market; vendors covering stalls with wet cloth; people drinking water frequently.,2,Noticeable impact but daily life continues with adjustments.,heatwave
sevlab-03864,Strong winds bending trees on a riverside ghat in Behala; rain lashing sideways.,2,Moderate disruption; vulnerable people should take care.,cyclone
sevlab-03865,Light rainwater puddles on a market road in Pipraich; people walking normally with umbrellas; no disruption visible.,1,Light impact visible; monitoring is sufficient for now.,flood
sevlab-03866,Chest-high water rising in a school compound in Maligaon; residents stranded on rooftops; a dog swimming across the lane.,4,Severe flooding with people trapped; immediate evacuation required.,flood
sevlab-03867,Light rainwater puddles on a main road in Hingna; people walking normally with umbrellas; no disruption visible.,1,"Mild conditions; situation under control, no urgent action needed.",flood
sevlab-03868,Ankle-deep waterlogging on a bus stand in Indira Nagar; two-wheelers moving slowly; a dog swimming across the lane.,2,Moderate disruption; vulnerable people should take care.,flood
sevlab-03869,Waist-deep brown floodwater submerging a railway underpass in Sealdah; water entering ground-floor homes; volunteers distributing water bottles.,4,Severe flooding with people trapped; immediate evacuation required.,flood
sevlab-03870,Knee-deep floodwater covering a railway underpass in Gandhi Maidan; residents wading with belongings; power lines hanging low over the water.,3,Water entering ground floors; relief assistance likely needed soon.,flood
sevlab-03871,Cyclonic storm hitting Delang; fallen trees blocking the road; damaged shop signboards; a rescue boat visible in the distance.,3,Knee-deep water affecting homes and movement; vulnerable people at risk.,cyclone
sevlab-03872,Knee-to-thigh deep water in a school compound in Porur; ground floors flooded; people moving to upper floors.,3,Water entering ground floors; relief assistance likely needed soon.,flood
sevlab-03873,Waist-deep brown floodwater submerging a riverside ghat in Indira Nagar; water entering ground-floor homes; a dog swimming across the lane.,4,Severe flooding with people trapped; immediate evacuation required.,flood
sevlab-03874,Severe flooding in Godowlia; entire market road underwater; families on rooftops; submerged hand-pumps and shops.,5,Life-threatening flooding with people stranded; immediate mass rescue required.,flood
sevlab-03875,Intense heatwave in Rosera; nearly empty streets at noon; a man resting in shade showing heat exhaustion; a dog swimming across the lane.,3,Significant flooding; evacuation of low-lying homes advised.,heatwave
sevlab-03876,Chest-high water rising in a riverside ghat in Kadwa; residents stranded on rooftops; children sitting on a raised platform.,4,Deep water across residential areas; critical rescue situation.,flood
sevlab-03877,Very hot midday on a highway stretch in Manpur; shutters half-down; submerged hand-pumps and shops.,2,Ankle-deep water slowing movement; manageable with precautions.,heatwave
sevlab-03878,Very hot midday on a riverside ghat in Dharampeth; shutters half-down; a stranded auto-rickshaw half submerged.,2,Moderate disruption; vulnerable people should take care.,heatwave
sevlab-03879,Damp main road in Tajpur after a shower; normal traffic; shops open.,1,"Mild conditions; situation under control, no urgent action needed.",flood
sevlab-03880,Strong winds bending trees on a railway underpass in Behala; rain lashing sideways.,2,Ankle-deep water slowing movement; manageable with precautions.,cyclone
sevlab-03881,Very hot midday on a village street in T Nagar; shutters half-down; volunteers distributing water bottles.,2,Noticeable impact but daily life continues with adjustments.,heatwave
sevlab-03882,Chest-high water rising in a highway stretch in Kursela; residents stranded on rooftops; children sitting on a raised platform.,4,Deep water across residential areas; critical rescue situation.,flood
sevlab-03883,Strong winds bending trees on a school compound in Uluberia; rain lashing sideways.,2,Noticeable impact but daily life continues with adjustments.,cyclone
sevlab-03884,Light rainwater puddles on a village street in Beltola; people walking normally with umbrellas; no disruption visible.,1,"Mild conditions; situation under control, no urgent action needed.",flood
sevlab-03885,Shin-deep rainwater on a highway stretch in Rosera; pedestrians wading carefully; shops placing sandbags.,2,Moderate disruption; vulnerable people should take care.,flood
sevlab-03886,Knee-deep floodwater covering a bus stand in Tajpur; residents wading with belongings; children sitting on a raised platform.,3,Water entering ground floors; relief assistance likely needed soon.,flood
sevlab-03887,Very hot midday on a highway stretch in Kankarbagh; shutters half-down; floating debris and household items.,2,Ankle-deep water slowing movement; manageable with precautions.,heatwave
sevlab-03888,Heavy rain and gusty winds in Godowlia; tin roofs rattling; children sitting on a raised platform.,2,Ankle-deep water slowing movement; manageable with precautions.,cyclone
sevlab-03889,Damp bus stand in Anna Nagar after a shower; normal traffic; shops open.,1,Light impact visible; monitoring is sufficient for now.,flood
sevlab-03890,Severe winds in Patrakar Nagar; uprooted small trees; waterlogging beginning.,3,Water entering ground floors; relief assistance likely needed soon.,cyclone
sevlab-03891,Severe winds in Sahjanwa; uprooted small trees; waterlogging beginning.,3,Knee-deep water affecting homes and movement; vulnerable people at risk.,cyclone
sevlab-03892,Shin-deep rainwater on a school compound in Keoti; pedestrians wading carefully; shops placing sandbags.,2,Ankle-deep water slowing movement; manageable with precautions.,flood
sevlab-03893,Knee-deep floodwater covering a residential lane in Adyar; residents wading with belongings; floating debris and household items.,3,Water entering ground floors; relief assistance likely needed soon.,flood
sevlab-03894,Knee-deep floodwater covering a bus stand in Khanpur; residents wading with belongings; a dog swimming across the lane.,3,Knee-deep water affecting homes and movement; vulnerable people at risk.,flood
sevlab-03895,Chest-high water rising in a village street in Beltola; residents stranded on rooftops; a stranded auto-rickshaw half submerged.,4,Severe flooding with people trapped; immediate evacuation required.,flood
sevlab-03896,Knee-to-thigh deep water in a village street in Indira Nagar; ground floors flooded; people moving to upper floors.,3,Knee-deep water affecting homes and movement; vulnerable people at risk.,flood
sevlab-03897,Massive storm surge flooding Godowlia; boats washed onto roads; people carrying belongings on their heads.,5,Life-threatening flooding with people stranded; immediate mass rescue required.,cyclone
sevlab-03898,Shin-deep rainwater on a low-lying colony in Laheriasarai; pedestrians wading carefully; shops placing sandbags.,2,Ankle-deep water slowing movement; manageable with precautions.,flood
sevlab-03899,Ankle-deep waterlogging on a main road in Raghopur; two-wheelers moving slowly; people carrying belongings on their heads.,2,Ankle-deep water slowing movement; manageable with precautions.,flood
sevlab-03900,Intense heatwave in Velachery; nearly empty streets at noon; a man resting in shade showing heat exhaustion; people carrying belongings on their heads.,3,Water entering ground floors; relief assistance likely needed soon.,heatwave
sevlab-03901,Cyclonic storm hitting Velachery; fallen trees blocking the road; damaged shop signboards; volunteers distributing water bottles.,3,Significant flooding; evacuation of low-lying homes advised.,cyclone
sevlab-03902,Chest-high water rising in a main road in Bairgania; residents stranded on rooftops; power lines hanging low over the water.,4,Deep water across residential areas; critical rescue situation.,flood
sevlab-03903,Deadly heatwave in Salt Lake; hospital entrance crowded; shops shuttered in peak afternoon.,5,Life-threatening flooding with people stranded; immediate mass rescue required.,heatwave
sevlab-03904,Ankle-deep waterlogging on a bus stand in Phulwari Sharif; two-wheelers moving slowly; floating debris and household items.,2,Noticeable impact but daily life continues with adjustments.,flood
sevlab-03905,Knee-deep floodwater covering a railway underpass in Gomti Nagar; residents wading with belongings; a rescue boat visible in the distance.,3,Water entering ground floors; relief assistance likely needed soon.,flood
sevlab-03906,Shin-deep rainwater on a low-lying colony in Bidupur; pedestrians wading carefully; shops placing sandbags.,2,Noticeable impact but daily life continues with adjustments.,flood
sevlab-03907,Heavy rain and gusty winds in Talabania; tin roofs rattling; power lines hanging low over the water.,2,Noticeable impact but daily life continues with adjustments.,cyclone
sevlab-03908,Damp riverside ghat in Mohanbari after a shower; normal traffic; shops open.,1,Light impact visible; monitoring is sufficient for now.,flood
sevlab-03909,Intense heatwave in Benipur; nearly empty streets at noon; a man resting in shade showing heat exhaustion; a rescue boat visible in the distance.,3,Water entering ground floors; relief assistance likely needed soon.,heatwave
sevlab-03910,Very hot midday on a residential lane in Mohaddipur; shutters half-down; power lines hanging low over the water.,2,Moderate disruption; vulnerable people should take care.,heatwave
sevlab-03911,Blazing heat over Pipraich; cracked dry ground; labourers resting under a tree.,3,Significant flooding; evacuation of low-lying homes advised.,heatwave
sevlab-03912,Damp village street in Motihari Road after a shower; normal traffic; shops open.,1,Minor waterlogging with no disruption to people or property.,flood
sevlab-03913,Very hot midday on a main road in Maligaon; shutters half-down; a dog swimming across the lane.,2,Noticeable impact but daily life continues with adjustments.,heatwave
sevlab-03914,Shin-deep rainwater on a low-lying colony in Rosera; pedestrians wading carefully; shops placing sandbags.,2,Ankle-deep water slowing movement; manageable with precautions.,flood
sevlab-03915,Knee-deep floodwater covering a school compound in Chowkidingee; residents wading with belongings; a stranded auto-rickshaw half submerged.,3,Knee-deep water affecting homes and movement; vulnerable people at risk.,flood
sevlab-03916,Strong winds bending trees on a low-lying colony in Indira Nagar; rain lashing sideways.,2,Ankle-deep water slowing movement; manageable with precautions.,cyclone
sevlab-03917,Shin-deep rainwater on a village street in Golghar; pedestrians wading carefully; shops placing sandbags.,2,Noticeable impact but daily life continues with adjustments.,flood
sevlab-03918,Ankle-deep waterlogging on a village street in Sahebganj; two-wheelers moving slowly; a dog swimming across the lane.,2,Moderate disruption; vulnerable people should take care.,flood
sevlab-03919,Light rainwater puddles on a residential lane in Paltan Bazaar; people walking normally with umbrellas; no disruption visible.,1,"Mild conditions; situation under control, no urgent action needed.",flood
sevlab-03920,Ankle-deep waterlogging on a riverside ghat in Godowlia; two-wheelers moving slowly; submerged hand-pumps and shops.,2,Noticeable impact but daily life continues with adjustments.,flood
sevlab-03921,Knee-deep floodwater covering a highway stretch in Kasba; residents wading with belongings; people carrying belongings on their heads.,3,Water entering ground floors; relief assistance likely needed soon.,flood
sevlab-03922,Shin-deep rainwater on a bus stand in Tajpur; pedestrians wading carefully; shops placing sandbags.,2,Noticeable impact but daily life continues with adjustments.,flood
sevlab-03923,Severe flooding in Chowkidingee; entire main road underwater; families on rooftops; volunteers distributing water bottles.,5,Catastrophic conditions; large-scale emergency response needed.,flood
sevlab-03924,Chest-high water rising in a bus stand in Chandmari; residents stranded on rooftops; children sitting on a raised platform.,4,Severe flooding with people trapped; immediate evacuation required.,flood
sevlab-03925,Knee-deep floodwater covering a residential lane in Kahalgaon; residents wading with belongings; people carrying belongings on their heads.,3,Significant flooding; evacuation of low-lying homes advised.,flood
sevlab-03926,Waist-deep brown floodwater submerging a low-lying colony in Digha; water entering ground-floor homes; people carrying belongings on their heads.,4,Waist-deep water entering homes; residents stranded; urgent rescue needed.,flood
sevlab-03927,Overcast sky with strong winds in Rosera; trees swaying; fishermen securing boats.,1,"Mild conditions; situation under control, no urgent action needed.",cyclone
sevlab-03928,Shin-deep rainwater on a village street in Mancotta; pedestrians wading carefully; shops placing sandbags.,2,Moderate disruption; vulnerable people should take care.,flood
sevlab-03929,Severe flooding in Rupauli; entire main road underwater; families on rooftops; an elderly couple watching from a balcony.,5,Extreme danger to life; highest-priority rescue operation.,flood
sevlab-03930,Light rainwater puddles on a residential lane in Kadwa; people walking normally with umbrellas; no disruption visible.,1,Light impact visible; monitoring is sufficient for now.,flood
sevlab-03931,Hot sunny afternoon in Maligaon; people using umbrellas; streets active.,1,"Mild conditions; situation under control, no urgent action needed.",heatwave
sevlab-03932,Knee-deep floodwater covering a village street in Manewada; residents wading with belongings; a dog swimming across the lane.,3,Water entering ground floors; relief assistance likely needed soon.,flood
sevlab-03933,Chest-high water rising in a village street in Patrakar Nagar; residents stranded on rooftops; a stranded auto-rickshaw half submerged.,4,Deep water across residential areas; critical rescue situation.,flood
sevlab-03934,Ankle-deep waterlogging on a school compound in Pipraich; two-wheelers moving slowly; people carrying belongings on their heads.,2,Moderate disruption; vulnerable people should take care.,flood
sevlab-03935,Light rainwater puddles on a main road in Kushmi; people walking normally with umbrellas; no disruption visible.,1,Minor waterlogging with no disruption to people or property.,flood
sevlab-03936,Severe flooding in Howrah Bridge; entire railway underpass underwater; families on rooftops; volunteers distributing water bottles.,5,Life-threatening flooding with people stranded; immediate mass rescue required.,flood
sevlab-03937,Damp main road in Shibpur after a shower; normal traffic; shops open.,1,Light impact visible; monitoring is sufficient for now.,flood
sevlab-03938,Severe cyclone landfall near Mushahari; uprooted trees and electric poles; houses with roofs torn off; a stranded auto-rickshaw half submerged.,4,Deep water across residential areas; critical rescue situation.,cyclone
sevlab-03939,Cyclonic storm hitting Sabour; fallen trees blocking the road; damaged shop signboards; an elderly couple watching from a balcony.,3,Significant flooding; evacuation of low-lying homes advised.,cyclone
sevlab-03940,Knee-deep floodwater covering a bus stand in Anna Nagar; residents wading with belongings; submerged hand-pumps and shops.,3,Significant flooding; evacuation of low-lying homes advised.,flood
sevlab-03941,Strong winds bending trees on a village street in Dum Dum; rain lashing sideways.,2,Ankle-deep water slowing movement; manageable with precautions.,cyclone
sevlab-03942,Ankle-deep waterlogging on a residential lane in Pusa; two-wheelers moving slowly; children sitting on a raised platform.,2,Ankle-deep water slowing movement; manageable with precautions.,flood
sevlab-03943,Overcast sky with strong winds in Maligaon; trees swaying; fishermen securing boats.,1,Light impact visible; monitoring is sufficient for now.,cyclone
sevlab-03944,Overcast sky with strong winds in Jale; trees swaying; fishermen securing boats.,1,Light impact visible; monitoring is sufficient for now.,cyclone
sevlab-03945,Massive storm surge flooding Gandhi Maidan; boats washed onto roads; a rescue boat visible in the distance.,5,Extreme danger to life; highest-priority rescue operation.,cyclone
sevlab-03946,Knee-to-thigh deep water in a railway underpass in Tekari; ground floors flooded; people moving to upper floors.,3,Water entering ground floors; relief assistance likely needed soon.,flood
sevlab-03947,Heavy rain and gusty winds in Chakratirtha; tin roofs rattling; children sitting on a raised platform.,2,Ankle-deep water slowing movement; manageable with precautions.,cyclone
sevlab-03948,Damp residential lane in Sitabuldi after a shower; normal traffic; shops open.,1,Minor waterlogging with no disruption to people or property.,flood
sevlab-03949,Damp school compound in Hajipur after a shower; normal traffic; shops open.,1,"Mild conditions; situation under control, no urgent action needed.",flood
sevlab-03950,Blazing heat over Dum Dum; cracked dry ground; labourers resting under a tree.,3,Knee-deep water affecting homes and movement; vulnerable people at risk.,heatwave
sevlab-03951,Cyclonic storm hitting Mohaddipur; fallen trees blocking the road; damaged shop signboards; people carrying belongings on their heads.,3,Significant flooding; evacuation of low-lying homes advised.,cyclone
sevlab-03952,Scorching heat in Indira Nagar market; vendors covering stalls with wet cloth; people drinking water frequently.,2,Ankle-deep water slowing movement; manageable with precautions.,heatwave
sevlab-03953,Light rainwater puddles on a village street in Gulabbagh; people walking normally with umbrellas; no disruption visible.,1,Light impact visible; monitoring is sufficient for now.,flood
sevlab-03954,Severe winds in Jale; uprooted small trees; waterlogging beginning.,3,Water entering ground floors; relief assistance likely needed soon.,cyclone
sevlab-03955,Massive storm surge flooding Kushmi; boats washed onto roads; floating debris and household items.,5,Life-threatening flooding with people stranded; immediate mass rescue required.,cyclone
sevlab-03956,Ankle-deep waterlogging on a residential lane in Manpur; two-wheelers moving slowly; people carrying belongings on their heads.,2,Moderate disruption; vulnerable people should take care.,flood
sevlab-03957,Ankle-deep waterlogging on a low-lying colony in Ashok Rajpath; two-wheelers moving slowly; volunteers distributing water bottles.,2,Moderate disruption; vulnerable people should take care.,flood
sevlab-03958,Strong winds bending trees on a school compound in Lalganj; rain lashing sideways.,2,Moderate disruption; vulnerable people should take care.,cyclone
sevlab-03959,Chest-high water rising in a bus stand in Godowlia; residents stranded on rooftops; people carrying belongings on their heads.,4,Deep water across residential areas; critical rescue situation.,flood
sevlab-03960,Ankle-deep waterlogging on a highway stretch in Sigra; two-wheelers moving slowly; power lines hanging low over the water.,2,Ankle-deep water slowing movement; manageable with precautions.,flood
sevlab-03961,Shin-deep rainwater on a residential lane in Gomti Nagar; pedestrians wading carefully; shops placing sandbags.,2,Moderate disruption; vulnerable people should take care.,flood
sevlab-03962,Severe winds in Ramnagar; uprooted small trees; waterlogging beginning.,3,Water entering ground floors; relief assistance likely needed soon.,cyclone
sevlab-03963,Severe winds in Salt Lake; uprooted small trees; waterlogging beginning.,3,Water entering ground floors; relief assistance likely needed soon.,cyclone
sevlab-03964,Knee-deep floodwater covering a market road in Godowlia; residents wading with belongings; submerged hand-pumps and shops.,3,Significant flooding; evacuation of low-lying homes advised.,flood
sevlab-03965,Ankle-deep waterlogging on a main road in Patrakar Nagar; two-wheelers moving slowly; power lines hanging low over the water.,2,Noticeable impact but daily life continues with adjustments.,flood
sevlab-03966,Heavy rain and gusty winds in Gomti Nagar; tin roofs rattling; a rescue boat visible in the distance.,2,Ankle-deep water slowing movement; manageable with precautions.,cyclone
sevlab-03967,Severe heatwave in Sealdah; elderly person collapsed near a bus stop; bystanders giving water; a dog swimming across the lane.,4,Severe flooding with people trapped; immediate evacuation required.,heatwave
sevlab-03968,Damp low-lying colony in Barsoi after a shower; normal traffic; shops open.,1,Minor waterlogging with no disruption to people or property.,flood
sevlab-03969,Strong winds bending trees on a bus stand in Aliganj; rain lashing sideways.,2,Ankle-deep water slowing movement; manageable with precautions.,cyclone
sevlab-03970,Very hot midday on a school compound in Pandeypur; shutters half-down; a rescue boat visible in the distance.,2,Ankle-deep water slowing movement; manageable with precautions.,heatwave
sevlab-03971,Extreme heat in Chowkidingee; thermometer reading dangerously high; streets deserted.,4,Severe flooding with people trapped; immediate evacuation required.,heatwave
sevlab-03972,Damp residential lane in Pandeypur after a shower; normal traffic; shops open.,1,"Mild conditions; situation under control, no urgent action needed.",flood
sevlab-03973,Severe flooding in Kasba; entire market road underwater; families on rooftops; a rescue boat visible in the distance.,5,Catastrophic conditions; large-scale emergency response needed.,flood
sevlab-03974,Knee-to-thigh deep water in a school compound in Beltola; ground floors flooded; people moving to upper floors.,3,Water entering ground floors; relief assistance likely needed soon.,flood
sevlab-03975,Strong winds bending trees on a highway stretch in Naugachia; rain lashing sideways.,2,Noticeable impact but daily life continues with adjustments.,cyclone
sevlab-03976,Waist-deep brown floodwater submerging a main road in Sealdah; water entering ground-floor homes; a stranded auto-rickshaw half submerged.,4,Deep water across residential areas; critical rescue situation.,flood
sevlab-03977,Chest-deep fast-flowing floodwater across Sabour; houses partially submerged with only roofs visible; people stranded on rooftops waving for help; a dog swimming across the lane.,5,Catastrophic conditions; large-scale emergency response needed.,flood
sevlab-03978,Very hot midday on a low-lying colony in Porur; shutters half-down; a stranded auto-rickshaw half submerged.,2,Noticeable impact but daily life continues with adjustments.,heatwave
sevlab-03979,Chest-deep fast-flowing floodwater across Manihari; houses partially submerged with only roofs visible; people stranded on rooftops waving for help; volunteers distributing water bottles.,5,Catastrophic conditions; large-scale emergency response needed.,flood
sevlab-03980,Shin-deep rainwater on a bus stand in Anna Nagar; pedestrians wading carefully; shops placing sandbags.,2,Noticeable impact but daily life continues with adjustments.,flood
sevlab-03981,Intense heatwave in Gandhi Maidan; nearly empty streets at noon; a man resting in shade showing heat exhaustion; power lines hanging low over the water.,3,Significant flooding; evacuation of low-lying homes advised.,heatwave
sevlab-03982,Damp bus stand in Keoti after a shower; normal traffic; shops open.,1,Light impact visible; monitoring is sufficient for now.,flood
sevlab-03983,Damp railway underpass in Pusa after a shower; normal traffic; shops open.,1,"Mild conditions; situation under control, no urgent action needed.",flood
sevlab-03984,Ankle-deep waterlogging on a riverside ghat in Aminabad; two-wheelers moving slowly; volunteers distributing water bottles.,2,Ankle-deep water slowing movement; manageable with precautions.,flood
sevlab-03985,Waist-deep brown floodwater submerging a residential lane in Kasba; water entering ground-floor homes; children sitting on a raised platform.,4,Waist-deep water entering homes; residents stranded; urgent rescue needed.,flood
sevlab-03986,Damp residential lane in Behala after a shower; normal traffic; shops open.,1,"Mild conditions; situation under control, no urgent action needed.",flood
sevlab-03987,Waist-deep brown floodwater submerging a residential lane in Pranpur; water entering ground-floor homes; an elderly couple watching from a balcony.,4,Severe flooding with people trapped; immediate evacuation required.,flood
sevlab-03988,Knee-deep floodwater covering a village street in Hajipur; residents wading with belongings; volunteers distributing water bottles.,3,Significant flooding; evacuation of low-lying homes advised.,flood
sevlab-03989,Destructive winds battering Santragachi; collapsed boundary walls; streets flooded.,4,Waist-deep water entering homes; residents stranded; urgent rescue needed.,cyclone
sevlab-03990,Knee-to-thigh deep water in a low-lying colony in T Nagar; ground floors flooded; people moving to upper floors.,3,Significant flooding; evacuation of low-lying homes advised.,flood
sevlab-03991,Ankle-deep waterlogging on a market road in Sursand; two-wheelers moving slowly; volunteers distributing water bottles.,2,Noticeable impact but daily life continues with adjustments.,flood
sevlab-03992,Chest-high water rising in a main road in Lalganj; residents stranded on rooftops; submerged hand-pumps and shops.,4,Waist-deep water entering homes; residents stranded; urgent rescue needed.,flood
sevlab-03993,Severe winds in Khanpur; uprooted small trees; waterlogging beginning.,3,Knee-deep water affecting homes and movement; vulnerable people at risk.,cyclone
sevlab-03994,Light rainwater puddles on a low-lying colony in Salt Lake; people walking normally with umbrellas; no disruption visible.,1,"Mild conditions; situation under control, no urgent action needed.",flood
sevlab-03995,Damp highway stretch in Dhamdaha after a shower; normal traffic; shops open.,1,Light impact visible; monitoring is sufficient for now.,flood
sevlab-03996,Chest-deep fast-flowing floodwater across Sursand; houses partially submerged with only roofs visible; people stranded on rooftops waving for help; people carrying belongings on their heads.,5,Life-threatening flooding with people stranded; immediate mass rescue required.,flood
sevlab-03997,Waist-deep brown floodwater submerging a railway underpass in Benipur; water entering ground-floor homes; floating debris and household items.,4,Severe flooding with people trapped; immediate evacuation required.,flood
sevlab-03998,Damp low-lying colony in Mahnar after a shower; normal traffic; shops open.,1,Light impact visible; monitoring is sufficient for now.,flood
sevlab-03999,Knee-to-thigh deep water in a highway stretch in Pipraich; ground floors flooded; people moving to upper floors.,3,Significant flooding; evacuation of low-lying homes advised.,flood
sevlab-04000,Chest-high water rising in a riverside ghat in Belaganj; residents stranded on rooftops; submerged hand-pumps and shops.,4,Deep water across residential areas; critical rescue situation.,flood
sevlab-04001,Waist-deep brown floodwater submerging a school compound in Dum Dum; water entering ground-floor homes; volunteers distributing water bottles.,4,Severe flooding with people trapped; immediate evacuation required.,flood
sevlab-04002,Ankle-deep waterlogging on a school compound in Benipur; two-wheelers moving slowly; people carrying belongings on their heads.,2,Ankle-deep water slowing movement; manageable with precautions.,flood
sevlab-04003,Light rainwater puddles on a main road in Sitabuldi; people walking normally with umbrellas; no disruption visible.,1,"Mild conditions; situation under control, no urgent action needed.",flood
sevlab-04004,Damp bus stand in Paltan Bazaar after a shower; normal traffic; shops open.,1,Minor waterlogging with no disruption to people or property.,flood
sevlab-04005,Chest-deep fast-flowing floodwater across Hingna; houses partially submerged with only roofs visible; people stranded on rooftops waving for help; floating debris and household items.,5,Life-threatening flooding with people stranded; immediate mass rescue required.,flood
sevlab-04006,Chest-deep fast-flowing floodwater across Kanti; houses partially submerged with only roofs visible; people stranded on rooftops waving for help; power lines hanging low over the water.,5,Life-threatening flooding with people stranded; immediate mass rescue required.,flood
sevlab-04007,Ankle-deep waterlogging on a market road in Hingna; two-wheelers moving slowly; floating debris and household items.,2,Ankle-deep water slowing movement; manageable with precautions.,flood
sevlab-04008,Massive storm surge flooding Sultanganj; boats washed onto roads; volunteers distributing water bottles.,5,Extreme danger to life; highest-priority rescue operation.,cyclone
sevlab-04009,Chest-high water rising in a low-lying colony in Bally; residents stranded on rooftops; people carrying belongings on their heads.,4,Deep water across residential areas; critical rescue situation.,flood
sevlab-04010,Knee-deep floodwater covering a village street in Hingna; residents wading with belongings; power lines hanging low over the water.,3,Water entering ground floors; relief assistance likely needed soon.,flood
sevlab-04011,Heavy rain and gusty winds in Jale; tin roofs rattling; a stranded auto-rickshaw half submerged.,2,Noticeable impact but daily life continues with adjustments.,cyclone
sevlab-04012,Ankle-deep waterlogging on a riverside ghat in Velachery; two-wheelers moving slowly; a stranded auto-rickshaw half submerged.,2,Ankle-deep water slowing movement; manageable with precautions.,flood
sevlab-04013,Waist-deep brown floodwater submerging a riverside ghat in Pupri; water entering ground-floor homes; floating debris and household items.,4,Severe flooding with people trapped; immediate evacuation required.,flood
sevlab-04014,Shin-deep rainwater on a riverside ghat in Kadwa; pedestrians wading carefully; shops placing sandbags.,2,Moderate disruption; vulnerable people should take care.,flood
sevlab-04015,Damp main road in Kahalgaon after a shower; normal traffic; shops open.,1,Minor waterlogging with no disruption to people or property.,flood
sevlab-04016,Heavy rain and gusty winds in Sea Beach Road; tin roofs rattling; an elderly couple watching from a balcony.,2,Ankle-deep water slowing movement; manageable with precautions.,cyclone
sevlab-04017,Ankle-deep waterlogging on a railway underpass in Gandhi Maidan; two-wheelers moving slowly; floating debris and household items.,2,Ankle-deep water slowing movement; manageable with precautions.,flood
sevlab-04018,Strong winds bending trees on a riverside ghat in Pipraich; rain lashing sideways.,2,Ankle-deep water slowing movement; manageable with precautions.,cyclone
sevlab-04019,Chest-deep fast-flowing floodwater across Kahalgaon; houses partially submerged with only roofs visible; people stranded on rooftops waving for help; an elderly couple watching from a balcony.,5,Life-threatening flooding with people stranded; immediate mass rescue required.,flood
sevlab-04020,Blazing heat over Manihari; cracked dry ground; labourers resting under a tree.,3,Significant flooding; evacuation of low-lying homes advised.,heatwave
sevlab-04021,Damp riverside ghat in Pranpur after a shower; normal traffic; shops open.,1,Light impact visible; monitoring is sufficient for now.,flood
sevlab-04022,Waist-deep brown floodwater submerging a school compound in Kursela; water entering ground-floor homes; submerged hand-pumps and shops.,4,Severe flooding with people trapped; immediate evacuation required.,flood
sevlab-04023,Severe heatwave in Pranpur; elderly person collapsed near a bus stop; bystanders giving water; an elderly couple watching from a balcony.,4,Waist-deep water entering homes; residents stranded; urgent rescue needed.,heatwave
sevlab-04024,Knee-deep floodwater covering a railway underpass in Aliganj; residents wading with belongings; submerged hand-pumps and shops.,3,Knee-deep water affecting homes and movement; vulnerable people at risk.,flood
sevlab-04025,Knee-deep floodwater covering a riverside ghat in Pandeypur; residents wading with belongings; a rescue boat visible in the distance.,3,Significant flooding; evacuation of low-lying homes advised.,flood
sevlab-04026,Damp school compound in T Nagar after a shower; normal traffic; shops open.,1,Minor waterlogging with no disruption to people or property.,flood
sevlab-04027,Knee-to-thigh deep water in a main road in Adyar; ground floors flooded; people moving to upper floors.,3,Water entering ground floors; relief assistance likely needed soon.,flood
sevlab-04028,Waist-deep brown floodwater submerging a bus stand in Gomti Nagar; water entering ground-floor homes; volunteers distributing water bottles.,4,Deep water across residential areas; critical rescue situation.,flood
sevlab-04029,Deadly heatwave in Sea Beach Road; hospital entrance crowded; shops shuttered in peak afternoon.,5,Catastrophic conditions; large-scale emergency response needed.,heatwave
sevlab-04030,Damp village street in Anna Nagar after a shower; normal traffic; shops open.,1,Minor waterlogging with no disruption to people or property.,flood
sevlab-04031,Severe winds in Sursand; uprooted small trees; waterlogging beginning.,3,Knee-deep water affecting homes and movement; vulnerable people at risk.,cyclone
sevlab-04032,Deadly heatwave in Dalsinghsarai; hospital entrance crowded; shops shuttered in peak afternoon.,5,Catastrophic conditions; large-scale emergency response needed.,heatwave
sevlab-04033,Damp riverside ghat in Sigra after a shower; normal traffic; shops open.,1,"Mild conditions; situation under control, no urgent action needed.",flood
sevlab-04034,Light rainwater puddles on a low-lying colony in Tajpur; people walking normally with umbrellas; no disruption visible.,1,Minor waterlogging with no disruption to people or property.,flood
sevlab-04035,Strong winds bending trees on a riverside ghat in Baruraj; rain lashing sideways.,2,Moderate disruption; vulnerable people should take care.,cyclone
sevlab-04036,Damp highway stretch in Kushmi after a shower; normal traffic; shops open.,1,"Mild conditions; situation under control, no urgent action needed.",flood
sevlab-04037,Cyclonic storm hitting Lanka; fallen trees blocking the road; damaged shop signboards; a rescue boat visible in the distance.,3,Knee-deep water affecting homes and movement; vulnerable people at risk.,cyclone
sevlab-04038,Knee-deep floodwater covering a market road in Aliganj; residents wading with belongings; a stranded auto-rickshaw half submerged.,3,Knee-deep water affecting homes and movement; vulnerable people at risk.,flood
sevlab-04039,Knee-to-thigh deep water in a village street in Tilkamanjhi; ground floors flooded; people moving to upper floors.,3,Significant flooding; evacuation of low-lying homes advised.,flood
sevlab-04040,Shin-deep rainwater on a riverside ghat in Boiragimoth; pedestrians wading carefully; shops placing sandbags.,2,Ankle-deep water slowing movement; manageable with precautions.,flood
sevlab-04041,Bright harsh sunlight over a bus stand in Sursand; normal crowd with sun protection.,1,Light impact visible; monitoring is sufficient for now.,heatwave
sevlab-04042,Knee-deep floodwater covering a railway underpass in Manpur; residents wading with belongings; a dog swimming across the lane.,3,Significant flooding; evacuation of low-lying homes advised.,flood
sevlab-04043,Chest-deep fast-flowing floodwater across Porur; houses partially submerged with only roofs visible; people stranded on rooftops waving for help; volunteers distributing water bottles.,5,Catastrophic conditions; large-scale emergency response needed.,flood
sevlab-04044,Knee-deep floodwater covering a school compound in Pusa; residents wading with belongings; power lines hanging low over the water.,3,Knee-deep water affecting homes and movement; vulnerable people at risk.,flood
sevlab-04045,Damp main road in Pupri after a shower; normal traffic; shops open.,1,Light impact visible; monitoring is sufficient for now.,flood
sevlab-04046,Damp riverside ghat in Belsand after a shower; normal traffic; shops open.,1,Minor waterlogging with no disruption to people or property.,flood
sevlab-04047,Knee-to-thigh deep water in a railway underpass in Manewada; ground floors flooded; people moving to upper floors.,3,Knee-deep water affecting homes and movement; vulnerable people at risk.,flood
sevlab-04048,Very hot midday on a railway underpass in Tilkamanjhi; shutters half-down; a dog swimming across the lane.,2,Noticeable impact but daily life continues with adjustments.,heatwave
sevlab-04049,Knee-deep floodwater covering a low-lying colony in Tilkamanjhi; residents wading with belongings; a dog swimming across the lane.,3,Knee-deep water affecting homes and movement; vulnerable people at risk.,flood
sevlab-04050,Waist-deep brown floodwater submerging a main road in Kushmi; water entering ground-floor homes; a rescue boat visible in the distance.,4,Waist-deep water entering homes; residents stranded; urgent rescue needed.,flood
sevlab-04051,Knee-deep floodwater covering a bus stand in Liluah; residents wading with belongings; power lines hanging low over the water.,3,Water entering ground floors; relief assistance likely needed soon.,flood
sevlab-04052,Chest-high water rising in a residential lane in Raghopur; residents stranded on rooftops; children sitting on a raised platform.,4,Deep water across residential areas; critical rescue situation.,flood
sevlab-04053,Knee-to-thigh deep water in a market road in Dumra; ground floors flooded; people moving to upper floors.,3,Significant flooding; evacuation of low-lying homes advised.,flood
sevlab-04054,Knee-deep floodwater covering a market road in Pusa; residents wading with belongings; floating debris and household items.,3,Water entering ground floors; relief assistance likely needed soon.,flood
sevlab-04055,Waist-deep brown floodwater submerging a low-lying colony in Belaganj; water entering ground-floor homes; volunteers distributing water bottles.,4,Deep water across residential areas; critical rescue situation.,flood
sevlab-04056,Knee-deep floodwater covering a railway underpass in Adyar; residents wading with belongings; volunteers distributing water bottles.,3,Knee-deep water affecting homes and movement; vulnerable people at risk.,flood
sevlab-04057,Strong winds bending trees on a residential lane in Uluberia; rain lashing sideways.,2,Ankle-deep water slowing movement; manageable with precautions.,cyclone
sevlab-04058,Ankle-deep waterlogging on a highway stretch in Motihari Road; two-wheelers moving slowly; a dog swimming across the lane.,2,Noticeable impact but daily life continues with adjustments.,flood
sevlab-04059,Heavy rain and gusty winds in Kanti; tin roofs rattling; people carrying belongings on their heads.,2,Noticeable impact but daily life continues with adjustments.,cyclone
sevlab-04060,Extreme heat emergency in Dumra; multiple people fainted on the street; ambulance present; volunteers distributing water bottles.,5,Catastrophic conditions; large-scale emergency response needed.,heatwave
sevlab-04061,Ankle-deep waterlogging on a residential lane in Rosera; two-wheelers moving slowly; a dog swimming across the lane.,2,Ankle-deep water slowing movement; manageable with precautions.,flood
sevlab-04062,Knee-to-thigh deep water in a low-lying colony in Uluberia; ground floors flooded; people moving to upper floors.,3,Knee-deep water affecting homes and movement; vulnerable people at risk.,flood
sevlab-04063,Waist-deep brown floodwater submerging a low-lying colony in Sahjanwa; water entering ground-floor homes; volunteers distributing water bottles.,4,Severe flooding with people trapped; immediate evacuation required.,flood
sevlab-04064,Knee-deep floodwater covering a low-lying colony in Dharampeth; residents wading with belongings; submerged hand-pumps and shops.,3,Knee-deep water affecting homes and movement; vulnerable people at risk.,flood
sevlab-04065,Overcast sky with strong winds in Sultanganj; trees swaying; fishermen securing boats.,1,Light impact visible; monitoring is sufficient for now.,cyclone
sevlab-04066,Chest-deep fast-flowing floodwater across Sahebganj; houses partially submerged with only roofs visible; people stranded on rooftops waving for help; a rescue boat visible in the distance.,5,Life-threatening flooding with people stranded; immediate mass rescue required.,flood
sevlab-04067,Ankle-deep waterlogging on a main road in Tekari; two-wheelers moving slowly; an elderly couple watching from a balcony.,2,Ankle-deep water slowing movement; manageable with precautions.,flood
sevlab-04068,Knee-deep floodwater covering a school compound in Howrah Bridge; residents wading with belongings; a stranded auto-rickshaw half submerged.,3,Significant flooding; evacuation of low-lying homes advised.,flood
sevlab-04069,Damp village street in Kushmi after a shower; normal traffic; shops open.,1,"Mild conditions; situation under control, no urgent action needed.",flood
sevlab-04070,Light rainwater puddles on a bus stand in Kadwa; people walking normally with umbrellas; no disruption visible.,1,Light impact visible; monitoring is sufficient for now.,flood
sevlab-04071,Strong winds bending trees on a village street in Naugachia; rain lashing sideways.,2,Moderate disruption; vulnerable people should take care.,cyclone
sevlab-04072,Heavy rain and gusty winds in Satyabadi; tin roofs rattling; a dog swimming across the lane.,2,Moderate disruption; vulnerable people should take care.,cyclone
sevlab-04073,Severe flooding in Lanka; entire main road underwater; families on rooftops; floating debris and household items.,5,Extreme danger to life; highest-priority rescue operation.,flood
sevlab-04074,Knee-deep floodwater covering a school compound in Barsoi; residents wading with belongings; power lines hanging low over the water.,3,Water entering ground floors; relief assistance likely needed soon.,flood
sevlab-04075,Light rainwater puddles on a highway stretch in Ganeshguri; people walking normally with umbrellas; no disruption visible.,1,Minor waterlogging with no disruption to people or property.,flood
sevlab-04076,Chest-deep fast-flowing floodwater across Pandeypur; houses partially submerged with only roofs visible; people stranded on rooftops waving for help; people carrying belongings on their heads.,5,Extreme danger to life; highest-priority rescue operation.,flood
sevlab-04077,Light rainwater puddles on a highway stretch in Chandmari; people walking normally with umbrellas; no disruption visible.,1,Minor waterlogging with no disruption to people or property.,flood
sevlab-04078,Damp highway stretch in Sealdah after a shower; normal traffic; shops open.,1,Minor waterlogging with no disruption to people or property.,flood
sevlab-04079,Intense heatwave in Keoti; nearly empty streets at noon; a man resting in shade showing heat exhaustion; a stranded auto-rickshaw half submerged.,3,Water entering ground floors; relief assistance likely needed soon.,heatwave
sevlab-04080,Knee-to-thigh deep water in a low-lying colony in Danapur; ground floors flooded; people moving to upper floors.,3,Knee-deep water affecting homes and movement; vulnerable people at risk.,flood
sevlab-04081,Light rainwater puddles on a railway underpass in Lanka; people walking normally with umbrellas; no disruption visible.,1,Minor waterlogging with no disruption to people or property.,flood
sevlab-04082,Strong winds bending trees on a main road in Talabania; rain lashing sideways.,2,Moderate disruption; vulnerable people should take care.,cyclone
sevlab-04083,Shin-deep rainwater on a main road in Naliapool; pedestrians wading carefully; shops placing sandbags.,2,Moderate disruption; vulnerable people should take care.,flood
sevlab-04084,Severe flooding in Rosera; entire village street underwater; families on rooftops; an elderly couple watching from a balcony.,5,Life-threatening flooding with people stranded; immediate mass rescue required.,flood
sevlab-04085,Ankle-deep waterlogging on a main road in Chowk; two-wheelers moving slowly; power lines hanging low over the water.,2,Noticeable impact but daily life continues with adjustments.,flood
sevlab-04086,Bright harsh sunlight over a railway underpass in Kasba; normal crowd with sun protection.,1,"Mild conditions; situation under control, no urgent action needed.",heatwave
sevlab-04087,Heavy rain and gusty winds in Raghopur; tin roofs rattling; people carrying belongings on their heads.,2,Moderate disruption; vulnerable people should take care.,cyclone
sevlab-04088,Waist-deep brown floodwater submerging a school compound in Boring Road; water entering ground-floor homes; an elderly couple watching from a balcony.,4,Deep water across residential areas; critical rescue situation.,flood
sevlab-04089,Shin-deep rainwater on a village street in Boiragimoth; pedestrians wading carefully; shops placing sandbags.,2,Ankle-deep water slowing movement; manageable with precautions.,flood
sevlab-04090,Extreme heat emergency in Bahadurpur; multiple people fainted on the street; ambulance present; floating debris and household items.,5,Life-threatening flooding with people stranded; immediate mass rescue required.,heatwave
sevlab-04091,Knee-to-thigh deep water in a main road in Laheriasarai; ground floors flooded; people moving to upper floors.,3,Water entering ground floors; relief assistance likely needed soon.,flood
sevlab-04092,Severe heatwave in Naugachia; elderly person collapsed near a bus stop; bystanders giving water; people carrying belongings on their heads.,4,Waist-deep water entering homes; residents stranded; urgent rescue needed.,heatwave
sevlab-04093,Knee-deep floodwater covering a school compound in Kamptee; residents wading with belongings; an elderly couple watching from a balcony.,3,Water entering ground floors; relief assistance likely needed soon.,flood
sevlab-04094,Chest-deep fast-flowing floodwater across Chakratirtha; houses partially submerged with only roofs visible; people stranded on rooftops waving for help; a stranded auto-rickshaw half submerged.,5,Catastrophic conditions; large-scale emergency response needed.,flood
sevlab-04095,Light rainwater puddles on a railway underpass in Khanpur; people walking normally with umbrellas; no disruption visible.,1,Minor waterlogging with no disruption to people or property.,flood
sevlab-04096,Cyclonic storm hitting Sealdah; fallen trees blocking the road; damaged shop signboards; people carrying belongings on their heads.,3,Water entering ground floors; relief assistance likely needed soon.,cyclone
sevlab-04097,Light rainwater puddles on a village street in Liluah; people walking normally with umbrellas; no disruption visible.,1,"Mild conditions; situation under control, no urgent action needed.",flood
sevlab-04098,Ankle-deep waterlogging on a riverside ghat in Laheriasarai; two-wheelers moving slowly; submerged hand-pumps and shops.,2,Noticeable impact but daily life continues with adjustments.,flood
sevlab-04099,Scorching heat in Maligaon market; vendors covering stalls with wet cloth; people drinking water frequently.,2,Ankle-deep water slowing movement; manageable with precautions.,heatwave
sevlab-04100,Damp village street in Manewada after a shower; normal traffic; shops open.,1,"Mild conditions; situation under control, no urgent action needed.",flood
sevlab-04101,Light rainwater puddles on a bus stand in Pipraich; people walking normally with umbrellas; no disruption visible.,1,Minor waterlogging with no disruption to people or property.,flood
sevlab-04102,Knee-to-thigh deep water in a highway stretch in Talabania; ground floors flooded; people moving to upper floors.,3,Knee-deep water affecting homes and movement; vulnerable people at risk.,flood
sevlab-04103,Heavy rain and gusty winds in Porur; tin roofs rattling; a stranded auto-rickshaw half submerged.,2,Noticeable impact but daily life continues with adjustments.,cyclone
sevlab-04104,Light rainwater puddles on a residential lane in Aminabad; people walking normally with umbrellas; no disruption visible.,1,Minor waterlogging with no disruption to people or property.,flood
sevlab-04105,Severe heatwave in Kamptee; elderly person collapsed near a bus stop; bystanders giving water; volunteers distributing water bottles.,4,Waist-deep water entering homes; residents stranded; urgent rescue needed.,heatwave
sevlab-04106,Knee-deep floodwater covering a residential lane in Anna Nagar; residents wading with belongings; floating debris and household items.,3,Knee-deep water affecting homes and movement; vulnerable people at risk.,flood
sevlab-04107,Ankle-deep waterlogging on a main road in Manewada; two-wheelers moving slowly; floating debris and household items.,2,Ankle-deep water slowing movement; manageable with precautions.,flood
sevlab-04108,Knee-deep floodwater covering a railway underpass in Sitabuldi; residents wading with belongings; an elderly couple watching from a balcony.,3,Water entering ground floors; relief assistance likely needed soon.,flood
sevlab-04109,Strong winds bending trees on a main road in Gulabbagh; rain lashing sideways.,2,Ankle-deep water slowing movement; manageable with precautions.,cyclone
sevlab-04110,Bright harsh sunlight over a main road in Pranpur; normal crowd with sun protection.,1,Minor waterlogging with no disruption to people or property.,heatwave
sevlab-04111,Heavy rain and gusty winds in Patrakar Nagar; tin roofs rattling; submerged hand-pumps and shops.,2,Ankle-deep water slowing movement; manageable with precautions.,cyclone
sevlab-04112,Damp market road in Manihari after a shower; normal traffic; shops open.,1,"Mild conditions; situation under control, no urgent action needed.",flood
sevlab-04113,Damp low-lying colony in Bidupur after a shower; normal traffic; shops open.,1,Light impact visible; monitoring is sufficient for now.,flood
sevlab-04114,Bright harsh sunlight over a village street in Jale; normal crowd with sun protection.,1,Light impact visible; monitoring is sufficient for now.,heatwave
sevlab-04115,Very hot midday on a market road in Pupri; shutters half-down; people carrying belongings on their heads.,2,Moderate disruption; vulnerable people should take care.,heatwave
sevlab-04116,Shin-deep rainwater on a market road in Pusa; pedestrians wading carefully; shops placing sandbags.,2,Moderate disruption; vulnerable people should take care.,flood
sevlab-04117,Light rainwater puddles on a school compound in Satyabadi; people walking normally with umbrellas; no disruption visible.,1,Light impact visible; monitoring is sufficient for now.,flood
sevlab-04118,Ankle-deep waterlogging on a bus stand in Banmankhi; two-wheelers moving slowly; power lines hanging low over the water.,2,Ankle-deep water slowing movement; manageable with precautions.,flood
sevlab-04119,Severe cyclone landfall near Velachery; uprooted trees and electric poles; houses with roofs torn off; an elderly couple watching from a balcony.,4,Severe flooding with people trapped; immediate evacuation required.,cyclone
sevlab-04120,Waist-deep brown floodwater submerging a school compound in Naugachia; water entering ground-floor homes; a rescue boat visible in the distance.,4,Waist-deep water entering homes; residents stranded; urgent rescue needed.,flood
sevlab-04121,Knee-deep floodwater covering a railway underpass in Paltan Bazaar; residents wading with belongings; children sitting on a raised platform.,3,Knee-deep water affecting homes and movement; vulnerable people at risk.,flood
sevlab-04122,Dark clouds gathering over Gandhi Maidan; rough sea; people moving indoors.,1,"Mild conditions; situation under control, no urgent action needed.",cyclone
sevlab-04123,Shin-deep rainwater on a market road in Velachery; pedestrians wading carefully; shops placing sandbags.,2,Ankle-deep water slowing movement; manageable with precautions.,flood
sevlab-04124,Knee-deep floodwater covering a railway underpass in Lanka; residents wading with belongings; a stranded auto-rickshaw half submerged.,3,Significant flooding; evacuation of low-lying homes advised.,flood
sevlab-04125,Shin-deep rainwater on a railway underpass in Manpur; pedestrians wading carefully; shops placing sandbags.,2,Noticeable impact but daily life continues with adjustments.,flood
sevlab-04126,Severe flooding in Mahnar; entire railway underpass underwater; families on rooftops; a rescue boat visible in the distance.,5,Extreme danger to life; highest-priority rescue operation.,flood
sevlab-04127,Strong winds bending trees on a highway stretch in Raghopur; rain lashing sideways.,2,Ankle-deep water slowing movement; manageable with precautions.,cyclone
sevlab-04128,Bright harsh sunlight over a railway underpass in Lanka; normal crowd with sun protection.,1,"Mild conditions; situation under control, no urgent action needed.",heatwave
sevlab-04129,Shin-deep rainwater on a riverside ghat in Salt Lake; pedestrians wading carefully; shops placing sandbags.,2,Noticeable impact but daily life continues with adjustments.,flood
sevlab-04130,Severe heatwave in Paltan Bazaar; elderly person collapsed near a bus stop; bystanders giving water; submerged hand-pumps and shops.,4,Severe flooding with people trapped; immediate evacuation required.,heatwave
sevlab-04131,Knee-to-thigh deep water in a main road in Talabania; ground floors flooded; people moving to upper floors.,3,Knee-deep water affecting homes and movement; vulnerable people at risk.,flood
sevlab-04132,Ankle-deep waterlogging on a main road in Kankarbagh; two-wheelers moving slowly; a rescue boat visible in the distance.,2,Moderate disruption; vulnerable people should take care.,flood
sevlab-04133,Overcast sky with strong winds in Tajpur; trees swaying; fishermen securing boats.,1,Minor waterlogging with no disruption to people or property.,cyclone
sevlab-04134,Ankle-deep waterlogging on a riverside ghat in Talabania; two-wheelers moving slowly; people carrying belongings on their heads.,2,Moderate disruption; vulnerable people should take care.,flood
sevlab-04135,Knee-deep floodwater covering a market road in Banmankhi; residents wading with belongings; a dog swimming across the lane.,3,Water entering ground floors; relief assistance likely needed soon.,flood
sevlab-04136,Knee-deep floodwater covering a village street in Motihari Road; residents wading with belongings; floating debris and household items.,3,Significant flooding; evacuation of low-lying homes advised.,flood
sevlab-04137,Shin-deep rainwater on a main road in Rosera; pedestrians wading carefully; shops placing sandbags.,2,Ankle-deep water slowing movement; manageable with precautions.,flood
sevlab-04138,Knee-deep floodwater covering a railway underpass in Sahebganj; residents wading with belongings; submerged hand-pumps and shops.,3,Significant flooding; evacuation of low-lying homes advised.,flood
sevlab-04139,Chest-deep fast-flowing floodwater across Banmankhi; houses partially submerged with only roofs visible; people stranded on rooftops waving for help; children sitting on a raised platform.,5,Extreme danger to life; highest-priority rescue operation.,flood
sevlab-04140,Light rainwater puddles on a riverside ghat in Banmankhi; people walking normally with umbrellas; no disruption visible.,1,"Mild conditions; situation under control, no urgent action needed.",flood
sevlab-04141,Shin-deep rainwater on a bus stand in Shibpur; pedestrians wading carefully; shops placing sandbags.,2,Noticeable impact but daily life continues with adjustments.,flood
sevlab-04142,Knee-deep floodwater covering a highway stretch in Boiragimoth; residents wading with belongings; children sitting on a raised platform.,3,Knee-deep water affecting homes and movement; vulnerable people at risk.,flood
sevlab-04143,Cyclonic storm hitting Mushahari; fallen trees blocking the road; damaged shop signboards; an elderly couple watching from a balcony.,3,Water entering ground floors; relief assistance likely needed soon.,cyclone
sevlab-04144,Knee-deep floodwater covering a residential lane in Golghar; residents wading with belongings; volunteers distributing water bottles.,3,Water entering ground floors; relief assistance likely needed soon.,flood
sevlab-04145,Scorching heat in Dalsinghsarai market; vendors covering stalls with wet cloth; people drinking water frequently.,2,Ankle-deep water slowing movement; manageable with precautions.,heatwave
sevlab-04146,Chest-high water rising in a school compound in Belaganj; residents stranded on rooftops; people carrying belongings on their heads.,4,Severe flooding with people trapped; immediate evacuation required.,flood
sevlab-04147,Light rainwater puddles on a main road in Bally; people walking normally with umbrellas; no disruption visible.,1,Minor waterlogging with no disruption to people or property.,flood
sevlab-04148,Damp highway stretch in Kursela after a shower; normal traffic; shops open.,1,Minor waterlogging with no disruption to people or property.,flood
sevlab-04149,Knee-deep floodwater covering a low-lying colony in Phulwari Sharif; residents wading with belongings; a dog swimming across the lane.,3,Significant flooding; evacuation of low-lying homes advised.,flood
sevlab-04150,Very hot midday on a residential lane in Porur; shutters half-down; volunteers distributing water bottles.,2,Ankle-deep water slowing movement; manageable with precautions.,heatwave
sevlab-04151,Knee-to-thigh deep water in a bus stand in Uluberia; ground floors flooded; people moving to upper floors.,3,Water entering ground floors; relief assistance likely needed soon.,flood
sevlab-04152,Knee-to-thigh deep water in a village street in Naliapool; ground floors flooded; people moving to upper floors.,3,Water entering ground floors; relief assistance likely needed soon.,flood
sevlab-04153,Ankle-deep waterlogging on a main road in Mushahari; two-wheelers moving slowly; power lines hanging low over the water.,2,Moderate disruption; vulnerable people should take care.,flood
sevlab-04154,Damp residential lane in Naugachia after a shower; normal traffic; shops open.,1,Minor waterlogging with no disruption to people or property.,flood
sevlab-04155,Ankle-deep waterlogging on a market road in Baruraj; two-wheelers moving slowly; a rescue boat visible in the distance.,2,Noticeable impact but daily life continues with adjustments.,flood
sevlab-04156,Chest-high water rising in a market road in Tajpur; residents stranded on rooftops; people carrying belongings on their heads.,4,Deep water across residential areas; critical rescue situation.,flood
sevlab-04157,Heavy rain and gusty winds in Sherghati; tin roofs rattling; an elderly couple watching from a balcony.,2,Ankle-deep water slowing movement; manageable with precautions.,cyclone
sevlab-04158,Bright harsh sunlight over a main road in Bahadurpur; normal crowd with sun protection.,1,Minor waterlogging with no disruption to people or property.,heatwave
sevlab-04159,Light rainwater puddles on a bus stand in Rupauli; people walking normally with umbrellas; no disruption visible.,1,Minor waterlogging with no disruption to people or property.,flood
sevlab-04160,Very hot midday on a low-lying colony in Pranpur; shutters half-down; people carrying belongings on their heads.,2,Moderate disruption; vulnerable people should take care.,heatwave
sevlab-04161,Knee-to-thigh deep water in a main road in Bahadurpur; ground floors flooded; people moving to upper floors.,3,Water entering ground floors; relief assistance likely needed soon.,flood
sevlab-04162,Bright harsh sunlight over a highway stretch in Danapur; normal crowd with sun protection.,1,"Mild conditions; situation under control, no urgent action needed.",heatwave
sevlab-04163,Hot sunny afternoon in Hingna; people using umbrellas; streets active.,1,"Mild conditions; situation under control, no urgent action needed.",heatwave
sevlab-04164,Knee-deep floodwater covering a riverside ghat in Dhamdaha; residents wading with belongings; children sitting on a raised platform.,3,Significant flooding; evacuation of low-lying homes advised.,flood
sevlab-04165,Heavy rain and gusty winds in Pipraich; tin roofs rattling; people carrying belongings on their heads.,2,Noticeable impact but daily life continues with adjustments.,cyclone
sevlab-04166,Shin-deep rainwater on a main road in Khanpur; pedestrians wading carefully; shops placing sandbags.,2,Moderate disruption; vulnerable people should take care.,flood
sevlab-04167,Severe flooding in Kankarbagh; entire bus stand underwater; families on rooftops; an elderly couple watching from a balcony.,5,Life-threatening flooding with people stranded; immediate mass rescue required.,flood
sevlab-04168,Cyclonic storm hitting Mohanbari; fallen trees blocking the road; damaged shop signboards; people carrying belongings on their heads.,3,Water entering ground floors; relief assistance likely needed soon.,cyclone
sevlab-04169,Knee-deep floodwater covering a highway stretch in Bairgania; residents wading with belongings; volunteers distributing water bottles.,3,Significant flooding; evacuation of low-lying homes advised.,flood
sevlab-04170,Chest-high water rising in a school compound in Bahadurpur; residents stranded on rooftops; volunteers distributing water bottles.,4,Severe flooding with people trapped; immediate evacuation required.,flood
sevlab-04171,Waist-deep brown floodwater submerging a school compound in Khanpur; water entering ground-floor homes; floating debris and household items.,4,Severe flooding with people trapped; immediate evacuation required.,flood
sevlab-04172,Severe flooding in Raghopur; entire market road underwater; families on rooftops; a dog swimming across the lane.,5,Life-threatening flooding with people stranded; immediate mass rescue required.,flood
sevlab-04173,Waist-deep brown floodwater submerging a main road in Manpur; water entering ground-floor homes; submerged hand-pumps and shops.,4,Severe flooding with people trapped; immediate evacuation required.,flood
sevlab-04174,Shin-deep rainwater on a railway underpass in Tajpur; pedestrians wading carefully; shops placing sandbags.,2,Moderate disruption; vulnerable people should take care.,flood
sevlab-04175,Damp low-lying colony in Gandhi Maidan after a shower; normal traffic; shops open.,1,Light impact visible; monitoring is sufficient for now.,flood
sevlab-04176,Damp low-lying colony in Mushahari after a shower; normal traffic; shops open.,1,"Mild conditions; situation under control, no urgent action needed.",flood
sevlab-04177,Knee-to-thigh deep water in a village street in Pusa; ground floors flooded; people moving to upper floors.,3,Significant flooding; evacuation of low-lying homes advised.,flood
sevlab-04178,Very hot midday on a residential lane in Naugachia; shutters half-down; people carrying belongings on their heads.,2,Noticeable impact but daily life continues with adjustments.,heatwave
sevlab-04179,Knee-deep floodwater covering a railway underpass in Kasba; residents wading with belongings; floating debris and household items.,3,Significant flooding; evacuation of low-lying homes advised.,flood
sevlab-04180,Overcast sky with strong winds in Banmankhi; trees swaying; fishermen securing boats.,1,"Mild conditions; situation under control, no urgent action needed.",cyclone
sevlab-04181,Heavy rain and gusty winds in Keoti; tin roofs rattling; volunteers distributing water bottles.,2,Ankle-deep water slowing movement; manageable with precautions.,cyclone
sevlab-04182,Dark clouds gathering over Lalganj; rough sea; people moving indoors.,1,Minor waterlogging with no disruption to people or property.,cyclone
sevlab-04183,Damp village street in Porur after a shower; normal traffic; shops open.,1,"Mild conditions; situation under control, no urgent action needed.",flood
sevlab-04184,Knee-deep floodwater covering a low-lying colony in Gomti Nagar; residents wading with belongings; floating debris and household items.,3,Knee-deep water affecting homes and movement; vulnerable people at risk.,flood
sevlab-04185,Cyclonic storm hitting Khanpur; fallen trees blocking the road; damaged shop signboards; floating debris and household items.,3,Water entering ground floors; relief assistance likely needed soon.,cyclone
sevlab-04186,Ankle-deep waterlogging on a residential lane in Gomti Nagar; two-wheelers moving slowly; an elderly couple watching from a balcony.,2,Noticeable impact but daily life continues with adjustments.,flood
sevlab-04187,Ankle-deep waterlogging on a village street in Bahadurpur; two-wheelers moving slowly; a stranded auto-rickshaw half submerged.,2,Moderate disruption; vulnerable people should take care.,flood
sevlab-04188,Intense heatwave in Gulabbagh; nearly empty streets at noon; a man resting in shade showing heat exhaustion; children sitting on a raised platform.,3,Significant flooding; evacuation of low-lying homes advised.,heatwave
sevlab-04189,Bright harsh sunlight over a main road in Benipur; normal crowd with sun protection.,1,Light impact visible; monitoring is sufficient for now.,heatwave
sevlab-04190,Very hot midday on a main road in Aliganj; shutters half-down; an elderly couple watching from a balcony.,2,Ankle-deep water slowing movement; manageable with precautions.,heatwave
sevlab-04191,Intense heatwave in Boiragimoth; nearly empty streets at noon; a man resting in shade showing heat exhaustion; children sitting on a raised platform.,3,Water entering ground floors; relief assistance likely needed soon.,heatwave
sevlab-04192,Ankle-deep waterlogging on a market road in Liluah; two-wheelers moving slowly; people carrying belongings on their heads.,2,Moderate disruption; vulnerable people should take care.,flood
sevlab-04193,Deadly heatwave in Anna Nagar; hospital entrance crowded; shops shuttered in peak afternoon.,5,Catastrophic conditions; large-scale emergency response needed.,heatwave
sevlab-04194,Extreme heat emergency in Bidupur; multiple people fainted on the street; ambulance present; children sitting on a raised platform.,5,Extreme danger to life; highest-priority rescue operation.,heatwave
sevlab-04195,Very hot midday on a bus stand in Pandeypur; shutters half-down; a stranded auto-rickshaw half submerged.,2,Ankle-deep water slowing movement; manageable with precautions.,heatwave
sevlab-04196,Ankle-deep waterlogging on a school compound in Chowkidingee; two-wheelers moving slowly; a stranded auto-rickshaw half submerged.,2,Moderate disruption; vulnerable people should take care.,flood
sevlab-04197,Very hot midday on a village street in Aminabad; shutters half-down; power lines hanging low over the water.,2,Ankle-deep water slowing movement; manageable with precautions.,heatwave
sevlab-04198,Severe flooding in Kasba; entire bus stand underwater; families on rooftops; a stranded auto-rickshaw half submerged.,5,Extreme danger to life; highest-priority rescue operation.,flood
sevlab-04199,Intense heatwave in Sea Beach Road; nearly empty streets at noon; a man resting in shade showing heat exhaustion; submerged hand-pumps and shops.,3,Knee-deep water affecting homes and movement; vulnerable people at risk.,heatwave
sevlab-04200,Intense heatwave in T Nagar; nearly empty streets at noon; a man resting in shade showing heat exhaustion; a dog swimming across the lane.,3,Significant flooding; evacuation of low-lying homes advised.,heatwave
sevlab-04201,Ankle-deep waterlogging on a low-lying colony in Sahjanwa; two-wheelers moving slowly; a dog swimming across the lane.,2,Ankle-deep water slowing movement; manageable with precautions.,flood
sevlab-04202,Extreme heat emergency in Shibpur; multiple people fainted on the street; ambulance present; submerged hand-pumps and shops.,5,Extreme danger to life; highest-priority rescue operation.,heatwave
sevlab-04203,Light rainwater puddles on a highway stretch in Pipraich; people walking normally with umbrellas; no disruption visible.,1,"Mild conditions; situation under control, no urgent action needed.",flood
sevlab-04204,Chest-high water rising in a market road in Golghar; residents stranded on rooftops; power lines hanging low over the water.,4,Deep water across residential areas; critical rescue situation.,flood
sevlab-04205,Ankle-deep waterlogging on a bus stand in Mahnar; two-wheelers moving slowly; people carrying belongings on their heads.,2,Ankle-deep water slowing movement; manageable with precautions.,flood
sevlab-04206,Shin-deep rainwater on a railway underpass in Bally; pedestrians wading carefully; shops placing sandbags.,2,Moderate disruption; vulnerable people should take care.,flood
sevlab-04207,Hot sunny afternoon in Shibpur; people using umbrellas; streets active.,1,Minor waterlogging with no disruption to people or property.,heatwave
sevlab-04208,Overcast sky with strong winds in Chakratirtha; trees swaying; fishermen securing boats.,1,Minor waterlogging with no disruption to people or property.,cyclone
sevlab-04209,Knee-deep floodwater covering a low-lying colony in Hingna; residents wading with belongings; volunteers distributing water bottles.,3,Knee-deep water affecting homes and movement; vulnerable people at risk.,flood
sevlab-04210,Knee-to-thigh deep water in a bus stand in Velachery; ground floors flooded; people moving to upper floors.,3,Significant flooding; evacuation of low-lying homes advised.,flood
sevlab-04211,Shin-deep rainwater on a main road in Dharampeth; pedestrians wading carefully; shops placing sandbags.,2,Moderate disruption; vulnerable people should take care.,flood
sevlab-04212,Intense heatwave in Mohanbari; nearly empty streets at noon; a man resting in shade showing heat exhaustion; children sitting on a raised platform.,3,Water entering ground floors; relief assistance likely needed soon.,heatwave
sevlab-04213,Heavy rain and gusty winds in Tajpur; tin roofs rattling; people carrying belongings on their heads.,2,Ankle-deep water slowing movement; manageable with precautions.,cyclone
sevlab-04214,Ankle-deep waterlogging on a main road in Keoti; two-wheelers moving slowly; a rescue boat visible in the distance.,2,Ankle-deep water slowing movement; manageable with precautions.,flood
sevlab-04215,Very hot midday on a village street in Manpur; shutters half-down; floating debris and household items.,2,Noticeable impact but daily life continues with adjustments.,heatwave
sevlab-04216,Severe flooding in Rupauli; entire low-lying colony underwater; families on rooftops; power lines hanging low over the water.,5,Extreme danger to life; highest-priority rescue operation.,flood
sevlab-04217,Bright harsh sunlight over a main road in Sursand; normal crowd with sun protection.,1,Minor waterlogging with no disruption to people or property.,heatwave
sevlab-04218,Knee-deep floodwater covering a low-lying colony in Godowlia; residents wading with belongings; children sitting on a raised platform.,3,Knee-deep water affecting homes and movement; vulnerable people at risk.,flood
sevlab-04219,Knee-deep floodwater covering a market road in Delang; residents wading with belongings; power lines hanging low over the water.,3,Knee-deep water affecting homes and movement; vulnerable people at risk.,flood
sevlab-04220,Knee-to-thigh deep water in a bus stand in Kasba; ground floors flooded; people moving to upper floors.,3,Water entering ground floors; relief assistance likely needed soon.,flood
sevlab-04221,Hot sunny afternoon in Mohaddipur; people using umbrellas; streets active.,1,Light impact visible; monitoring is sufficient for now.,heatwave
sevlab-04222,Severe flooding in Rosera; entire low-lying colony underwater; families on rooftops; floating debris and household items.,5,Catastrophic conditions; large-scale emergency response needed.,flood
sevlab-04223,Intense heatwave in Maligaon; nearly empty streets at noon; a man resting in shade showing heat exhaustion; floating debris and household items.,3,Knee-deep water affecting homes and movement; vulnerable people at risk.,heatwave
sevlab-04224,Knee-deep floodwater covering a highway stretch in Motihari Road; residents wading with belongings; volunteers distributing water bottles.,3,Significant flooding; evacuation of low-lying homes advised.,flood
sevlab-04225,Bright harsh sunlight over a highway stretch in Naliapool; normal crowd with sun protection.,1,Light impact visible; monitoring is sufficient for now.,heatwave
sevlab-04226,Knee-to-thigh deep water in a residential lane in Behala; ground floors flooded; people moving to upper floors.,3,Knee-deep water affecting homes and movement; vulnerable people at risk.,flood
sevlab-04227,Chest-deep fast-flowing floodwater across Phulwari Sharif; houses partially submerged with only roofs visible; people stranded on rooftops waving for help; a stranded auto-rickshaw half submerged.,5,Extreme danger to life; highest-priority rescue operation.,flood
sevlab-04228,Severe cyclone landfall near Digha; uprooted trees and electric poles; houses with roofs torn off; floating debris and household items.,4,Deep water across residential areas; critical rescue situation.,cyclone
sevlab-04229,Very hot midday on a main road in Chakratirtha; shutters half-down; a dog swimming across the lane.,2,Noticeable impact but daily life continues with adjustments.,heatwave
sevlab-04230,Knee-deep floodwater covering a village street in Santragachi; residents wading with belongings; an elderly couple watching from a balcony.,3,Significant flooding; evacuation of low-lying homes advised.,flood
sevlab-04231,Waist-deep brown floodwater submerging a bus stand in Keoti; water entering ground-floor homes; floating debris and household items.,4,Deep water across residential areas; critical rescue situation.,flood
sevlab-04232,Waist-deep brown floodwater submerging a railway underpass in Mancotta; water entering ground-floor homes; power lines hanging low over the water.,4,Severe flooding with people trapped; immediate evacuation required.,flood
sevlab-04233,Waist-deep brown floodwater submerging a residential lane in Sultanganj; water entering ground-floor homes; people carrying belongings on their heads.,4,Severe flooding with people trapped; immediate evacuation required.,flood
sevlab-04234,Light rainwater puddles on a village street in Lalganj; people walking normally with umbrellas; no disruption visible.,1,"Mild conditions; situation under control, no urgent action needed.",flood
sevlab-04235,Waist-deep brown floodwater submerging a village street in Sahebganj; water entering ground-floor homes; submerged hand-pumps and shops.,4,Waist-deep water entering homes; residents stranded; urgent rescue needed.,flood
sevlab-04236,Ankle-deep waterlogging on a village street in Rajendra Nagar; two-wheelers moving slowly; children sitting on a raised platform.,2,Moderate disruption; vulnerable people should take care.,flood
sevlab-04237,Severe flooding in Adyar; entire village street underwater; families on rooftops; an elderly couple watching from a balcony.,5,Extreme danger to life; highest-priority rescue operation.,flood
sevlab-04238,Light rainwater puddles on a market road in Manewada; people walking normally with umbrellas; no disruption visible.,1,Light impact visible; monitoring is sufficient for now.,flood
sevlab-04239,Chest-deep fast-flowing floodwater across Manpur; houses partially submerged with only roofs visible; people stranded on rooftops waving for help; a stranded auto-rickshaw half submerged.,5,Catastrophic conditions; large-scale emergency response needed.,flood
sevlab-04240,Knee-deep floodwater covering a highway stretch in Sitabuldi; residents wading with belongings; an elderly couple watching from a balcony.,3,Water entering ground floors; relief assistance likely needed soon.,flood
sevlab-04241,Strong winds bending trees on a highway stretch in Sultanganj; rain lashing sideways.,2,Moderate disruption; vulnerable people should take care.,cyclone
sevlab-04242,Light rainwater puddles on a highway stretch in Naliapool; people walking normally with umbrellas; no disruption visible.,1,"Mild conditions; situation under control, no urgent action needed.",flood
sevlab-04243,Chest-high water rising in a riverside ghat in Bally; residents stranded on rooftops; floating debris and household items.,4,Severe flooding with people trapped; immediate evacuation required.,flood
sevlab-04244,Chest-high water rising in a riverside ghat in Godowlia; residents stranded on rooftops; children sitting on a raised platform.,4,Waist-deep water entering homes; residents stranded; urgent rescue needed.,flood
sevlab-04245,Ankle-deep waterlogging on a bus stand in Lalganj; two-wheelers moving slowly; a dog swimming across the lane.,2,Ankle-deep water slowing movement; manageable with precautions.,flood
sevlab-04246,Strong winds bending trees on a main road in Laheriasarai; rain lashing sideways.,2,Ankle-deep water slowing movement; manageable with precautions.,cyclone
sevlab-04247,Knee-deep floodwater covering a railway underpass in Bodh Gaya; residents wading with belongings; a stranded auto-rickshaw half submerged.,3,Knee-deep water affecting homes and movement; vulnerable people at risk.,flood
sevlab-04248,Shin-deep rainwater on a bus stand in Porur; pedestrians wading carefully; shops placing sandbags.,2,Moderate disruption; vulnerable people should take care.,flood
sevlab-04249,Chest-high water rising in a highway stretch in Phulwari Sharif; residents stranded on rooftops; floating debris and household items.,4,Deep water across residential areas; critical rescue situation.,flood
sevlab-04250,Hot sunny afternoon in Kasba; people using umbrellas; streets active.,1,Light impact visible; monitoring is sufficient for now.,heatwave
sevlab-04251,Chest-high water rising in a school compound in Kamptee; residents stranded on rooftops; a stranded auto-rickshaw half submerged.,4,Waist-deep water entering homes; residents stranded; urgent rescue needed.,flood
sevlab-04252,Heavy rain and gusty winds in Aminabad; tin roofs rattling; a stranded auto-rickshaw half submerged.,2,Moderate disruption; vulnerable people should take care.,cyclone
sevlab-04253,Shin-deep rainwater on a riverside ghat in Bidupur; pedestrians wading carefully; shops placing sandbags.,2,Moderate disruption; vulnerable people should take care.,flood
sevlab-04254,Shin-deep rainwater on a highway stretch in Mohanbari; pedestrians wading carefully; shops placing sandbags.,2,Noticeable impact but daily life continues with adjustments.,flood
sevlab-04255,Knee-deep floodwater covering a main road in Velachery; residents wading with belongings; people carrying belongings on their heads.,3,Knee-deep water affecting homes and movement; vulnerable people at risk.,flood
sevlab-04256,Knee-deep floodwater covering a market road in Beltola; residents wading with belongings; children sitting on a raised platform.,3,Water entering ground floors; relief assistance likely needed soon.,flood
sevlab-04257,Light rainwater puddles on a riverside ghat in Shibpur; people walking normally with umbrellas; no disruption visible.,1,Minor waterlogging with no disruption to people or property.,flood
sevlab-04258,Light rainwater puddles on a school compound in Mushahari; people walking normally with umbrellas; no disruption visible.,1,"Mild conditions; situation under control, no urgent action needed.",flood
sevlab-04259,Ankle-deep waterlogging on a highway stretch in Naliapool; two-wheelers moving slowly; people carrying belongings on their heads.,2,Noticeable impact but daily life continues with adjustments.,flood
sevlab-04260,Strong winds bending trees on a low-lying colony in Sahebganj; rain lashing sideways.,2,Moderate disruption; vulnerable people should take care.,cyclone
sevlab-04261,Knee-to-thigh deep water in a low-lying colony in Baruraj; ground floors flooded; people moving to upper floors.,3,Water entering ground floors; relief assistance likely needed soon.,flood
sevlab-04262,Shin-deep rainwater on a market road in Sultanganj; pedestrians wading carefully; shops placing sandbags.,2,Moderate disruption; vulnerable people should take care.,flood
sevlab-04263,Shin-deep rainwater on a bus stand in Kamptee; pedestrians wading carefully; shops placing sandbags.,2,Noticeable impact but daily life continues with adjustments.,flood
sevlab-04264,Chest-high water rising in a highway stretch in Golghar; residents stranded on rooftops; people carrying belongings on their heads.,4,Deep water across residential areas; critical rescue situation.,flood
sevlab-04265,Ankle-deep waterlogging on a school compound in Chakratirtha; two-wheelers moving slowly; power lines hanging low over the water.,2,Moderate disruption; vulnerable people should take care.,flood
sevlab-04266,Blazing heat over Kushmi; cracked dry ground; labourers resting under a tree.,3,Knee-deep water affecting homes and movement; vulnerable people at risk.,heatwave
sevlab-04267,Damp village street in Kadwa after a shower; normal traffic; shops open.,1,Minor waterlogging with no disruption to people or property.,flood
sevlab-04268,Blazing heat over Dharampeth; cracked dry ground; labourers resting under a tree.,3,Water entering ground floors; relief assistance likely needed soon.,heatwave
sevlab-04269,Knee-deep floodwater covering a railway underpass in Adyar; residents wading with belongings; people carrying belongings on their heads.,3,Knee-deep water affecting homes and movement; vulnerable people at risk.,flood
sevlab-04270,Damp market road in Dum Dum after a shower; normal traffic; shops open.,1,Minor waterlogging with no disruption to people or property.,flood
sevlab-04271,Chest-deep fast-flowing floodwater across Golghar; houses partially submerged with only roofs visible; people stranded on rooftops waving for help; a stranded auto-rickshaw half submerged.,5,Catastrophic conditions; large-scale emergency response needed.,flood
sevlab-04272,Waist-deep brown floodwater submerging a school compound in Indira Nagar; water entering ground-floor homes; an elderly couple watching from a balcony.,4,Waist-deep water entering homes; residents stranded; urgent rescue needed.,flood
sevlab-04273,Scorching heat in Boring Road market; vendors covering stalls with wet cloth; people drinking water frequently.,2,Noticeable impact but daily life continues with adjustments.,heatwave
sevlab-04274,Heavy rain and gusty winds in Hajipur; tin roofs rattling; children sitting on a raised platform.,2,Ankle-deep water slowing movement; manageable with precautions.,cyclone
sevlab-04275,Heavy rain and gusty winds in Belaganj; tin roofs rattling; an elderly couple watching from a balcony.,2,Ankle-deep water slowing movement; manageable with precautions.,cyclone
sevlab-04276,Heavy rain and gusty winds in Belaganj; tin roofs rattling; a stranded auto-rickshaw half submerged.,2,Ankle-deep water slowing movement; manageable with precautions.,cyclone
sevlab-04277,Very hot midday on a riverside ghat in Laheriasarai; shutters half-down; children sitting on a raised platform.,2,Moderate disruption; vulnerable people should take care.,heatwave
sevlab-04278,Damp main road in Satyabadi after a shower; normal traffic; shops open.,1,"Mild conditions; situation under control, no urgent action needed.",flood
sevlab-04279,Very hot midday on a market road in Sahjanwa; shutters half-down; people carrying belongings on their heads.,2,Noticeable impact but daily life continues with adjustments.,heatwave
sevlab-04280,Shin-deep rainwater on a residential lane in Boiragimoth; pedestrians wading carefully; shops placing sandbags.,2,Ankle-deep water slowing movement; manageable with precautions.,flood
sevlab-04281,Knee-deep floodwater covering a highway stretch in Mushahari; residents wading with belongings; people carrying belongings on their heads.,3,Water entering ground floors; relief assistance likely needed soon.,flood
sevlab-04282,Destructive winds battering Porur; collapsed boundary walls; streets flooded.,4,Severe flooding with people trapped; immediate evacuation required.,cyclone
sevlab-04283,Heavy rain and gusty winds in Satyabadi; tin roofs rattling; an elderly couple watching from a balcony.,2,Noticeable impact but daily life continues with adjustments.,cyclone
sevlab-04284,Strong winds bending trees on a market road in Banmankhi; rain lashing sideways.,2,Ankle-deep water slowing movement; manageable with precautions.,cyclone
sevlab-04285,Heavy rain and gusty winds in Boring Road; tin roofs rattling; submerged hand-pumps and shops.,2,Ankle-deep water slowing movement; manageable with precautions.,cyclone
sevlab-04286,Knee-deep floodwater covering a highway stretch in Sabour; residents wading with belongings; a stranded auto-rickshaw half submerged.,3,Knee-deep water affecting homes and movement; vulnerable people at risk.,flood
sevlab-04287,Damp railway underpass in Hingna after a shower; normal traffic; shops open.,1,Minor waterlogging with no disruption to people or property.,flood
sevlab-04288,Dark clouds gathering over Lanka; rough sea; people moving indoors.,1,Minor waterlogging with no disruption to people or property.,cyclone
sevlab-04289,Heavy rain and gusty winds in Velachery; tin roofs rattling; a rescue boat visible in the distance.,2,Moderate disruption; vulnerable people should take care.,cyclone
sevlab-04290,Damp residential lane in Chowkidingee after a shower; normal traffic; shops open.,1,Minor waterlogging with no disruption to people or property.,flood
sevlab-04291,Ankle-deep waterlogging on a residential lane in Sursand; two-wheelers moving slowly; a dog swimming across the lane.,2,Ankle-deep water slowing movement; manageable with precautions.,flood
sevlab-04292,Knee-deep floodwater covering a school compound in Howrah Bridge; residents wading with belongings; floating debris and household items.,3,Significant flooding; evacuation of low-lying homes advised.,flood
sevlab-04293,Dark clouds gathering over Gulabbagh; rough sea; people moving indoors.,1,Minor waterlogging with no disruption to people or property.,cyclone
sevlab-04294,Hot sunny afternoon in Dumra; people using umbrellas; streets active.,1,Minor waterlogging with no disruption to people or property.,heatwave
sevlab-04295,Very hot midday on a market road in Golghar; shutters half-down; people carrying belongings on their heads.,2,Ankle-deep water slowing movement; manageable with precautions.,heatwave
sevlab-04296,Shin-deep rainwater on a school compound in Dumra; pedestrians wading carefully; shops placing sandbags.,2,Noticeable impact but daily life continues with adjustments.,flood
sevlab-04297,Severe flooding in Shibpur; entire village street underwater; families on rooftops; a rescue boat visible in the distance.,5,Catastrophic conditions; large-scale emergency response needed.,flood
sevlab-04298,Very hot midday on a highway stretch in Banmankhi; shutters half-down; children sitting on a raised platform.,2,Moderate disruption; vulnerable people should take care.,heatwave
sevlab-04299,Ankle-deep waterlogging on a low-lying colony in Lalganj; two-wheelers moving slowly; people carrying belongings on their heads.,2,Ankle-deep water slowing movement; manageable with precautions.,flood
sevlab-04300,Severe heatwave in Naliapool; elderly person collapsed near a bus stop; bystanders giving water; submerged hand-pumps and shops.,4,Deep water across residential areas; critical rescue situation.,heatwave
sevlab-04301,Severe heatwave in Kasba; elderly person collapsed near a bus stop; bystanders giving water; an elderly couple watching from a balcony.,4,Waist-deep water entering homes; residents stranded; urgent rescue needed.,heatwave
sevlab-04302,Damp residential lane in T Nagar after a shower; normal traffic; shops open.,1,Minor waterlogging with no disruption to people or property.,flood
sevlab-04303,Very hot midday on a bus stand in Bally; shutters half-down; power lines hanging low over the water.,2,Noticeable impact but daily life continues with adjustments.,heatwave
sevlab-04304,Waist-deep brown floodwater submerging a railway underpass in Rosera; water entering ground-floor homes; children sitting on a raised platform.,4,Severe flooding with people trapped; immediate evacuation required.,flood
sevlab-04305,Very hot midday on a riverside ghat in Benipur; shutters half-down; people carrying belongings on their heads.,2,Ankle-deep water slowing movement; manageable with precautions.,heatwave
sevlab-04306,Ankle-deep waterlogging on a low-lying colony in Pandeypur; two-wheelers moving slowly; submerged hand-pumps and shops.,2,Ankle-deep water slowing movement; manageable with precautions.,flood
sevlab-04307,Damp bus stand in Baruraj after a shower; normal traffic; shops open.,1,Light impact visible; monitoring is sufficient for now.,flood
sevlab-04308,Shin-deep rainwater on a bus stand in Motihari Road; pedestrians wading carefully; shops placing sandbags.,2,Moderate disruption; vulnerable people should take care.,flood
sevlab-04309,Bright harsh sunlight over a bus stand in Boiragimoth; normal crowd with sun protection.,1,Minor waterlogging with no disruption to people or property.,heatwave
sevlab-04310,Massive storm surge flooding Kasba; boats washed onto roads; people carrying belongings on their heads.,5,Extreme danger to life; highest-priority rescue operation.,cyclone
sevlab-04311,Knee-to-thigh deep water in a main road in Paltan Bazaar; ground floors flooded; people moving to upper floors.,3,Significant flooding; evacuation of low-lying homes advised.,flood
sevlab-04312,Waist-deep brown floodwater submerging a school compound in Salt Lake; water entering ground-floor homes; an elderly couple watching from a balcony.,4,Deep water across residential areas; critical rescue situation.,flood
sevlab-04313,Ankle-deep waterlogging on a village street in Delang; two-wheelers moving slowly; an elderly couple watching from a balcony.,2,Moderate disruption; vulnerable people should take care.,flood
sevlab-04314,Severe winds in Sultanganj; uprooted small trees; waterlogging beginning.,3,Knee-deep water affecting homes and movement; vulnerable people at risk.,cyclone
sevlab-04315,Destructive winds battering Mancotta; collapsed boundary walls; streets flooded.,4,Deep water across residential areas; critical rescue situation.,cyclone
sevlab-04316,Shin-deep rainwater on a railway underpass in Paltan Bazaar; pedestrians wading carefully; shops placing sandbags.,2,Moderate disruption; vulnerable people should take care.,flood
sevlab-04317,Ankle-deep waterlogging on a main road in Sursand; two-wheelers moving slowly; volunteers distributing water bottles.,2,Moderate disruption; vulnerable people should take care.,flood
sevlab-04318,Hot sunny afternoon in Gulabbagh; people using umbrellas; streets active.,1,"Mild conditions; situation under control, no urgent action needed.",heatwave
sevlab-04319,Knee-to-thigh deep water in a residential lane in Dharampeth; ground floors flooded; people moving to upper floors.,3,Significant flooding; evacuation of low-lying homes advised.,flood
sevlab-04320,Chest-high water rising in a highway stretch in Kasba; residents stranded on rooftops; floating debris and household items.,4,Waist-deep water entering homes; residents stranded; urgent rescue needed.,flood
sevlab-04321,Very hot midday on a bus stand in Tekari; shutters half-down; children sitting on a raised platform.,2,Ankle-deep water slowing movement; manageable with precautions.,heatwave
sevlab-04322,Waist-deep brown floodwater submerging a riverside ghat in T Nagar; water entering ground-floor homes; power lines hanging low over the water.,4,Deep water across residential areas; critical rescue situation.,flood
sevlab-04323,Severe cyclone landfall near Mushahari; uprooted trees and electric poles; houses with roofs torn off; children sitting on a raised platform.,4,Waist-deep water entering homes; residents stranded; urgent rescue needed.,cyclone
sevlab-04324,Severe flooding in Naugachia; entire village street underwater; families on rooftops; people carrying belongings on their heads.,5,Extreme danger to life; highest-priority rescue operation.,flood
sevlab-04325,Damp highway stretch in Aminabad after a shower; normal traffic; shops open.,1,"Mild conditions; situation under control, no urgent action needed.",flood
sevlab-04326,Light rainwater puddles on a main road in Tilkamanjhi; people walking normally with umbrellas; no disruption visible.,1,Light impact visible; monitoring is sufficient for now.,flood
sevlab-04327,Damp railway underpass in Adyar after a shower; normal traffic; shops open.,1,Light impact visible; monitoring is sufficient for now.,flood
sevlab-04328,Ankle-deep waterlogging on a village street in Kursela; two-wheelers moving slowly; a rescue boat visible in the distance.,2,Ankle-deep water slowing movement; manageable with precautions.,flood
sevlab-04329,Waist-deep brown floodwater submerging a low-lying colony in Khanpur; water entering ground-floor homes; a stranded auto-rickshaw half submerged.,4,Severe flooding with people trapped; immediate evacuation required.,flood
sevlab-04330,Chest-deep fast-flowing floodwater across Mohaddipur; houses partially submerged with only roofs visible; people stranded on rooftops waving for help; power lines hanging low over the water.,5,Extreme danger to life; highest-priority rescue operation.,flood
sevlab-04331,Very hot midday on a riverside ghat in Belsand; shutters half-down; a stranded auto-rickshaw half submerged.,2,Noticeable impact but daily life continues with adjustments.,heatwave
sevlab-04332,Severe flooding in Baruraj; entire riverside ghat underwater; families on rooftops; volunteers distributing water bottles.,5,Catastrophic conditions; large-scale emergency response needed.,flood
sevlab-04333,Heavy rain and gusty winds in Dharampeth; tin roofs rattling; people carrying belongings on their heads.,2,Moderate disruption; vulnerable people should take care.,cyclone
sevlab-04334,Strong winds bending trees on a riverside ghat in Mohaddipur; rain lashing sideways.,2,Ankle-deep water slowing movement; manageable with precautions.,cyclone
sevlab-04335,Knee-deep floodwater covering a market road in Naugachia; residents wading with belongings; submerged hand-pumps and shops.,3,Water entering ground floors; relief assistance likely needed soon.,flood
sevlab-04336,Waist-deep brown floodwater submerging a residential lane in Tekari; water entering ground-floor homes; volunteers distributing water bottles.,4,Waist-deep water entering homes; residents stranded; urgent rescue needed.,flood
sevlab-04337,Cyclonic storm hitting Sitabuldi; fallen trees blocking the road; damaged shop signboards; a rescue boat visible in the distance.,3,Significant flooding; evacuation of low-lying homes advised.,cyclone
sevlab-04338,Cyclonic storm hitting Godowlia; fallen trees blocking the road; damaged shop signboards; submerged hand-pumps and shops.,3,Water entering ground floors; relief assistance likely needed soon.,cyclone
sevlab-04339,Blazing heat over Sealdah; cracked dry ground; labourers resting under a tree.,3,Knee-deep water affecting homes and movement; vulnerable people at risk.,heatwave
sevlab-04340,Severe flooding in Paltan Bazaar; entire highway stretch underwater; families on rooftops; power lines hanging low over the water.,5,Life-threatening flooding with people stranded; immediate mass rescue required.,flood
sevlab-04341,Knee-deep floodwater covering a residential lane in Behala; residents wading with belongings; floating debris and household items.,3,Knee-deep water affecting homes and movement; vulnerable people at risk.,flood
sevlab-04342,Shin-deep rainwater on a railway underpass in Laheriasarai; pedestrians wading carefully; shops placing sandbags.,2,Moderate disruption; vulnerable people should take care.,flood
sevlab-04343,Severe flooding in Barsoi; entire main road underwater; families on rooftops; people carrying belongings on their heads.,5,Catastrophic conditions; large-scale emergency response needed.,flood
sevlab-04344,Strong winds bending trees on a village street in Naliapool; rain lashing sideways.,2,Moderate disruption; vulnerable people should take care.,cyclone
sevlab-04345,Knee-to-thigh deep water in a riverside ghat in Naugachia; ground floors flooded; people moving to upper floors.,3,Water entering ground floors; relief assistance likely needed soon.,flood
sevlab-04346,Severe heatwave in Sursand; elderly person collapsed near a bus stop; bystanders giving water; volunteers distributing water bottles.,4,Severe flooding with people trapped; immediate evacuation required.,heatwave
sevlab-04347,Waist-deep brown floodwater submerging a village street in Manewada; water entering ground-floor homes; volunteers distributing water bottles.,4,Waist-deep water entering homes; residents stranded; urgent rescue needed.,flood
sevlab-04348,Damp highway stretch in Satyabadi after a shower; normal traffic; shops open.,1,"Mild conditions; situation under control, no urgent action needed.",flood
sevlab-04349,Intense heatwave in Ganeshguri; nearly empty streets at noon; a man resting in shade showing heat exhaustion; people carrying belongings on their heads.,3,Water entering ground floors; relief assistance likely needed soon.,heatwave
sevlab-04350,Knee-to-thigh deep water in a main road in Barsoi; ground floors flooded; people moving to upper floors.,3,Significant flooding; evacuation of low-lying homes advised.,flood
sevlab-04351,Bright harsh sunlight over a main road in Delang; normal crowd with sun protection.,1,"Mild conditions; situation under control, no urgent action needed.",heatwave
sevlab-04352,Ankle-deep waterlogging on a highway stretch in Beltola; two-wheelers moving slowly; submerged hand-pumps and shops.,2,Noticeable impact but daily life continues with adjustments.,flood
sevlab-04353,Light rainwater puddles on a highway stretch in Chakratirtha; people walking normally with umbrellas; no disruption visible.,1,Minor waterlogging with no disruption to people or property.,flood
sevlab-04354,Ankle-deep waterlogging on a village street in Dumra; two-wheelers moving slowly; submerged hand-pumps and shops.,2,Noticeable impact but daily life continues with adjustments.,flood
sevlab-04355,Shin-deep rainwater on a railway underpass in Rupauli; pedestrians wading carefully; shops placing sandbags.,2,Moderate disruption; vulnerable people should take care.,flood
sevlab-04356,Damp residential lane in Sigra after a shower; normal traffic; shops open.,1,"Mild conditions; situation under control, no urgent action needed.",flood
sevlab-04357,Knee-deep floodwater covering a village street in Maligaon; residents wading with belongings; a rescue boat visible in the distance.,3,Water entering ground floors; relief assistance likely needed soon.,flood
sevlab-04358,Ankle-deep waterlogging on a railway underpass in Lanka; two-wheelers moving slowly; an elderly couple watching from a balcony.,2,Moderate disruption; vulnerable people should take care.,flood
sevlab-04359,Knee-to-thigh deep water in a school compound in Indira Nagar; ground floors flooded; people moving to upper floors.,3,Knee-deep water affecting homes and movement; vulnerable people at risk.,flood
sevlab-04360,Waist-deep brown floodwater submerging a bus stand in Sea Beach Road; water entering ground-floor homes; a dog swimming across the lane.,4,Severe flooding with people trapped; immediate evacuation required.,flood
sevlab-04361,Light rainwater puddles on a low-lying colony in Boring Road; people walking normally with umbrellas; no disruption visible.,1,"Mild conditions; situation under control, no urgent action needed.",flood
sevlab-04362,Damp riverside ghat in Laheriasarai after a shower; normal traffic; shops open.,1,"Mild conditions; situation under control, no urgent action needed.",flood
sevlab-04363,Damp main road in Mohaddipur after a shower; normal traffic; shops open.,1,Minor waterlogging with no disruption to people or property.,flood
sevlab-04364,Strong winds bending trees on a residential lane in Lanka; rain lashing sideways.,2,Ankle-deep water slowing movement; manageable with precautions.,cyclone
sevlab-04365,Knee-deep floodwater covering a market road in Ashok Rajpath; residents wading with belongings; a stranded auto-rickshaw half submerged.,3,Water entering ground floors; relief assistance likely needed soon.,flood
sevlab-04366,Intense heatwave in Bodh Gaya; nearly empty streets at noon; a man resting in shade showing heat exhaustion; submerged hand-pumps and shops.,3,Significant flooding; evacuation of low-lying homes advised.,heatwave
sevlab-04367,Severe flooding in Chandmari; entire school compound underwater; families on rooftops; volunteers distributing water bottles.,5,Extreme danger to life; highest-priority rescue operation.,flood
sevlab-04368,Shin-deep rainwater on a market road in Pranpur; pedestrians wading carefully; shops placing sandbags.,2,Noticeable impact but daily life continues with adjustments.,flood
sevlab-04369,Severe flooding in Pupri; entire school compound underwater; families on rooftops; people carrying belongings on their heads.,5,Extreme danger to life; highest-priority rescue operation.,flood
sevlab-04370,Shin-deep rainwater on a low-lying colony in Pusa; pedestrians wading carefully; shops placing sandbags.,2,Ankle-deep water slowing movement; manageable with precautions.,flood
sevlab-04371,Waist-deep brown floodwater submerging a village street in Kushmi; water entering ground-floor homes; children sitting on a raised platform.,4,Deep water across residential areas; critical rescue situation.,flood
sevlab-04372,Severe heatwave in Kanti; elderly person collapsed near a bus stop; bystanders giving water; floating debris and household items.,4,Waist-deep water entering homes; residents stranded; urgent rescue needed.,heatwave
sevlab-04373,Heavy rain and gusty winds in Beltola; tin roofs rattling; people carrying belongings on their heads.,2,Moderate disruption; vulnerable people should take care.,cyclone
sevlab-04374,Bright harsh sunlight over a railway underpass in Mithapur; normal crowd with sun protection.,1,Minor waterlogging with no disruption to people or property.,heatwave
sevlab-04375,Chest-high water rising in a main road in T Nagar; residents stranded on rooftops; a stranded auto-rickshaw half submerged.,4,Waist-deep water entering homes; residents stranded; urgent rescue needed.,flood
sevlab-04376,Severe heatwave in Benipur; elderly person collapsed near a bus stop; bystanders giving water; children sitting on a raised platform.,4,Waist-deep water entering homes; residents stranded; urgent rescue needed.,heatwave
sevlab-04377,Ankle-deep waterlogging on a riverside ghat in Porur; two-wheelers moving slowly; people carrying belongings on their heads.,2,Noticeable impact but daily life continues with adjustments.,flood
sevlab-04378,Catastrophic cyclone devastation in Khanpur; collapsed buildings; submerged streets; rescue teams evacuating residents; a rescue boat visible in the distance.,5,Extreme danger to life; highest-priority rescue operation.,cyclone
sevlab-04379,Chest-high water rising in a school compound in T Nagar; residents stranded on rooftops; floating debris and household items.,4,Severe flooding with people trapped; immediate evacuation required.,flood
sevlab-04380,Damp highway stretch in Belsand after a shower; normal traffic; shops open.,1,Light impact visible; monitoring is sufficient for now.,flood
sevlab-04381,Knee-to-thigh deep water in a main road in Pandeypur; ground floors flooded; people moving to upper floors.,3,Significant flooding; evacuation of low-lying homes advised.,flood
sevlab-04382,Light rainwater puddles on a railway underpass in Patrakar Nagar; people walking normally with umbrellas; no disruption visible.,1,"Mild conditions; situation under control, no urgent action needed.",flood
sevlab-04383,Overcast sky with strong winds in Dum Dum; trees swaying; fishermen securing boats.,1,Light impact visible; monitoring is sufficient for now.,cyclone
sevlab-04384,Light rainwater puddles on a residential lane in Sea Beach Road; people walking normally with umbrellas; no disruption visible.,1,Minor waterlogging with no disruption to people or property.,flood
sevlab-04385,Heavy rain and gusty winds in Tekari; tin roofs rattling; people carrying belongings on their heads.,2,Noticeable impact but daily life continues with adjustments.,cyclone
sevlab-04386,Knee-deep floodwater covering a school compound in Paltan Bazaar; residents wading with belongings; a rescue boat visible in the distance.,3,Knee-deep water affecting homes and movement; vulnerable people at risk.,flood
sevlab-04387,Ankle-deep waterlogging on a main road in Sabour; two-wheelers moving slowly; people carrying belongings on their heads.,2,Ankle-deep water slowing movement; manageable with precautions.,flood
sevlab-04388,Light rainwater puddles on a highway stretch in Bally; people walking normally with umbrellas; no disruption visible.,1,Minor waterlogging with no disruption to people or property.,flood
sevlab-04389,Waist-deep brown floodwater submerging a bus stand in Lalganj; water entering ground-floor homes; volunteers distributing water bottles.,4,Deep water across residential areas; critical rescue situation.,flood
sevlab-04390,Catastrophic cyclone devastation in Sherghati; collapsed buildings; submerged streets; rescue teams evacuating residents; floating debris and household items.,5,Catastrophic conditions; large-scale emergency response needed.,cyclone
sevlab-04391,Heavy rain and gusty winds in Bahadurpur; tin roofs rattling; power lines hanging low over the water.,2,Moderate disruption; vulnerable people should take care.,cyclone
sevlab-04392,Shin-deep rainwater on a riverside ghat in Sursand; pedestrians wading carefully; shops placing sandbags.,2,Moderate disruption; vulnerable people should take care.,flood
sevlab-04393,Knee-to-thigh deep water in a low-lying colony in Pusa; ground floors flooded; people moving to upper floors.,3,Knee-deep water affecting homes and movement; vulnerable people at risk.,flood
sevlab-04394,Very hot midday on a riverside ghat in Phulwari Sharif; shutters half-down; a rescue boat visible in the distance.,2,Ankle-deep water slowing movement; manageable with precautions.,heatwave
sevlab-04395,Ankle-deep waterlogging on a main road in Rajendra Nagar; two-wheelers moving slowly; volunteers distributing water bottles.,2,Moderate disruption; vulnerable people should take care.,flood
sevlab-04396,Damp market road in Naugachia after a shower; normal traffic; shops open.,1,Light impact visible; monitoring is sufficient for now.,flood
sevlab-04397,Very hot midday on a highway stretch in Jale; shutters half-down; an elderly couple watching from a balcony.,2,Ankle-deep water slowing movement; manageable with precautions.,heatwave
sevlab-04398,Ankle-deep waterlogging on a main road in Phulwari Sharif; two-wheelers moving slowly; submerged hand-pumps and shops.,2,Noticeable impact but daily life continues with adjustments.,flood
sevlab-04399,Ankle-deep waterlogging on a village street in Ashok Rajpath; two-wheelers moving slowly; a stranded auto-rickshaw half submerged.,2,Moderate disruption; vulnerable people should take care.,flood
sevlab-04400,Light rainwater puddles on a main road in Kanti; people walking normally with umbrellas; no disruption visible.,1,Minor waterlogging with no disruption to people or property.,flood
sevlab-04401,Heavy rain and gusty winds in Khanpur; tin roofs rattling; volunteers distributing water bottles.,2,Noticeable impact but daily life continues with adjustments.,cyclone
sevlab-04402,Catastrophic cyclone devastation in Howrah Bridge; collapsed buildings; submerged streets; rescue teams evacuating residents; an elderly couple watching from a balcony.,5,Extreme danger to life; highest-priority rescue operation.,cyclone
sevlab-04403,Intense heatwave in Pandeypur; nearly empty streets at noon; a man resting in shade showing heat exhaustion; a rescue boat visible in the distance.,3,Significant flooding; evacuation of low-lying homes advised.,heatwave
sevlab-04404,Strong winds bending trees on a low-lying colony in Hingna; rain lashing sideways.,2,Ankle-deep water slowing movement; manageable with precautions.,cyclone
sevlab-04405,Severe heatwave in Ganeshguri; elderly person collapsed near a bus stop; bystanders giving water; submerged hand-pumps and shops.,4,Severe flooding with people trapped; immediate evacuation required.,heatwave
sevlab-04406,Chest-high water rising in a main road in Benipur; residents stranded on rooftops; people carrying belongings on their heads.,4,Severe flooding with people trapped; immediate evacuation required.,flood
sevlab-04407,Knee-to-thigh deep water in a bus stand in Paltan Bazaar; ground floors flooded; people moving to upper floors.,3,Significant flooding; evacuation of low-lying homes advised.,flood
sevlab-04408,Ankle-deep waterlogging on a bus stand in Jale; two-wheelers moving slowly; volunteers distributing water bottles.,2,Moderate disruption; vulnerable people should take care.,flood
sevlab-04409,Hot sunny afternoon in Godowlia; people using umbrellas; streets active.,1,Light impact visible; monitoring is sufficient for now.,heatwave
sevlab-04410,Chest-deep fast-flowing floodwater across Sitabuldi; houses partially submerged with only roofs visible; people stranded on rooftops waving for help; volunteers distributing water bottles.,5,Extreme danger to life; highest-priority rescue operation.,flood
sevlab-04411,Massive storm surge flooding Anna Nagar; boats washed onto roads; an elderly couple watching from a balcony.,5,Extreme danger to life; highest-priority rescue operation.,cyclone
sevlab-04412,Bright harsh sunlight over a residential lane in Bairgania; normal crowd with sun protection.,1,"Mild conditions; situation under control, no urgent action needed.",heatwave
sevlab-04413,Shin-deep rainwater on a village street in Aminabad; pedestrians wading carefully; shops placing sandbags.,2,Ankle-deep water slowing movement; manageable with precautions.,flood
sevlab-04414,Severe cyclone landfall near Lanka; uprooted trees and electric poles; houses with roofs torn off; submerged hand-pumps and shops.,4,Waist-deep water entering homes; residents stranded; urgent rescue needed.,cyclone
sevlab-04415,Massive storm surge flooding Golghar; boats washed onto roads; an elderly couple watching from a balcony.,5,Catastrophic conditions; large-scale emergency response needed.,cyclone
sevlab-04416,Damp bus stand in Kursela after a shower; normal traffic; shops open.,1,"Mild conditions; situation under control, no urgent action needed.",flood
sevlab-04417,Light rainwater puddles on a railway underpass in Anna Nagar; people walking normally with umbrellas; no disruption visible.,1,"Mild conditions; situation under control, no urgent action needed.",flood
sevlab-04418,Intense heatwave in Ganeshguri; nearly empty streets at noon; a man resting in shade showing heat exhaustion; a dog swimming across the lane.,3,Water entering ground floors; relief assistance likely needed soon.,heatwave
sevlab-04419,Ankle-deep waterlogging on a market road in Boring Road; two-wheelers moving slowly; a rescue boat visible in the distance.,2,Ankle-deep water slowing movement; manageable with precautions.,flood
sevlab-04420,Chest-high water rising in a residential lane in Paltan Bazaar; residents stranded on rooftops; a rescue boat visible in the distance.,4,Waist-deep water entering homes; residents stranded; urgent rescue needed.,flood
sevlab-04421,Damp village street in Mohaddipur after a shower; normal traffic; shops open.,1,Light impact visible; monitoring is sufficient for now.,flood
sevlab-04422,Knee-deep floodwater covering a riverside ghat in Rosera; residents wading with belongings; children sitting on a raised platform.,3,Knee-deep water affecting homes and movement; vulnerable people at risk.,flood
sevlab-04423,Damp highway stretch in Hingna after a shower; normal traffic; shops open.,1,Minor waterlogging with no disruption to people or property.,flood
sevlab-04424,Damp riverside ghat in Indira Nagar after a shower; normal traffic; shops open.,1,"Mild conditions; situation under control, no urgent action needed.",flood
sevlab-04425,Knee-to-thigh deep water in a low-lying colony in Lalganj; ground floors flooded; people moving to upper floors.,3,Significant flooding; evacuation of low-lying homes advised.,flood
sevlab-04426,Knee-to-thigh deep water in a riverside ghat in Motihari Road; ground floors flooded; people moving to upper floors.,3,Significant flooding; evacuation of low-lying homes advised.,flood
sevlab-04427,Ankle-deep waterlogging on a village street in Motihari Road; two-wheelers moving slowly; a rescue boat visible in the distance.,2,Moderate disruption; vulnerable people should take care.,flood
sevlab-04428,Strong winds bending trees on a low-lying colony in Sursand; rain lashing sideways.,2,Moderate disruption; vulnerable people should take care.,cyclone
sevlab-04429,Ankle-deep waterlogging on a residential lane in Paltan Bazaar; two-wheelers moving slowly; a dog swimming across the lane.,2,Moderate disruption; vulnerable people should take care.,flood
sevlab-04430,Extreme heat in Delang; thermometer reading dangerously high; streets deserted.,4,Waist-deep water entering homes; residents stranded; urgent rescue needed.,heatwave
sevlab-04431,Knee-deep floodwater covering a market road in Hingna; residents wading with belongings; a rescue boat visible in the distance.,3,Knee-deep water affecting homes and movement; vulnerable people at risk.,flood
sevlab-04432,Chest-deep fast-flowing floodwater across Raghopur; houses partially submerged with only roofs visible; people stranded on rooftops waving for help; a dog swimming across the lane.,5,Catastrophic conditions; large-scale emergency response needed.,flood
sevlab-04433,Destructive winds battering Gandhi Maidan; collapsed boundary walls; streets flooded.,4,Waist-deep water entering homes; residents stranded; urgent rescue needed.,cyclone
sevlab-04434,Shin-deep rainwater on a riverside ghat in Benipur; pedestrians wading carefully; shops placing sandbags.,2,Moderate disruption; vulnerable people should take care.,flood
sevlab-04435,Scorching heat in Anna Nagar market; vendors covering stalls with wet cloth; people drinking water frequently.,2,Noticeable impact but daily life continues with adjustments.,heatwave
sevlab-04436,Waist-deep brown floodwater submerging a village street in Jale; water entering ground-floor homes; children sitting on a raised platform.,4,Deep water across residential areas; critical rescue situation.,flood
sevlab-04437,Severe cyclone landfall near Pranpur; uprooted trees and electric poles; houses with roofs torn off; children sitting on a raised platform.,4,Waist-deep water entering homes; residents stranded; urgent rescue needed.,cyclone
sevlab-04438,Light rainwater puddles on a school compound in Sigra; people walking normally with umbrellas; no disruption visible.,1,"Mild conditions; situation under control, no urgent action needed.",flood
sevlab-04439,Cyclonic storm hitting Khanpur; fallen trees blocking the road; damaged shop signboards; a rescue boat visible in the distance.,3,Knee-deep water affecting homes and movement; vulnerable people at risk.,cyclone
sevlab-04440,Deadly heatwave in Ganeshguri; hospital entrance crowded; shops shuttered in peak afternoon.,5,Extreme danger to life; highest-priority rescue operation.,heatwave
sevlab-04441,Extreme heat in Mohaddipur; thermometer reading dangerously high; streets deserted.,4,Waist-deep water entering homes; residents stranded; urgent rescue needed.,heatwave
sevlab-04442,Chest-high water rising in a railway underpass in Gandhi Maidan; residents stranded on rooftops; volunteers distributing water bottles.,4,Severe flooding with people trapped; immediate evacuation required.,flood
sevlab-04443,Severe cyclone landfall near Chandmari; uprooted trees and electric poles; houses with roofs torn off; power lines hanging low over the water.,4,Waist-deep water entering homes; residents stranded; urgent rescue needed.,cyclone
sevlab-04444,Extreme heat in Salt Lake; thermometer reading dangerously high; streets deserted.,4,Deep water across residential areas; critical rescue situation.,heatwave
sevlab-04445,Severe winds in Sherghati; uprooted small trees; waterlogging beginning.,3,Knee-deep water affecting homes and movement; vulnerable people at risk.,cyclone
sevlab-04446,Chest-high water rising in a village street in Gomti Nagar; residents stranded on rooftops; a stranded auto-rickshaw half submerged.,4,Severe flooding with people trapped; immediate evacuation required.,flood
sevlab-04447,Damp market road in Kahalgaon after a shower; normal traffic; shops open.,1,Minor waterlogging with no disruption to people or property.,flood
sevlab-04448,Very hot midday on a highway stretch in Sitabuldi; shutters half-down; floating debris and household items.,2,Noticeable impact but daily life continues with adjustments.,heatwave
sevlab-04449,Knee-deep floodwater covering a highway stretch in Naliapool; residents wading with belongings; a rescue boat visible in the distance.,3,Significant flooding; evacuation of low-lying homes advised.,flood
sevlab-04450,Shin-deep rainwater on a highway stretch in Khanpur; pedestrians wading carefully; shops placing sandbags.,2,Moderate disruption; vulnerable people should take care.,flood
sevlab-04451,Ankle-deep waterlogging on a highway stretch in Jale; two-wheelers moving slowly; a stranded auto-rickshaw half submerged.,2,Ankle-deep water slowing movement; manageable with precautions.,flood
sevlab-04452,Knee-deep floodwater covering a riverside ghat in Bahadurpur; residents wading with belongings; people carrying belongings on their heads.,3,Knee-deep water affecting homes and movement; vulnerable people at risk.,flood
sevlab-04453,Very hot midday on a bus stand in Manihari; shutters half-down; a dog swimming across the lane.,2,Moderate disruption; vulnerable people should take care.,heatwave
sevlab-04454,Heavy rain and gusty winds in Uluberia; tin roofs rattling; a stranded auto-rickshaw half submerged.,2,Noticeable impact but daily life continues with adjustments.,cyclone
sevlab-04455,Severe flooding in Beltola; entire riverside ghat underwater; families on rooftops; floating debris and household items.,5,Catastrophic conditions; large-scale emergency response needed.,flood
sevlab-04456,Chest-high water rising in a market road in Mancotta; residents stranded on rooftops; people carrying belongings on their heads.,4,Deep water across residential areas; critical rescue situation.,flood
sevlab-04457,Shin-deep rainwater on a school compound in Sitabuldi; pedestrians wading carefully; shops placing sandbags.,2,Noticeable impact but daily life continues with adjustments.,flood
sevlab-04458,Chest-high water rising in a residential lane in Rupauli; residents stranded on rooftops; submerged hand-pumps and shops.,4,Deep water across residential areas; critical rescue situation.,flood
sevlab-04459,Severe heatwave in Sealdah; elderly person collapsed near a bus stop; bystanders giving water; an elderly couple watching from a balcony.,4,Severe flooding with people trapped; immediate evacuation required.,heatwave
sevlab-04460,Damp village street in Belaganj after a shower; normal traffic; shops open.,1,Minor waterlogging with no disruption to people or property.,flood
sevlab-04461,Strong winds bending trees on a market road in T Nagar; rain lashing sideways.,2,Ankle-deep water slowing movement; manageable with precautions.,cyclone
sevlab-04462,Ankle-deep waterlogging on a riverside ghat in Velachery; two-wheelers moving slowly; an elderly couple watching from a balcony.,2,Moderate disruption; vulnerable people should take care.,flood
sevlab-04463,Intense heatwave in Belaganj; nearly empty streets at noon; a man resting in shade showing heat exhaustion; a rescue boat visible in the distance.,3,Knee-deep water affecting homes and movement; vulnerable people at risk.,heatwave
sevlab-04464,Very hot midday on a bus stand in Golghar; shutters half-down; volunteers distributing water bottles.,2,Moderate disruption; vulnerable people should take care.,heatwave
sevlab-04465,Severe cyclone landfall near Gulabbagh; uprooted trees and electric poles; houses with roofs torn off; a dog swimming across the lane.,4,Deep water across residential areas; critical rescue situation.,cyclone
sevlab-04466,Ankle-deep waterlogging on a bus stand in Kadwa; two-wheelers moving slowly; a stranded auto-rickshaw half submerged.,2,Ankle-deep water slowing movement; manageable with precautions.,flood
sevlab-04467,Damp railway underpass in Rupauli after a shower; normal traffic; shops open.,1,"Mild conditions; situation under control, no urgent action needed.",flood
sevlab-04468,Severe heatwave in Bahadurpur; elderly person collapsed near a bus stop; bystanders giving water; children sitting on a raised platform.,4,Deep water across residential areas; critical rescue situation.,heatwave
sevlab-04469,Intense heatwave in Mancotta; nearly empty streets at noon; a man resting in shade showing heat exhaustion; volunteers distributing water bottles.,3,Knee-deep water affecting homes and movement; vulnerable people at risk.,heatwave
sevlab-04470,Severe cyclone landfall near Sigra; uprooted trees and electric poles; houses with roofs torn off; volunteers distributing water bottles.,4,Deep water across residential areas; critical rescue situation.,cyclone
sevlab-04471,Bright harsh sunlight over a main road in Golghar; normal crowd with sun protection.,1,Minor waterlogging with no disruption to people or property.,heatwave
sevlab-04472,Ankle-deep waterlogging on a riverside ghat in Dhamdaha; two-wheelers moving slowly; submerged hand-pumps and shops.,2,Moderate disruption; vulnerable people should take care.,flood
sevlab-04473,Knee-deep floodwater covering a main road in Beltola; residents wading with belongings; an elderly couple watching from a balcony.,3,Water entering ground floors; relief assistance likely needed soon.,flood
sevlab-04474,Waist-deep brown floodwater submerging a railway underpass in Mancotta; water entering ground-floor homes; a rescue boat visible in the distance.,4,Deep water across residential areas; critical rescue situation.,flood
sevlab-04475,Severe heatwave in Barsoi; elderly person collapsed near a bus stop; bystanders giving water; submerged hand-pumps and shops.,4,Deep water across residential areas; critical rescue situation.,heatwave
sevlab-04476,Damp school compound in Sigra after a shower; normal traffic; shops open.,1,Light impact visible; monitoring is sufficient for now.,flood
sevlab-04477,Strong winds bending trees on a residential lane in Gomti Nagar; rain lashing sideways.,2,Ankle-deep water slowing movement; manageable with precautions.,cyclone
sevlab-04478,Damp low-lying colony in Mohanbari after a shower; normal traffic; shops open.,1,"Mild conditions; situation under control, no urgent action needed.",flood
sevlab-04479,Intense heatwave in Delang; nearly empty streets at noon; a man resting in shade showing heat exhaustion; power lines hanging low over the water.,3,Significant flooding; evacuation of low-lying homes advised.,heatwave
sevlab-04480,Chest-high water rising in a highway stretch in Sursand; residents stranded on rooftops; power lines hanging low over the water.,4,Severe flooding with people trapped; immediate evacuation required.,flood
sevlab-04481,Damp low-lying colony in Bairgania after a shower; normal traffic; shops open.,1,"Mild conditions; situation under control, no urgent action needed.",flood
sevlab-04482,Bright harsh sunlight over a market road in Danapur; normal crowd with sun protection.,1,"Mild conditions; situation under control, no urgent action needed.",heatwave
sevlab-04483,Light rainwater puddles on a village street in Sea Beach Road; people walking normally with umbrellas; no disruption visible.,1,Minor waterlogging with no disruption to people or property.,flood
sevlab-04484,Light rainwater puddles on a bus stand in Chandmari; people walking normally with umbrellas; no disruption visible.,1,Light impact visible; monitoring is sufficient for now.,flood
sevlab-04485,Shin-deep rainwater on a village street in Manewada; pedestrians wading carefully; shops placing sandbags.,2,Noticeable impact but daily life continues with adjustments.,flood
sevlab-04486,Shin-deep rainwater on a low-lying colony in Lalganj; pedestrians wading carefully; shops placing sandbags.,2,Noticeable impact but daily life continues with adjustments.,flood
sevlab-04487,Intense heatwave in Satyabadi; nearly empty streets at noon; a man resting in shade showing heat exhaustion; an elderly couple watching from a balcony.,3,Significant flooding; evacuation of low-lying homes advised.,heatwave
sevlab-04488,Cyclonic storm hitting Mithapur; fallen trees blocking the road; damaged shop signboards; floating debris and household items.,3,Significant flooding; evacuation of low-lying homes advised.,cyclone
sevlab-04489,Destructive winds battering Khanpur; collapsed boundary walls; streets flooded.,4,Deep water across residential areas; critical rescue situation.,cyclone
sevlab-04490,Very hot midday on a highway stretch in Sabour; shutters half-down; volunteers distributing water bottles.,2,Moderate disruption; vulnerable people should take care.,heatwave
sevlab-04491,Light rainwater puddles on a bus stand in Salt Lake; people walking normally with umbrellas; no disruption visible.,1,"Mild conditions; situation under control, no urgent action needed.",flood
sevlab-04492,Strong winds bending trees on a residential lane in Banmankhi; rain lashing sideways.,2,Ankle-deep water slowing movement; manageable with precautions.,cyclone
sevlab-04493,Ankle-deep waterlogging on a market road in Boiragimoth; two-wheelers moving slowly; an elderly couple watching from a balcony.,2,Noticeable impact but daily life continues with adjustments.,flood
sevlab-04494,Knee-deep floodwater covering a school compound in Adyar; residents wading with belongings; floating debris and household items.,3,Significant flooding; evacuation of low-lying homes advised.,flood
sevlab-04495,Knee-deep floodwater covering a market road in Talabania; residents wading with belongings; a stranded auto-rickshaw half submerged.,3,Water entering ground floors; relief assistance likely needed soon.,flood
sevlab-04496,Cyclonic storm hitting Golghar; fallen trees blocking the road; damaged shop signboards; volunteers distributing water bottles.,3,Knee-deep water affecting homes and movement; vulnerable people at risk.,cyclone
sevlab-04497,Light rainwater puddles on a market road in Sahjanwa; people walking normally with umbrellas; no disruption visible.,1,"Mild conditions; situation under control, no urgent action needed.",flood
sevlab-04498,Intense heatwave in Manpur; nearly empty streets at noon; a man resting in shade showing heat exhaustion; a rescue boat visible in the distance.,3,Knee-deep water affecting homes and movement; vulnerable people at risk.,heatwave
sevlab-04499,Blazing heat over Satyabadi; cracked dry ground; labourers resting under a tree.,3,Significant flooding; evacuation of low-lying homes advised.,heatwave
sevlab-04500,Damp main road in Sigra after a shower; normal traffic; shops open.,1,"Mild conditions; situation under control, no urgent action needed.",flood
sevlab-04501,Extreme heat in Rosera; thermometer reading dangerously high; streets deserted.,4,Deep water across residential areas; critical rescue situation.,heatwave
sevlab-04502,Catastrophic cyclone devastation in Banmankhi; collapsed buildings; submerged streets; rescue teams evacuating residents; a dog swimming across the lane.,5,Extreme danger to life; highest-priority rescue operation.,cyclone
sevlab-04503,Very hot midday on a school compound in Sultanganj; shutters half-down; a stranded auto-rickshaw half submerged.,2,Ankle-deep water slowing movement; manageable with precautions.,heatwave
sevlab-04504,Light rainwater puddles on a bus stand in Dalsinghsarai; people walking normally with umbrellas; no disruption visible.,1,Minor waterlogging with no disruption to people or property.,flood
sevlab-04505,Damp low-lying colony in Naugachia after a shower; normal traffic; shops open.,1,Minor waterlogging with no disruption to people or property.,flood
sevlab-04506,Ankle-deep waterlogging on a highway stretch in Tekari; two-wheelers moving slowly; people carrying belongings on their heads.,2,Moderate disruption; vulnerable people should take care.,flood
sevlab-04507,Light rainwater puddles on a school compound in Baruraj; people walking normally with umbrellas; no disruption visible.,1,"Mild conditions; situation under control, no urgent action needed.",flood
sevlab-04508,Ankle-deep waterlogging on a village street in Pranpur; two-wheelers moving slowly; children sitting on a raised platform.,2,Moderate disruption; vulnerable people should take care.,flood
sevlab-04509,Waist-deep brown floodwater submerging a highway stretch in Kasba; water entering ground-floor homes; people carrying belongings on their heads.,4,Severe flooding with people trapped; immediate evacuation required.,flood
sevlab-04510,Strong winds bending trees on a highway stretch in Ramnagar; rain lashing sideways.,2,Noticeable impact but daily life continues with adjustments.,cyclone
sevlab-04511,Shin-deep rainwater on a market road in Motihari Road; pedestrians wading carefully; shops placing sandbags.,2,Moderate disruption; vulnerable people should take care.,flood
sevlab-04512,Blazing heat over Chakratirtha; cracked dry ground; labourers resting under a tree.,3,Knee-deep water affecting homes and movement; vulnerable people at risk.,heatwave
sevlab-04513,Ankle-deep waterlogging on a riverside ghat in Mahnar; two-wheelers moving slowly; children sitting on a raised platform.,2,Moderate disruption; vulnerable people should take care.,flood
sevlab-04514,Knee-deep floodwater covering a residential lane in Hingna; residents wading with belongings; power lines hanging low over the water.,3,Significant flooding; evacuation of low-lying homes advised.,flood
sevlab-04515,Ankle-deep waterlogging on a residential lane in Pupri; two-wheelers moving slowly; an elderly couple watching from a balcony.,2,Moderate disruption; vulnerable people should take care.,flood
sevlab-04516,Ankle-deep waterlogging on a highway stretch in Baruraj; two-wheelers moving slowly; a dog swimming across the lane.,2,Ankle-deep water slowing movement; manageable with precautions.,flood
sevlab-04517,Overcast sky with strong winds in Salt Lake; trees swaying; fishermen securing boats.,1,Minor waterlogging with no disruption to people or property.,cyclone
sevlab-04518,Overcast sky with strong winds in Aminabad; trees swaying; fishermen securing boats.,1,"Mild conditions; situation under control, no urgent action needed.",cyclone
sevlab-04519,Light rainwater puddles on a school compound in Phulwari Sharif; people walking normally with umbrellas; no disruption visible.,1,"Mild conditions; situation under control, no urgent action needed.",flood
sevlab-04520,Intense heatwave in Rajendra Nagar; nearly empty streets at noon; a man resting in shade showing heat exhaustion; volunteers distributing water bottles.,3,Knee-deep water affecting homes and movement; vulnerable people at risk.,heatwave
sevlab-04521,Knee-to-thigh deep water in a railway underpass in Kanti; ground floors flooded; people moving to upper floors.,3,Knee-deep water affecting homes and movement; vulnerable people at risk.,flood
sevlab-04522,Light rainwater puddles on a school compound in Tekari; people walking normally with umbrellas; no disruption visible.,1,Minor waterlogging with no disruption to people or property.,flood
sevlab-04523,Chest-high water rising in a market road in Hajipur; residents stranded on rooftops; a stranded auto-rickshaw half submerged.,4,Waist-deep water entering homes; residents stranded; urgent rescue needed.,flood
sevlab-04524,Ankle-deep waterlogging on a market road in Bidupur; two-wheelers moving slowly; people carrying belongings on their heads.,2,Ankle-deep water slowing movement; manageable with precautions.,flood
sevlab-04525,Light rainwater puddles on a bus stand in Satyabadi; people walking normally with umbrellas; no disruption visible.,1,"Mild conditions; situation under control, no urgent action needed.",flood
sevlab-04526,Chest-deep fast-flowing floodwater across Velachery; houses partially submerged with only roofs visible; people stranded on rooftops waving for help; power lines hanging low over the water.,5,Extreme danger to life; highest-priority rescue operation.,flood
sevlab-04527,Shin-deep rainwater on a market road in Phulwari Sharif; pedestrians wading carefully; shops placing sandbags.,2,Ankle-deep water slowing movement; manageable with precautions.,flood
sevlab-04528,Ankle-deep waterlogging on a village street in Sabour; two-wheelers moving slowly; power lines hanging low over the water.,2,Ankle-deep water slowing movement; manageable with precautions.,flood
sevlab-04529,Severe cyclone landfall near Kursela; uprooted trees and electric poles; houses with roofs torn off; power lines hanging low over the water.,4,Deep water across residential areas; critical rescue situation.,cyclone
sevlab-04530,Shin-deep rainwater on a village street in Rosera; pedestrians wading carefully; shops placing sandbags.,2,Noticeable impact but daily life continues with adjustments.,flood
sevlab-04531,Intense heatwave in Kamptee; nearly empty streets at noon; a man resting in shade showing heat exhaustion; a stranded auto-rickshaw half submerged.,3,Knee-deep water affecting homes and movement; vulnerable people at risk.,heatwave
sevlab-04532,Bright harsh sunlight over a bus stand in Liluah; normal crowd with sun protection.,1,"Mild conditions; situation under control, no urgent action needed.",heatwave
sevlab-04533,Knee-deep floodwater covering a main road in Benipur; residents wading with belongings; power lines hanging low over the water.,3,Significant flooding; evacuation of low-lying homes advised.,flood
sevlab-04534,Knee-deep floodwater covering a riverside ghat in Paltan Bazaar; residents wading with belongings; children sitting on a raised platform.,3,Water entering ground floors; relief assistance likely needed soon.,flood
sevlab-04535,Chest-high water rising in a highway stretch in Porur; residents stranded on rooftops; a stranded auto-rickshaw half submerged.,4,Waist-deep water entering homes; residents stranded; urgent rescue needed.,flood
sevlab-04536,Light rainwater puddles on a school compound in Pandeypur; people walking normally with umbrellas; no disruption visible.,1,"Mild conditions; situation under control, no urgent action needed.",flood
sevlab-04537,Knee-deep floodwater covering a school compound in Chandmari; residents wading with belongings; volunteers distributing water bottles.,3,Significant flooding; evacuation of low-lying homes advised.,flood
sevlab-04538,Light rainwater puddles on a main road in Kasba; people walking normally with umbrellas; no disruption visible.,1,Minor waterlogging with no disruption to people or property.,flood
sevlab-04539,Light rainwater puddles on a low-lying colony in Aminabad; people walking normally with umbrellas; no disruption visible.,1,Minor waterlogging with no disruption to people or property.,flood
sevlab-04540,Chest-deep fast-flowing floodwater across Jale; houses partially submerged with only roofs visible; people stranded on rooftops waving for help; volunteers distributing water bottles.,5,Catastrophic conditions; large-scale emergency response needed.,flood
sevlab-04541,Light rainwater puddles on a residential lane in Bidupur; people walking normally with umbrellas; no disruption visible.,1,Minor waterlogging with no disruption to people or property.,flood
sevlab-04542,Intense heatwave in Anna Nagar; nearly empty streets at noon; a man resting in shade showing heat exhaustion; a rescue boat visible in the distance.,3,Knee-deep water affecting homes and movement; vulnerable people at risk.,heatwave
sevlab-04543,Cyclonic storm hitting Salt Lake; fallen trees blocking the road; damaged shop signboards; a dog swimming across the lane.,3,Significant flooding; evacuation of low-lying homes advised.,cyclone
sevlab-04544,Shin-deep rainwater on a railway underpass in Pusa; pedestrians wading carefully; shops placing sandbags.,2,Moderate disruption; vulnerable people should take care.,flood
sevlab-04545,Very hot midday on a bus stand in Digha; shutters half-down; an elderly couple watching from a balcony.,2,Ankle-deep water slowing movement; manageable with precautions.,heatwave
sevlab-04546,Scorching heat in Naugachia market; vendors covering stalls with wet cloth; people drinking water frequently.,2,Moderate disruption; vulnerable people should take care.,heatwave
sevlab-04547,Chest-deep fast-flowing floodwater across Kanti; houses partially submerged with only roofs visible; people stranded on rooftops waving for help; people carrying belongings on their heads.,5,Catastrophic conditions; large-scale emergency response needed.,flood
sevlab-04548,Ankle-deep waterlogging on a riverside ghat in Belsand; two-wheelers moving slowly; children sitting on a raised platform.,2,Moderate disruption; vulnerable people should take care.,flood
sevlab-04549,Hot sunny afternoon in Kadwa; people using umbrellas; streets active.,1,Minor waterlogging with no disruption to people or property.,heatwave
sevlab-04550,Waist-deep brown floodwater submerging a bus stand in Mushahari; water entering ground-floor homes; a dog swimming across the lane.,4,Waist-deep water entering homes; residents stranded; urgent rescue needed.,flood
sevlab-04551,Knee-to-thigh deep water in a riverside ghat in Ashok Rajpath; ground floors flooded; people moving to upper floors.,3,Water entering ground floors; relief assistance likely needed soon.,flood
sevlab-04552,Cyclonic storm hitting Santragachi; fallen trees blocking the road; damaged shop signboards; power lines hanging low over the water.,3,Water entering ground floors; relief assistance likely needed soon.,cyclone
sevlab-04553,Shin-deep rainwater on a riverside ghat in Pusa; pedestrians wading carefully; shops placing sandbags.,2,Moderate disruption; vulnerable people should take care.,flood
sevlab-04554,Bright harsh sunlight over a village street in Manihari; normal crowd with sun protection.,1,Minor waterlogging with no disruption to people or property.,heatwave
sevlab-04555,Knee-deep floodwater covering a market road in Sealdah; residents wading with belongings; a dog swimming across the lane.,3,Water entering ground floors; relief assistance likely needed soon.,flood
sevlab-04556,Light rainwater puddles on a village street in Sigra; people walking normally with umbrellas; no disruption visible.,1,"Mild conditions; situation under control, no urgent action needed.",flood
sevlab-04557,Damp village street in Boiragimoth after a shower; normal traffic; shops open.,1,"Mild conditions; situation under control, no urgent action needed.",flood
sevlab-04558,Shin-deep rainwater on a highway stretch in Belaganj; pedestrians wading carefully; shops placing sandbags.,2,Ankle-deep water slowing movement; manageable with precautions.,flood
sevlab-04559,Damp market road in Hajipur after a shower; normal traffic; shops open.,1,Minor waterlogging with no disruption to people or property.,flood
sevlab-04560,Bright harsh sunlight over a bus stand in Paltan Bazaar; normal crowd with sun protection.,1,"Mild conditions; situation under control, no urgent action needed.",heatwave
sevlab-04561,Shin-deep rainwater on a railway underpass in Chowkidingee; pedestrians wading carefully; shops placing sandbags.,2,Ankle-deep water slowing movement; manageable with precautions.,flood
sevlab-04562,Ankle-deep waterlogging on a riverside ghat in Benipur; two-wheelers moving slowly; a dog swimming across the lane.,2,Noticeable impact but daily life continues with adjustments.,flood
sevlab-04563,Damp school compound in Phulwari Sharif after a shower; normal traffic; shops open.,1,Minor waterlogging with no disruption to people or property.,flood
sevlab-04564,Light rainwater puddles on a highway stretch in Indira Nagar; people walking normally with umbrellas; no disruption visible.,1,Minor waterlogging with no disruption to people or property.,flood
sevlab-04565,Severe flooding in Bodh Gaya; entire main road underwater; families on rooftops; power lines hanging low over the water.,5,Catastrophic conditions; large-scale emergency response needed.,flood
sevlab-04566,Knee-to-thigh deep water in a highway stretch in Sahjanwa; ground floors flooded; people moving to upper floors.,3,Knee-deep water affecting homes and movement; vulnerable people at risk.,flood
sevlab-04567,Ankle-deep waterlogging on a highway stretch in Gomti Nagar; two-wheelers moving slowly; an elderly couple watching from a balcony.,2,Moderate disruption; vulnerable people should take care.,flood
sevlab-04568,Knee-deep floodwater covering a bus stand in Sursand; residents wading with belongings; power lines hanging low over the water.,3,Water entering ground floors; relief assistance likely needed soon.,flood
sevlab-04569,Damp highway stretch in Chowk after a shower; normal traffic; shops open.,1,Light impact visible; monitoring is sufficient for now.,flood
sevlab-04570,Severe winds in Aliganj; uprooted small trees; waterlogging beginning.,3,Significant flooding; evacuation of low-lying homes advised.,cyclone
sevlab-04571,Light rainwater puddles on a riverside ghat in Lalganj; people walking normally with umbrellas; no disruption visible.,1,"Mild conditions; situation under control, no urgent action needed.",flood
sevlab-04572,Intense heatwave in Hajipur; nearly empty streets at noon; a man resting in shade showing heat exhaustion; a rescue boat visible in the distance.,3,Significant flooding; evacuation of low-lying homes advised.,heatwave
sevlab-04573,Ankle-deep waterlogging on a school compound in Bairgania; two-wheelers moving slowly; volunteers distributing water bottles.,2,Ankle-deep water slowing movement; manageable with precautions.,flood
sevlab-04574,Heavy rain and gusty winds in Mancotta; tin roofs rattling; an elderly couple watching from a balcony.,2,Ankle-deep water slowing movement; manageable with precautions.,cyclone
sevlab-04575,Knee-deep floodwater covering a railway underpass in Baruraj; residents wading with belongings; an elderly couple watching from a balcony.,3,Significant flooding; evacuation of low-lying homes advised.,flood
sevlab-04576,Shin-deep rainwater on a school compound in Gomti Nagar; pedestrians wading carefully; shops placing sandbags.,2,Noticeable impact but daily life continues with adjustments.,flood
sevlab-04577,Shin-deep rainwater on a highway stretch in Tekari; pedestrians wading carefully; shops placing sandbags.,2,Moderate disruption; vulnerable people should take care.,flood
sevlab-04578,Light rainwater puddles on a school compound in Chandmari; people walking normally with umbrellas; no disruption visible.,1,Light impact visible; monitoring is sufficient for now.,flood
sevlab-04579,Cyclonic storm hitting T Nagar; fallen trees blocking the road; damaged shop signboards; an elderly couple watching from a balcony.,3,Water entering ground floors; relief assistance likely needed soon.,cyclone
sevlab-04580,Knee-deep floodwater covering a bus stand in Dalsinghsarai; residents wading with belongings; power lines hanging low over the water.,3,Significant flooding; evacuation of low-lying homes advised.,flood
sevlab-04581,Damp riverside ghat in Mahnar after a shower; normal traffic; shops open.,1,"Mild conditions; situation under control, no urgent action needed.",flood
sevlab-04582,Heavy rain and gusty winds in Ganeshguri; tin roofs rattling; floating debris and household items.,2,Noticeable impact but daily life continues with adjustments.,cyclone
sevlab-04583,Bright harsh sunlight over a main road in Mahnar; normal crowd with sun protection.,1,"Mild conditions; situation under control, no urgent action needed.",heatwave
sevlab-04584,Light rainwater puddles on a residential lane in Boring Road; people walking normally with umbrellas; no disruption visible.,1,Minor waterlogging with no disruption to people or property.,flood
sevlab-04585,Very hot midday on a market road in Porur; shutters half-down; volunteers distributing water bottles.,2,Noticeable impact but daily life continues with adjustments.,heatwave
sevlab-04586,Severe flooding in Banmankhi; entire market road underwater; families on rooftops; submerged hand-pumps and shops.,5,Catastrophic conditions; large-scale emergency response needed.,flood
sevlab-04587,Massive storm surge flooding Shibpur; boats washed onto roads; power lines hanging low over the water.,5,Extreme danger to life; highest-priority rescue operation.,cyclone
sevlab-04588,Heavy rain and gusty winds in Porur; tin roofs rattling; a dog swimming across the lane.,2,Ankle-deep water slowing movement; manageable with precautions.,cyclone
sevlab-04589,Heavy rain and gusty winds in Santragachi; tin roofs rattling; a dog swimming across the lane.,2,Ankle-deep water slowing movement; manageable with precautions.,cyclone
sevlab-04590,Damp market road in Liluah after a shower; normal traffic; shops open.,1,Light impact visible; monitoring is sufficient for now.,flood
sevlab-04591,Deadly heatwave in Pupri; hospital entrance crowded; shops shuttered in peak afternoon.,5,Life-threatening flooding with people stranded; immediate mass rescue required.,heatwave
sevlab-04592,Light rainwater puddles on a low-lying colony in Kushmi; people walking normally with umbrellas; no disruption visible.,1,"Mild conditions; situation under control, no urgent action needed.",flood
sevlab-04593,Heavy rain and gusty winds in Sahjanwa; tin roofs rattling; a rescue boat visible in the distance.,2,Moderate disruption; vulnerable people should take care.,cyclone
sevlab-04594,Ankle-deep waterlogging on a riverside ghat in Talabania; two-wheelers moving slowly; an elderly couple watching from a balcony.,2,Moderate disruption; vulnerable people should take care.,flood
sevlab-04595,Damp highway stretch in Pandeypur after a shower; normal traffic; shops open.,1,"Mild conditions; situation under control, no urgent action needed.",flood
sevlab-04596,Ankle-deep waterlogging on a riverside ghat in Uluberia; two-wheelers moving slowly; submerged hand-pumps and shops.,2,Moderate disruption; vulnerable people should take care.,flood
sevlab-04597,Scorching heat in Chandmari market; vendors covering stalls with wet cloth; people drinking water frequently.,2,Ankle-deep water slowing movement; manageable with precautions.,heatwave
sevlab-04598,Light rainwater puddles on a riverside ghat in Mohaddipur; people walking normally with umbrellas; no disruption visible.,1,Light impact visible; monitoring is sufficient for now.,flood
sevlab-04599,Ankle-deep waterlogging on a village street in Pipraich; two-wheelers moving slowly; submerged hand-pumps and shops.,2,Ankle-deep water slowing movement; manageable with precautions.,flood
sevlab-04600,Very hot midday on a highway stretch in Kasba; shutters half-down; a dog swimming across the lane.,2,Ankle-deep water slowing movement; manageable with precautions.,heatwave
sevlab-04601,Knee-deep floodwater covering a market road in Chakratirtha; residents wading with belongings; a dog swimming across the lane.,3,Significant flooding; evacuation of low-lying homes advised.,flood
sevlab-04602,Strong winds bending trees on a market road in Bidupur; rain lashing sideways.,2,Moderate disruption; vulnerable people should take care.,cyclone
sevlab-04603,Shin-deep rainwater on a village street in Kursela; pedestrians wading carefully; shops placing sandbags.,2,Noticeable impact but daily life continues with adjustments.,flood
sevlab-04604,Massive storm surge flooding Benipur; boats washed onto roads; floating debris and household items.,5,Life-threatening flooding with people stranded; immediate mass rescue required.,cyclone
sevlab-04605,Knee-to-thigh deep water in a main road in Banmankhi; ground floors flooded; people moving to upper floors.,3,Water entering ground floors; relief assistance likely needed soon.,flood
sevlab-04606,Ankle-deep waterlogging on a residential lane in Bally; two-wheelers moving slowly; a rescue boat visible in the distance.,2,Ankle-deep water slowing movement; manageable with precautions.,flood
sevlab-04607,Shin-deep rainwater on a school compound in Rupauli; pedestrians wading carefully; shops placing sandbags.,2,Noticeable impact but daily life continues with adjustments.,flood
sevlab-04608,Knee-deep floodwater covering a low-lying colony in Golghar; residents wading with belongings; floating debris and household items.,3,Significant flooding; evacuation of low-lying homes advised.,flood
sevlab-04609,Light rainwater puddles on a highway stretch in Howrah Bridge; people walking normally with umbrellas; no disruption visible.,1,Minor waterlogging with no disruption to people or property.,flood
sevlab-04610,Very hot midday on a low-lying colony in Sealdah; shutters half-down; floating debris and household items.,2,Moderate disruption; vulnerable people should take care.,heatwave
sevlab-04611,Damp bus stand in Delang after a shower; normal traffic; shops open.,1,Minor waterlogging with no disruption to people or property.,flood
sevlab-04612,Intense heatwave in Gomti Nagar; nearly empty streets at noon; a man resting in shade showing heat exhaustion; power lines hanging low over the water.,3,Water entering ground floors; relief assistance likely needed soon.,heatwave
sevlab-04613,Strong winds bending trees on a riverside ghat in Sabour; rain lashing sideways.,2,Ankle-deep water slowing movement; manageable with precautions.,cyclone
sevlab-04614,Ankle-deep waterlogging on a village street in Shibpur; two-wheelers moving slowly; floating debris and household items.,2,Moderate disruption; vulnerable people should take care.,flood
sevlab-04615,Intense heatwave in Bidupur; nearly empty streets at noon; a man resting in shade showing heat exhaustion; a stranded auto-rickshaw half submerged.,3,Water entering ground floors; relief assistance likely needed soon.,heatwave
sevlab-04616,Knee-deep floodwater covering a riverside ghat in Salt Lake; residents wading with belongings; a stranded auto-rickshaw half submerged.,3,Significant flooding; evacuation of low-lying homes advised.,flood
sevlab-04617,Ankle-deep waterlogging on a village street in Mohanbari; two-wheelers moving slowly; a dog swimming across the lane.,2,Ankle-deep water slowing movement; manageable with precautions.,flood
sevlab-04618,Extreme heat emergency in Adyar; multiple people fainted on the street; ambulance present; a stranded auto-rickshaw half submerged.,5,Catastrophic conditions; large-scale emergency response needed.,heatwave
sevlab-04619,Catastrophic cyclone devastation in Gomti Nagar; collapsed buildings; submerged streets; rescue teams evacuating residents; volunteers distributing water bottles.,5,Catastrophic conditions; large-scale emergency response needed.,cyclone
sevlab-04620,Knee-deep floodwater covering a railway underpass in Anna Nagar; residents wading with belongings; children sitting on a raised platform.,3,Knee-deep water affecting homes and movement; vulnerable people at risk.,flood
sevlab-04621,Knee-to-thigh deep water in a railway underpass in Chowkidingee; ground floors flooded; people moving to upper floors.,3,Knee-deep water affecting homes and movement; vulnerable people at risk.,flood
sevlab-04622,Ankle-deep waterlogging on a main road in Paltan Bazaar; two-wheelers moving slowly; submerged hand-pumps and shops.,2,Ankle-deep water slowing movement; manageable with precautions.,flood
sevlab-04623,Intense heatwave in Gulabbagh; nearly empty streets at noon; a man resting in shade showing heat exhaustion; submerged hand-pumps and shops.,3,Significant flooding; evacuation of low-lying homes advised.,heatwave
sevlab-04624,Blazing heat over Porur; cracked dry ground; labourers resting under a tree.,3,Significant flooding; evacuation of low-lying homes advised.,heatwave
sevlab-04625,Knee-deep floodwater covering a railway underpass in Keoti; residents wading with belongings; a dog swimming across the lane.,3,Significant flooding; evacuation of low-lying homes advised.,flood
sevlab-04626,Heavy rain and gusty winds in Chowkidingee; tin roofs rattling; power lines hanging low over the water.,2,Moderate disruption; vulnerable people should take care.,cyclone
sevlab-04627,Hot sunny afternoon in Bidupur; people using umbrellas; streets active.,1,Light impact visible; monitoring is sufficient for now.,heatwave
sevlab-04628,Damp village street in Mushahari after a shower; normal traffic; shops open.,1,Minor waterlogging with no disruption to people or property.,flood
sevlab-04629,Severe heatwave in Behala; elderly person collapsed near a bus stop; bystanders giving water; floating debris and household items.,4,Deep water across residential areas; critical rescue situation.,heatwave
sevlab-04630,Strong winds bending trees on a market road in Khanpur; rain lashing sideways.,2,Ankle-deep water slowing movement; manageable with precautions.,cyclone
sevlab-04631,Knee-to-thigh deep water in a residential lane in Mahnar; ground floors flooded; people moving to upper floors.,3,Significant flooding; evacuation of low-lying homes advised.,flood
sevlab-04632,Knee-to-thigh deep water in a low-lying colony in Godowlia; ground floors flooded; people moving to upper floors.,3,Water entering ground floors; relief assistance likely needed soon.,flood
sevlab-04633,Knee-to-thigh deep water in a bus stand in Chowk; ground floors flooded; people moving to upper floors.,3,Significant flooding; evacuation of low-lying homes advised.,flood
sevlab-04634,Knee-deep floodwater covering a bus stand in Rupauli; residents wading with belongings; a dog swimming across the lane.,3,Water entering ground floors; relief assistance likely needed soon.,flood
sevlab-04635,Waist-deep brown floodwater submerging a village street in Bairgania; water entering ground-floor homes; people carrying belongings on their heads.,4,Waist-deep water entering homes; residents stranded; urgent rescue needed.,flood
sevlab-04636,Extreme heat in Chandmari; thermometer reading dangerously high; streets deserted.,4,Severe flooding with people trapped; immediate evacuation required.,heatwave
sevlab-04637,Light rainwater puddles on a residential lane in Porur; people walking normally with umbrellas; no disruption visible.,1,Minor waterlogging with no disruption to people or property.,flood
sevlab-04638,Shin-deep rainwater on a low-lying colony in Delang; pedestrians wading carefully; shops placing sandbags.,2,Noticeable impact but daily life continues with adjustments.,flood
sevlab-04639,Damp residential lane in Belaganj after a shower; normal traffic; shops open.,1,Minor waterlogging with no disruption to people or property.,flood
sevlab-04640,Light rainwater puddles on a railway underpass in T Nagar; people walking normally with umbrellas; no disruption visible.,1,Light impact visible; monitoring is sufficient for now.,flood
sevlab-04641,Damp village street in Talabania after a shower; normal traffic; shops open.,1,"Mild conditions; situation under control, no urgent action needed.",flood
sevlab-04642,Knee-to-thigh deep water in a riverside ghat in Manewada; ground floors flooded; people moving to upper floors.,3,Water entering ground floors; relief assistance likely needed soon.,flood
sevlab-04643,Damp highway stretch in Delang after a shower; normal traffic; shops open.,1,"Mild conditions; situation under control, no urgent action needed.",flood
sevlab-04644,Scorching heat in Dharampeth market; vendors covering stalls with wet cloth; people drinking water frequently.,2,Ankle-deep water slowing movement; manageable with precautions.,heatwave
sevlab-04645,Dark clouds gathering over Manihari; rough sea; people moving indoors.,1,Light impact visible; monitoring is sufficient for now.,cyclone
sevlab-04646,Ankle-deep waterlogging on a school compound in T Nagar; two-wheelers moving slowly; volunteers distributing water bottles.,2,Moderate disruption; vulnerable people should take care.,flood
sevlab-04647,Ankle-deep waterlogging on a highway stretch in Mahnar; two-wheelers moving slowly; a stranded auto-rickshaw half submerged.,2,Ankle-deep water slowing movement; manageable with precautions.,flood
sevlab-04648,Dark clouds gathering over Kanti; rough sea; people moving indoors.,1,"Mild conditions; situation under control, no urgent action needed.",cyclone
sevlab-04649,Ankle-deep waterlogging on a bus stand in Santragachi; two-wheelers moving slowly; submerged hand-pumps and shops.,2,Ankle-deep water slowing movement; manageable with precautions.,flood
sevlab-04650,Knee-deep floodwater covering a railway underpass in Bahadurpur; residents wading with belongings; a stranded auto-rickshaw half submerged.,3,Knee-deep water affecting homes and movement; vulnerable people at risk.,flood
sevlab-04651,Severe heatwave in Howrah Bridge; elderly person collapsed near a bus stop; bystanders giving water; people carrying belongings on their heads.,4,Deep water across residential areas; critical rescue situation.,heatwave
sevlab-04652,Light rainwater puddles on a main road in Kahalgaon; people walking normally with umbrellas; no disruption visible.,1,"Mild conditions; situation under control, no urgent action needed.",flood
sevlab-04653,Chest-deep fast-flowing floodwater across Kahalgaon; houses partially submerged with only roofs visible; people stranded on rooftops waving for help; children sitting on a raised platform.,5,Catastrophic conditions; large-scale emergency response needed.,flood
sevlab-04654,Heavy rain and gusty winds in Raghopur; tin roofs rattling; a dog swimming across the lane.,2,Noticeable impact but daily life continues with adjustments.,cyclone
sevlab-04655,Ankle-deep waterlogging on a railway underpass in Beltola; two-wheelers moving slowly; a stranded auto-rickshaw half submerged.,2,Noticeable impact but daily life continues with adjustments.,flood
sevlab-04656,Severe cyclone landfall near Sahebganj; uprooted trees and electric poles; houses with roofs torn off; a rescue boat visible in the distance.,4,Deep water across residential areas; critical rescue situation.,cyclone
sevlab-04657,Severe flooding in Chowk; entire school compound underwater; families on rooftops; volunteers distributing water bottles.,5,Extreme danger to life; highest-priority rescue operation.,flood
sevlab-04658,Dark clouds gathering over Maligaon; rough sea; people moving indoors.,1,Minor waterlogging with no disruption to people or property.,cyclone
sevlab-04659,Massive storm surge flooding Mohanbari; boats washed onto roads; power lines hanging low over the water.,5,Extreme danger to life; highest-priority rescue operation.,cyclone
sevlab-04660,Knee-to-thigh deep water in a residential lane in Dhamdaha; ground floors flooded; people moving to upper floors.,3,Water entering ground floors; relief assistance likely needed soon.,flood
sevlab-04661,Waist-deep brown floodwater submerging a village street in Raghopur; water entering ground-floor homes; power lines hanging low over the water.,4,Waist-deep water entering homes; residents stranded; urgent rescue needed.,flood
sevlab-04662,Heavy rain and gusty winds in Maligaon; tin roofs rattling; a dog swimming across the lane.,2,Noticeable impact but daily life continues with adjustments.,cyclone
sevlab-04663,Chest-high water rising in a low-lying colony in Kursela; residents stranded on rooftops; children sitting on a raised platform.,4,Waist-deep water entering homes; residents stranded; urgent rescue needed.,flood
sevlab-04664,Knee-deep floodwater covering a main road in Satyabadi; residents wading with belongings; children sitting on a raised platform.,3,Water entering ground floors; relief assistance likely needed soon.,flood
sevlab-04665,Light rainwater puddles on a highway stretch in Aliganj; people walking normally with umbrellas; no disruption visible.,1,Minor waterlogging with no disruption to people or property.,flood
sevlab-04666,Knee-deep floodwater covering a low-lying colony in Keoti; residents wading with belongings; power lines hanging low over the water.,3,Knee-deep water affecting homes and movement; vulnerable people at risk.,flood
sevlab-04667,Shin-deep rainwater on a village street in Chowk; pedestrians wading carefully; shops placing sandbags.,2,Noticeable impact but daily life continues with adjustments.,flood
sevlab-04668,Knee-to-thigh deep water in a main road in Manpur; ground floors flooded; people moving to upper floors.,3,Knee-deep water affecting homes and movement; vulnerable people at risk.,flood
sevlab-04669,Light rainwater puddles on a market road in Barsoi; people walking normally with umbrellas; no disruption visible.,1,Light impact visible; monitoring is sufficient for now.,flood
sevlab-04670,Bright harsh sunlight over a low-lying colony in Jale; normal crowd with sun protection.,1,"Mild conditions; situation under control, no urgent action needed.",heatwave
sevlab-04671,Shin-deep rainwater on a highway stretch in Bahadurpur; pedestrians wading carefully; shops placing sandbags.,2,Noticeable impact but daily life continues with adjustments.,flood
sevlab-04672,Chest-high water rising in a railway underpass in Sabour; residents stranded on rooftops; floating debris and household items.,4,Waist-deep water entering homes; residents stranded; urgent rescue needed.,flood
sevlab-04673,Waist-deep brown floodwater submerging a village street in Benipur; water entering ground-floor homes; floating debris and household items.,4,Severe flooding with people trapped; immediate evacuation required.,flood
sevlab-04674,Deadly heatwave in Sahebganj; hospital entrance crowded; shops shuttered in peak afternoon.,5,Catastrophic conditions; large-scale emergency response needed.,heatwave
sevlab-04675,Very hot midday on a railway underpass in Anna Nagar; shutters half-down; a dog swimming across the lane.,2,Ankle-deep water slowing movement; manageable with precautions.,heatwave
sevlab-04676,Extreme heat in Indira Nagar; thermometer reading dangerously high; streets deserted.,4,Severe flooding with people trapped; immediate evacuation required.,heatwave
sevlab-04677,Damp residential lane in Beltola after a shower; normal traffic; shops open.,1,Minor waterlogging with no disruption to people or property.,flood
sevlab-04678,Ankle-deep waterlogging on a school compound in Kursela; two-wheelers moving slowly; floating debris and household items.,2,Noticeable impact but daily life continues with adjustments.,flood
sevlab-04679,Catastrophic cyclone devastation in Tekari; collapsed buildings; submerged streets; rescue teams evacuating residents; floating debris and household items.,5,Life-threatening flooding with people stranded; immediate mass rescue required.,cyclone
sevlab-04680,Ankle-deep waterlogging on a market road in Keoti; two-wheelers moving slowly; volunteers distributing water bottles.,2,Noticeable impact but daily life continues with adjustments.,flood
sevlab-04681,Ankle-deep waterlogging on a main road in Kasba; two-wheelers moving slowly; a rescue boat visible in the distance.,2,Noticeable impact but daily life continues with adjustments.,flood
sevlab-04682,Very hot midday on a residential lane in Mahnar; shutters half-down; a stranded auto-rickshaw half submerged.,2,Moderate disruption; vulnerable people should take care.,heatwave
sevlab-04683,Ankle-deep waterlogging on a market road in Indira Nagar; two-wheelers moving slowly; floating debris and household items.,2,Moderate disruption; vulnerable people should take care.,flood
sevlab-04684,Shin-deep rainwater on a railway underpass in Pipraich; pedestrians wading carefully; shops placing sandbags.,2,Moderate disruption; vulnerable people should take care.,flood
sevlab-04685,Knee-deep floodwater covering a riverside ghat in Satyabadi; residents wading with belongings; people carrying belongings on their heads.,3,Water entering ground floors; relief assistance likely needed soon.,flood
sevlab-04686,Waist-deep brown floodwater submerging a school compound in Adyar; water entering ground-floor homes; children sitting on a raised platform.,4,Waist-deep water entering homes; residents stranded; urgent rescue needed.,flood
sevlab-04687,Severe winds in Shibpur; uprooted small trees; waterlogging beginning.,3,Significant flooding; evacuation of low-lying homes advised.,cyclone
sevlab-04688,Chest-high water rising in a bus stand in Kasba; residents stranded on rooftops; a dog swimming across the lane.,4,Deep water across residential areas; critical rescue situation.,flood
sevlab-04689,Damp village street in Sabour after a shower; normal traffic; shops open.,1,"Mild conditions; situation under control, no urgent action needed.",flood
sevlab-04690,Dark clouds gathering over Sultanganj; rough sea; people moving indoors.,1,"Mild conditions; situation under control, no urgent action needed.",cyclone
sevlab-04691,Strong winds bending trees on a market road in Raghopur; rain lashing sideways.,2,Ankle-deep water slowing movement; manageable with precautions.,cyclone
sevlab-04692,Severe heatwave in Godowlia; elderly person collapsed near a bus stop; bystanders giving water; people carrying belongings on their heads.,4,Severe flooding with people trapped; immediate evacuation required.,heatwave
sevlab-04693,Knee-deep floodwater covering a highway stretch in Sigra; residents wading with belongings; power lines hanging low over the water.,3,Significant flooding; evacuation of low-lying homes advised.,flood
sevlab-04694,Knee-to-thigh deep water in a highway stretch in Belaganj; ground floors flooded; people moving to upper floors.,3,Water entering ground floors; relief assistance likely needed soon.,flood
sevlab-04695,Chest-high water rising in a bus stand in Bodh Gaya; residents stranded on rooftops; a dog swimming across the lane.,4,Severe flooding with people trapped; immediate evacuation required.,flood
sevlab-04696,Chest-deep fast-flowing floodwater across Gomti Nagar; houses partially submerged with only roofs visible; people stranded on rooftops waving for help; power lines hanging low over the water.,5,Catastrophic conditions; large-scale emergency response needed.,flood
sevlab-04697,Knee-deep floodwater covering a village street in Talabania; residents wading with belongings; a dog swimming across the lane.,3,Water entering ground floors; relief assistance likely needed soon.,flood
sevlab-04698,Blazing heat over Benipur; cracked dry ground; labourers resting under a tree.,3,Knee-deep water affecting homes and movement; vulnerable people at risk.,heatwave
sevlab-04699,Damp school compound in Mancotta after a shower; normal traffic; shops open.,1,Minor waterlogging with no disruption to people or property.,flood
sevlab-04700,Damp bus stand in Dhamdaha after a shower; normal traffic; shops open.,1,Minor waterlogging with no disruption to people or property.,flood
sevlab-04701,Light rainwater puddles on a market road in Dalsinghsarai; people walking normally with umbrellas; no disruption visible.,1,Minor waterlogging with no disruption to people or property.,flood
sevlab-04702,Cyclonic storm hitting Rupauli; fallen trees blocking the road; damaged shop signboards; a dog swimming across the lane.,3,Knee-deep water affecting homes and movement; vulnerable people at risk.,cyclone
sevlab-04703,Scorching heat in Manihari market; vendors covering stalls with wet cloth; people drinking water frequently.,2,Noticeable impact but daily life continues with adjustments.,heatwave
sevlab-04704,Knee-to-thigh deep water in a residential lane in Lanka; ground floors flooded; people moving to upper floors.,3,Significant flooding; evacuation of low-lying homes advised.,flood
sevlab-04705,Knee-deep floodwater covering a market road in Kahalgaon; residents wading with belongings; children sitting on a raised platform.,3,Significant flooding; evacuation of low-lying homes advised.,flood
sevlab-04706,Extreme heat in Manihari; thermometer reading dangerously high; streets deserted.,4,Severe flooding with people trapped; immediate evacuation required.,heatwave
sevlab-04707,Heavy rain and gusty winds in Satyabadi; tin roofs rattling; power lines hanging low over the water.,2,Ankle-deep water slowing movement; manageable with precautions.,cyclone
sevlab-04708,Ankle-deep waterlogging on a riverside ghat in Laheriasarai; two-wheelers moving slowly; power lines hanging low over the water.,2,Noticeable impact but daily life continues with adjustments.,flood
sevlab-04709,Light rainwater puddles on a railway underpass in Gandhi Maidan; people walking normally with umbrellas; no disruption visible.,1,Minor waterlogging with no disruption to people or property.,flood
sevlab-04710,Knee-to-thigh deep water in a market road in Phulwari Sharif; ground floors flooded; people moving to upper floors.,3,Water entering ground floors; relief assistance likely needed soon.,flood
sevlab-04711,Ankle-deep waterlogging on a railway underpass in Raghopur; two-wheelers moving slowly; floating debris and household items.,2,Moderate disruption; vulnerable people should take care.,flood
sevlab-04712,Ankle-deep waterlogging on a residential lane in Maligaon; two-wheelers moving slowly; power lines hanging low over the water.,2,Ankle-deep water slowing movement; manageable with precautions.,flood
sevlab-04713,Heavy rain and gusty winds in Mithapur; tin roofs rattling; a rescue boat visible in the distance.,2,Moderate disruption; vulnerable people should take care.,cyclone
sevlab-04714,Shin-deep rainwater on a low-lying colony in Sherghati; pedestrians wading carefully; shops placing sandbags.,2,Noticeable impact but daily life continues with adjustments.,flood
sevlab-04715,Damp bus stand in Satyabadi after a shower; normal traffic; shops open.,1,Minor waterlogging with no disruption to people or property.,flood
sevlab-04716,Strong winds bending trees on a market road in Beltola; rain lashing sideways.,2,Ankle-deep water slowing movement; manageable with precautions.,cyclone
sevlab-04717,Dark clouds gathering over Belsand; rough sea; people moving indoors.,1,"Mild conditions; situation under control, no urgent action needed.",cyclone
sevlab-04718,Ankle-deep waterlogging on a school compound in Kankarbagh; two-wheelers moving slowly; power lines hanging low over the water.,2,Moderate disruption; vulnerable people should take care.,flood
sevlab-04719,Knee-deep floodwater covering a residential lane in Banmankhi; residents wading with belongings; power lines hanging low over the water.,3,Water entering ground floors; relief assistance likely needed soon.,flood
sevlab-04720,Shin-deep rainwater on a school compound in Sursand; pedestrians wading carefully; shops placing sandbags.,2,Ankle-deep water slowing movement; manageable with precautions.,flood
sevlab-04721,Knee-to-thigh deep water in a market road in Belsand; ground floors flooded; people moving to upper floors.,3,Knee-deep water affecting homes and movement; vulnerable people at risk.,flood
sevlab-04722,Knee-to-thigh deep water in a bus stand in Ashok Rajpath; ground floors flooded; people moving to upper floors.,3,Knee-deep water affecting homes and movement; vulnerable people at risk.,flood
sevlab-04723,Damp low-lying colony in Kanti after a shower; normal traffic; shops open.,1,"Mild conditions; situation under control, no urgent action needed.",flood
sevlab-04724,Damp main road in Chowkidingee after a shower; normal traffic; shops open.,1,"Mild conditions; situation under control, no urgent action needed.",flood
sevlab-04725,Light rainwater puddles on a low-lying colony in Delang; people walking normally with umbrellas; no disruption visible.,1,Minor waterlogging with no disruption to people or property.,flood
sevlab-04726,Shin-deep rainwater on a main road in Manihari; pedestrians wading carefully; shops placing sandbags.,2,Moderate disruption; vulnerable people should take care.,flood
sevlab-04727,Waist-deep brown floodwater submerging a riverside ghat in Aliganj; water entering ground-floor homes; a rescue boat visible in the distance.,4,Waist-deep water entering homes; residents stranded; urgent rescue needed.,flood
sevlab-04728,Shin-deep rainwater on a bus stand in Pipraich; pedestrians wading carefully; shops placing sandbags.,2,Noticeable impact but daily life continues with adjustments.,flood
sevlab-04729,Shin-deep rainwater on a low-lying colony in Gandhi Maidan; pedestrians wading carefully; shops placing sandbags.,2,Ankle-deep water slowing movement; manageable with precautions.,flood
sevlab-04730,Ankle-deep waterlogging on a bus stand in Hajipur; two-wheelers moving slowly; an elderly couple watching from a balcony.,2,Moderate disruption; vulnerable people should take care.,flood
sevlab-04731,Severe winds in Gandhi Maidan; uprooted small trees; waterlogging beginning.,3,Significant flooding; evacuation of low-lying homes advised.,cyclone
sevlab-04732,Cyclonic storm hitting Danapur; fallen trees blocking the road; damaged shop signboards; volunteers distributing water bottles.,3,Knee-deep water affecting homes and movement; vulnerable people at risk.,cyclone
sevlab-04733,Bright harsh sunlight over a main road in Kamptee; normal crowd with sun protection.,1,Minor waterlogging with no disruption to people or property.,heatwave
sevlab-04734,Shin-deep rainwater on a village street in Kahalgaon; pedestrians wading carefully; shops placing sandbags.,2,Ankle-deep water slowing movement; manageable with precautions.,flood
sevlab-04735,Bright harsh sunlight over a village street in Sultanganj; normal crowd with sun protection.,1,"Mild conditions; situation under control, no urgent action needed.",heatwave
sevlab-04736,Shin-deep rainwater on a bus stand in Chowk; pedestrians wading carefully; shops placing sandbags.,2,Ankle-deep water slowing movement; manageable with precautions.,flood
sevlab-04737,Ankle-deep waterlogging on a highway stretch in Howrah Bridge; two-wheelers moving slowly; floating debris and household items.,2,Noticeable impact but daily life continues with adjustments.,flood
sevlab-04738,Intense heatwave in Pupri; nearly empty streets at noon; a man resting in shade showing heat exhaustion; submerged hand-pumps and shops.,3,Water entering ground floors; relief assistance likely needed soon.,heatwave
sevlab-04739,Bright harsh sunlight over a railway underpass in Bodh Gaya; normal crowd with sun protection.,1,Light impact visible; monitoring is sufficient for now.,heatwave
sevlab-04740,Heavy rain and gusty winds in Tajpur; tin roofs rattling; children sitting on a raised platform.,2,Ankle-deep water slowing movement; manageable with precautions.,cyclone
sevlab-04741,Ankle-deep waterlogging on a village street in Sherghati; two-wheelers moving slowly; power lines hanging low over the water.,2,Noticeable impact but daily life continues with adjustments.,flood
sevlab-04742,Damp residential lane in Velachery after a shower; normal traffic; shops open.,1,Light impact visible; monitoring is sufficient for now.,flood
sevlab-04743,Destructive winds battering Behala; collapsed boundary walls; streets flooded.,4,Severe flooding with people trapped; immediate evacuation required.,cyclone
sevlab-04744,Shin-deep rainwater on a main road in Delang; pedestrians wading carefully; shops placing sandbags.,2,Ankle-deep water slowing movement; manageable with precautions.,flood
sevlab-04745,Intense heatwave in Bairgania; nearly empty streets at noon; a man resting in shade showing heat exhaustion; a rescue boat visible in the distance.,3,Knee-deep water affecting homes and movement; vulnerable people at risk.,heatwave
sevlab-04746,Waist-deep brown floodwater submerging a railway underpass in T Nagar; water entering ground-floor homes; people carrying belongings on their heads.,4,Severe flooding with people trapped; immediate evacuation required.,flood
sevlab-04747,Ankle-deep waterlogging on a railway underpass in Hingna; two-wheelers moving slowly; volunteers distributing water bottles.,2,Moderate disruption; vulnerable people should take care.,flood
sevlab-04748,Severe flooding in Chakratirtha; entire low-lying colony underwater; families on rooftops; a rescue boat visible in the distance.,5,Catastrophic conditions; large-scale emergency response needed.,flood
sevlab-04749,Bright harsh sunlight over a riverside ghat in Laheriasarai; normal crowd with sun protection.,1,Minor waterlogging with no disruption to people or property.,heatwave
sevlab-04750,Ankle-deep waterlogging on a riverside ghat in Porur; two-wheelers moving slowly; a rescue boat visible in the distance.,2,Ankle-deep water slowing movement; manageable with precautions.,flood
sevlab-04751,Damp bus stand in Khanpur after a shower; normal traffic; shops open.,1,Minor waterlogging with no disruption to people or property.,flood
sevlab-04752,Damp railway underpass in Mancotta after a shower; normal traffic; shops open.,1,Minor waterlogging with no disruption to people or property.,flood
sevlab-04753,Chest-high water rising in a residential lane in Belsand; residents stranded on rooftops; people carrying belongings on their heads.,4,Waist-deep water entering homes; residents stranded; urgent rescue needed.,flood
sevlab-04754,Scorching heat in Ramnagar market; vendors covering stalls with wet cloth; people drinking water frequently.,2,Ankle-deep water slowing movement; manageable with precautions.,heatwave
sevlab-04755,Knee-deep floodwater covering a bus stand in Pupri; residents wading with belongings; a rescue boat visible in the distance.,3,Significant flooding; evacuation of low-lying homes advised.,flood
sevlab-04756,Ankle-deep waterlogging on a riverside ghat in Dhamdaha; two-wheelers moving slowly; an elderly couple watching from a balcony.,2,Ankle-deep water slowing movement; manageable with precautions.,flood
sevlab-04757,Damp highway stretch in Sabour after a shower; normal traffic; shops open.,1,Minor waterlogging with no disruption to people or property.,flood
sevlab-04758,Catastrophic cyclone devastation in Hajipur; collapsed buildings; submerged streets; rescue teams evacuating residents; floating debris and household items.,5,Extreme danger to life; highest-priority rescue operation.,cyclone
sevlab-04759,Shin-deep rainwater on a school compound in Lalganj; pedestrians wading carefully; shops placing sandbags.,2,Noticeable impact but daily life continues with adjustments.,flood
sevlab-04760,Knee-deep floodwater covering a school compound in Bahadurpur; residents wading with belongings; a stranded auto-rickshaw half submerged.,3,Significant flooding; evacuation of low-lying homes advised.,flood
sevlab-04761,Bright harsh sunlight over a market road in Sultanganj; normal crowd with sun protection.,1,Minor waterlogging with no disruption to people or property.,heatwave
sevlab-04762,Very hot midday on a bus stand in Liluah; shutters half-down; a stranded auto-rickshaw half submerged.,2,Ankle-deep water slowing movement; manageable with precautions.,heatwave
sevlab-04763,Hot sunny afternoon in Talabania; people using umbrellas; streets active.,1,Light impact visible; monitoring is sufficient for now.,heatwave
sevlab-04764,Extreme heat in Bairgania; thermometer reading dangerously high; streets deserted.,4,Waist-deep water entering homes; residents stranded; urgent rescue needed.,heatwave
sevlab-04765,Chest-deep fast-flowing floodwater across Pipraich; houses partially submerged with only roofs visible; people stranded on rooftops waving for help; children sitting on a raised platform.,5,Life-threatening flooding with people stranded; immediate mass rescue required.,flood
sevlab-04766,Knee-to-thigh deep water in a market road in Barsoi; ground floors flooded; people moving to upper floors.,3,Knee-deep water affecting homes and movement; vulnerable people at risk.,flood
sevlab-04767,Very hot midday on a highway stretch in Hajipur; shutters half-down; a dog swimming across the lane.,2,Ankle-deep water slowing movement; manageable with precautions.,heatwave
sevlab-04768,Knee-to-thigh deep water in a market road in Gomti Nagar; ground floors flooded; people moving to upper floors.,3,Water entering ground floors; relief assistance likely needed soon.,flood
sevlab-04769,Strong winds bending trees on a railway underpass in Tilkamanjhi; rain lashing sideways.,2,Moderate disruption; vulnerable people should take care.,cyclone
sevlab-04770,Strong winds bending trees on a low-lying colony in Keoti; rain lashing sideways.,2,Moderate disruption; vulnerable people should take care.,cyclone
sevlab-04771,Damp railway underpass in Raghopur after a shower; normal traffic; shops open.,1,"Mild conditions; situation under control, no urgent action needed.",flood
sevlab-04772,Knee-to-thigh deep water in a market road in Howrah Bridge; ground floors flooded; people moving to upper floors.,3,Significant flooding; evacuation of low-lying homes advised.,flood
sevlab-04773,Shin-deep rainwater on a school compound in Hajipur; pedestrians wading carefully; shops placing sandbags.,2,Moderate disruption; vulnerable people should take care.,flood
sevlab-04774,Damp riverside ghat in Golghar after a shower; normal traffic; shops open.,1,Minor waterlogging with no disruption to people or property.,flood
sevlab-04775,Severe winds in Raghopur; uprooted small trees; waterlogging beginning.,3,Significant flooding; evacuation of low-lying homes advised.,cyclone
sevlab-04776,Knee-deep floodwater covering a riverside ghat in Naliapool; residents wading with belongings; submerged hand-pumps and shops.,3,Significant flooding; evacuation of low-lying homes advised.,flood
sevlab-04777,Cyclonic storm hitting Baruraj; fallen trees blocking the road; damaged shop signboards; a stranded auto-rickshaw half submerged.,3,Water entering ground floors; relief assistance likely needed soon.,cyclone
sevlab-04778,Bright harsh sunlight over a village street in Chandmari; normal crowd with sun protection.,1,Light impact visible; monitoring is sufficient for now.,heatwave
sevlab-04779,Chest-high water rising in a bus stand in Salt Lake; residents stranded on rooftops; a rescue boat visible in the distance.,4,Waist-deep water entering homes; residents stranded; urgent rescue needed.,flood
sevlab-04780,Intense heatwave in Keoti; nearly empty streets at noon; a man resting in shade showing heat exhaustion; submerged hand-pumps and shops.,3,Water entering ground floors; relief assistance likely needed soon.,heatwave
sevlab-04781,Ankle-deep waterlogging on a low-lying colony in Kanti; two-wheelers moving slowly; people carrying belongings on their heads.,2,Noticeable impact but daily life continues with adjustments.,flood
sevlab-04782,Ankle-deep waterlogging on a school compound in Porur; two-wheelers moving slowly; an elderly couple watching from a balcony.,2,Moderate disruption; vulnerable people should take care.,flood
sevlab-04783,Damp railway underpass in Bodh Gaya after a shower; normal traffic; shops open.,1,"Mild conditions; situation under control, no urgent action needed.",flood
sevlab-04784,Catastrophic cyclone devastation in Aliganj; collapsed buildings; submerged streets; rescue teams evacuating residents; an elderly couple watching from a balcony.,5,Life-threatening flooding with people stranded; immediate mass rescue required.,cyclone
sevlab-04785,Intense heatwave in Shibpur; nearly empty streets at noon; a man resting in shade showing heat exhaustion; people carrying belongings on their heads.,3,Significant flooding; evacuation of low-lying homes advised.,heatwave
sevlab-04786,Severe heatwave in Dumra; elderly person collapsed near a bus stop; bystanders giving water; an elderly couple watching from a balcony.,4,Severe flooding with people trapped; immediate evacuation required.,heatwave
sevlab-04787,Strong winds bending trees on a main road in Keoti; rain lashing sideways.,2,Ankle-deep water slowing movement; manageable with precautions.,cyclone
sevlab-04788,Light rainwater puddles on a school compound in Naliapool; people walking normally with umbrellas; no disruption visible.,1,Light impact visible; monitoring is sufficient for now.,flood
sevlab-04789,Massive storm surge flooding Talabania; boats washed onto roads; a rescue boat visible in the distance.,5,Life-threatening flooding with people stranded; immediate mass rescue required.,cyclone
sevlab-04790,Heavy rain and gusty winds in Bidupur; tin roofs rattling; people carrying belongings on their heads.,2,Ankle-deep water slowing movement; manageable with precautions.,cyclone
sevlab-04791,Damp low-lying colony in Santragachi after a shower; normal traffic; shops open.,1,"Mild conditions; situation under control, no urgent action needed.",flood
sevlab-04792,Blazing heat over Chandmari; cracked dry ground; labourers resting under a tree.,3,Significant flooding; evacuation of low-lying homes advised.,heatwave
sevlab-04793,Ankle-deep waterlogging on a village street in Pupri; two-wheelers moving slowly; children sitting on a raised platform.,2,Ankle-deep water slowing movement; manageable with precautions.,flood
sevlab-04794,Severe flooding in Digha; entire low-lying colony underwater; families on rooftops; an elderly couple watching from a balcony.,5,Extreme danger to life; highest-priority rescue operation.,flood
sevlab-04795,Light rainwater puddles on a riverside ghat in Chowkidingee; people walking normally with umbrellas; no disruption visible.,1,"Mild conditions; situation under control, no urgent action needed.",flood
sevlab-04796,Extreme heat in Kadwa; thermometer reading dangerously high; streets deserted.,4,Waist-deep water entering homes; residents stranded; urgent rescue needed.,heatwave
sevlab-04797,Ankle-deep waterlogging on a market road in Kasba; two-wheelers moving slowly; submerged hand-pumps and shops.,2,Noticeable impact but daily life continues with adjustments.,flood
sevlab-04798,Cyclonic storm hitting Tilkamanjhi; fallen trees blocking the road; damaged shop signboards; children sitting on a raised platform.,3,Water entering ground floors; relief assistance likely needed soon.,cyclone
sevlab-04799,Light rainwater puddles on a riverside ghat in Kasba; people walking normally with umbrellas; no disruption visible.,1,Minor waterlogging with no disruption to people or property.,flood
sevlab-04800,Strong winds bending trees on a village street in Raghopur; rain lashing sideways.,2,Moderate disruption; vulnerable people should take care.,cyclone
sevlab-04801,Severe flooding in Kanti; entire low-lying colony underwater; families on rooftops; power lines hanging low over the water.,5,Life-threatening flooding with people stranded; immediate mass rescue required.,flood
sevlab-04802,Damp railway underpass in Howrah Bridge after a shower; normal traffic; shops open.,1,Light impact visible; monitoring is sufficient for now.,flood
sevlab-04803,Strong winds bending trees on a highway stretch in Bahadurpur; rain lashing sideways.,2,Ankle-deep water slowing movement; manageable with precautions.,cyclone
sevlab-04804,Severe flooding in Chowk; entire village street underwater; families on rooftops; people carrying belongings on their heads.,5,Extreme danger to life; highest-priority rescue operation.,flood
sevlab-04805,Severe cyclone landfall near Kamptee; uprooted trees and electric poles; houses with roofs torn off; power lines hanging low over the water.,4,Deep water across residential areas; critical rescue situation.,cyclone
sevlab-04806,Light rainwater puddles on a village street in Delang; people walking normally with umbrellas; no disruption visible.,1,Light impact visible; monitoring is sufficient for now.,flood
sevlab-04807,Shin-deep rainwater on a school compound in Chowkidingee; pedestrians wading carefully; shops placing sandbags.,2,Moderate disruption; vulnerable people should take care.,flood
sevlab-04808,Intense heatwave in Bairgania; nearly empty streets at noon; a man resting in shade showing heat exhaustion; floating debris and household items.,3,Water entering ground floors; relief assistance likely needed soon.,heatwave
sevlab-04809,Very hot midday on a school compound in Chowk; shutters half-down; children sitting on a raised platform.,2,Ankle-deep water slowing movement; manageable with precautions.,heatwave
sevlab-04810,Light rainwater puddles on a main road in Liluah; people walking normally with umbrellas; no disruption visible.,1,Minor waterlogging with no disruption to people or property.,flood
sevlab-04811,Overcast sky with strong winds in Digha; trees swaying; fishermen securing boats.,1,Light impact visible; monitoring is sufficient for now.,cyclone
sevlab-04812,Shin-deep rainwater on a residential lane in Lanka; pedestrians wading carefully; shops placing sandbags.,2,Ankle-deep water slowing movement; manageable with precautions.,flood
sevlab-04813,Knee-deep floodwater covering a railway underpass in Ganeshguri; residents wading with belongings; volunteers distributing water bottles.,3,Significant flooding; evacuation of low-lying homes advised.,flood
sevlab-04814,Hot sunny afternoon in Indira Nagar; people using umbrellas; streets active.,1,Minor waterlogging with no disruption to people or property.,heatwave
sevlab-04815,Knee-deep floodwater covering a main road in Naliapool; residents wading with belongings; an elderly couple watching from a balcony.,3,Water entering ground floors; relief assistance likely needed soon.,flood
sevlab-04816,Cyclonic storm hitting Mahnar; fallen trees blocking the road; damaged shop signboards; people carrying belongings on their heads.,3,Knee-deep water affecting homes and movement; vulnerable people at risk.,cyclone
sevlab-04817,Severe heatwave in Sigra; elderly person collapsed near a bus stop; bystanders giving water; floating debris and household items.,4,Waist-deep water entering homes; residents stranded; urgent rescue needed.,heatwave
sevlab-04818,Bright harsh sunlight over a school compound in Manihari; normal crowd with sun protection.,1,Minor waterlogging with no disruption to people or property.,heatwave
sevlab-04819,Massive storm surge flooding Sahebganj; boats washed onto roads; a dog swimming across the lane.,5,Life-threatening flooding with people stranded; immediate mass rescue required.,cyclone
sevlab-04820,Shin-deep rainwater on a market road in Tekari; pedestrians wading carefully; shops placing sandbags.,2,Moderate disruption; vulnerable people should take care.,flood
sevlab-04821,Very hot midday on a main road in Godowlia; shutters half-down; a rescue boat visible in the distance.,2,Moderate disruption; vulnerable people should take care.,heatwave
sevlab-04822,Strong winds bending trees on a bus stand in Kushmi; rain lashing sideways.,2,Moderate disruption; vulnerable people should take care.,cyclone
sevlab-04823,Shin-deep rainwater on a main road in Sahebganj; pedestrians wading carefully; shops placing sandbags.,2,Noticeable impact but daily life continues with adjustments.,flood
sevlab-04824,Strong winds bending trees on a highway stretch in Sea Beach Road; rain lashing sideways.,2,Ankle-deep water slowing movement; manageable with precautions.,cyclone
sevlab-04825,Strong winds bending trees on a riverside ghat in Sea Beach Road; rain lashing sideways.,2,Noticeable impact but daily life continues with adjustments.,cyclone
sevlab-04826,Ankle-deep waterlogging on a main road in Kahalgaon; two-wheelers moving slowly; volunteers distributing water bottles.,2,Ankle-deep water slowing movement; manageable with precautions.,flood
sevlab-04827,Severe flooding in Keoti; entire riverside ghat underwater; families on rooftops; submerged hand-pumps and shops.,5,Life-threatening flooding with people stranded; immediate mass rescue required.,flood
sevlab-04828,Waist-deep brown floodwater submerging a residential lane in Ramnagar; water entering ground-floor homes; people carrying belongings on their heads.,4,Deep water across residential areas; critical rescue situation.,flood
sevlab-04829,Knee-to-thigh deep water in a low-lying colony in Benipur; ground floors flooded; people moving to upper floors.,3,Water entering ground floors; relief assistance likely needed soon.,flood
sevlab-04830,Ankle-deep waterlogging on a riverside ghat in Laheriasarai; two-wheelers moving slowly; a rescue boat visible in the distance.,2,Ankle-deep water slowing movement; manageable with precautions.,flood
sevlab-04831,Light rainwater puddles on a market road in Gomti Nagar; people walking normally with umbrellas; no disruption visible.,1,Light impact visible; monitoring is sufficient for now.,flood
sevlab-04832,Ankle-deep waterlogging on a railway underpass in Banmankhi; two-wheelers moving slowly; submerged hand-pumps and shops.,2,Moderate disruption; vulnerable people should take care.,flood
sevlab-04833,Ankle-deep waterlogging on a low-lying colony in Pranpur; two-wheelers moving slowly; a stranded auto-rickshaw half submerged.,2,Moderate disruption; vulnerable people should take care.,flood
sevlab-04834,Heavy rain and gusty winds in Pranpur; tin roofs rattling; power lines hanging low over the water.,2,Moderate disruption; vulnerable people should take care.,cyclone
sevlab-04835,Light rainwater puddles on a market road in Lanka; people walking normally with umbrellas; no disruption visible.,1,Minor waterlogging with no disruption to people or property.,flood
sevlab-04836,Blazing heat over Gomti Nagar; cracked dry ground; labourers resting under a tree.,3,Significant flooding; evacuation of low-lying homes advised.,heatwave
sevlab-04837,Bright harsh sunlight over a residential lane in Sahjanwa; normal crowd with sun protection.,1,Minor waterlogging with no disruption to people or property.,heatwave
sevlab-04838,Damp main road in Pipraich after a shower; normal traffic; shops open.,1,Minor waterlogging with no disruption to people or property.,flood
sevlab-04839,Very hot midday on a bus stand in T Nagar; shutters half-down; children sitting on a raised platform.,2,Moderate disruption; vulnerable people should take care.,heatwave
sevlab-04840,Massive storm surge flooding Howrah Bridge; boats washed onto roads; submerged hand-pumps and shops.,5,Life-threatening flooding with people stranded; immediate mass rescue required.,cyclone
sevlab-04841,Ankle-deep waterlogging on a village street in Aminabad; two-wheelers moving slowly; volunteers distributing water bottles.,2,Ankle-deep water slowing movement; manageable with precautions.,flood
sevlab-04842,Light rainwater puddles on a riverside ghat in Hajipur; people walking normally with umbrellas; no disruption visible.,1,Light impact visible; monitoring is sufficient for now.,flood
sevlab-04843,Waist-deep brown floodwater submerging a residential lane in Gomti Nagar; water entering ground-floor homes; submerged hand-pumps and shops.,4,Severe flooding with people trapped; immediate evacuation required.,flood
sevlab-04844,Shin-deep rainwater on a school compound in Liluah; pedestrians wading carefully; shops placing sandbags.,2,Moderate disruption; vulnerable people should take care.,flood
sevlab-04845,Light rainwater puddles on a low-lying colony in Uluberia; people walking normally with umbrellas; no disruption visible.,1,Minor waterlogging with no disruption to people or property.,flood
sevlab-04846,Knee-deep floodwater covering a bus stand in Pipraich; residents wading with belongings; an elderly couple watching from a balcony.,3,Knee-deep water affecting homes and movement; vulnerable people at risk.,flood
sevlab-04847,Ankle-deep waterlogging on a bus stand in Pupri; two-wheelers moving slowly; floating debris and household items.,2,Noticeable impact but daily life continues with adjustments.,flood
sevlab-04848,Damp residential lane in Aliganj after a shower; normal traffic; shops open.,1,Light impact visible; monitoring is sufficient for now.,flood
sevlab-04849,Heavy rain and gusty winds in Bairgania; tin roofs rattling; submerged hand-pumps and shops.,2,Moderate disruption; vulnerable people should take care.,cyclone
sevlab-04850,Dark clouds gathering over Kushmi; rough sea; people moving indoors.,1,Minor waterlogging with no disruption to people or property.,cyclone
sevlab-04851,Severe flooding in Bairgania; entire railway underpass underwater; families on rooftops; floating debris and household items.,5,Catastrophic conditions; large-scale emergency response needed.,flood
sevlab-04852,Knee-to-thigh deep water in a village street in Paltan Bazaar; ground floors flooded; people moving to upper floors.,3,Knee-deep water affecting homes and movement; vulnerable people at risk.,flood
sevlab-04853,Damp highway stretch in Hajipur after a shower; normal traffic; shops open.,1,Light impact visible; monitoring is sufficient for now.,flood
sevlab-04854,Deadly heatwave in Laheriasarai; hospital entrance crowded; shops shuttered in peak afternoon.,5,Extreme danger to life; highest-priority rescue operation.,heatwave
sevlab-04855,Severe heatwave in Kasba; elderly person collapsed near a bus stop; bystanders giving water; a dog swimming across the lane.,4,Deep water across residential areas; critical rescue situation.,heatwave
sevlab-04856,Ankle-deep waterlogging on a highway stretch in Manihari; two-wheelers moving slowly; volunteers distributing water bottles.,2,Noticeable impact but daily life continues with adjustments.,flood
sevlab-04857,Ankle-deep waterlogging on a main road in Chakratirtha; two-wheelers moving slowly; a dog swimming across the lane.,2,Ankle-deep water slowing movement; manageable with precautions.,flood
sevlab-04858,Light rainwater puddles on a railway underpass in Shibpur; people walking normally with umbrellas; no disruption visible.,1,Minor waterlogging with no disruption to people or property.,flood
sevlab-04859,Intense heatwave in Mohanbari; nearly empty streets at noon; a man resting in shade showing heat exhaustion; a rescue boat visible in the distance.,3,Significant flooding; evacuation of low-lying homes advised.,heatwave
sevlab-04860,Damp main road in Sabour after a shower; normal traffic; shops open.,1,Minor waterlogging with no disruption to people or property.,flood
sevlab-04861,Chest-deep fast-flowing floodwater across Godowlia; houses partially submerged with only roofs visible; people stranded on rooftops waving for help; submerged hand-pumps and shops.,5,Life-threatening flooding with people stranded; immediate mass rescue required.,flood
sevlab-04862,Catastrophic cyclone devastation in Dharampeth; collapsed buildings; submerged streets; rescue teams evacuating residents; a dog swimming across the lane.,5,Catastrophic conditions; large-scale emergency response needed.,cyclone
sevlab-04863,Hot sunny afternoon in Khanpur; people using umbrellas; streets active.,1,Minor waterlogging with no disruption to people or property.,heatwave
sevlab-04864,Chest-high water rising in a highway stretch in Kadwa; residents stranded on rooftops; people carrying belongings on their heads.,4,Waist-deep water entering homes; residents stranded; urgent rescue needed.,flood
sevlab-04865,Chest-high water rising in a school compound in Hajipur; residents stranded on rooftops; power lines hanging low over the water.,4,Deep water across residential areas; critical rescue situation.,flood
sevlab-04866,Knee-deep floodwater covering a village street in Danapur; residents wading with belongings; a stranded auto-rickshaw half submerged.,3,Water entering ground floors; relief assistance likely needed soon.,flood
sevlab-04867,Waist-deep brown floodwater submerging a highway stretch in Sabour; water entering ground-floor homes; a dog swimming across the lane.,4,Deep water across residential areas; critical rescue situation.,flood
sevlab-04868,Waist-deep brown floodwater submerging a market road in Bairgania; water entering ground-floor homes; an elderly couple watching from a balcony.,4,Deep water across residential areas; critical rescue situation.,flood
sevlab-04869,Ankle-deep waterlogging on a village street in Kahalgaon; two-wheelers moving slowly; volunteers distributing water bottles.,2,Noticeable impact but daily life continues with adjustments.,flood
sevlab-04870,Light rainwater puddles on a railway underpass in Baruraj; people walking normally with umbrellas; no disruption visible.,1,"Mild conditions; situation under control, no urgent action needed.",flood
sevlab-04871,Waist-deep brown floodwater submerging a highway stretch in Bidupur; water entering ground-floor homes; volunteers distributing water bottles.,4,Deep water across residential areas; critical rescue situation.,flood
sevlab-04872,Knee-to-thigh deep water in a market road in Ganeshguri; ground floors flooded; people moving to upper floors.,3,Water entering ground floors; relief assistance likely needed soon.,flood
sevlab-04873,Knee-to-thigh deep water in a residential lane in Chowkidingee; ground floors flooded; people moving to upper floors.,3,Knee-deep water affecting homes and movement; vulnerable people at risk.,flood
sevlab-04874,Knee-deep floodwater covering a low-lying colony in Naugachia; residents wading with belongings; an elderly couple watching from a balcony.,3,Knee-deep water affecting homes and movement; vulnerable people at risk.,flood
sevlab-04875,Light rainwater puddles on a bus stand in Mithapur; people walking normally with umbrellas; no disruption visible.,1,Minor waterlogging with no disruption to people or property.,flood
sevlab-04876,Heavy rain and gusty winds in Pranpur; tin roofs rattling; an elderly couple watching from a balcony.,2,Ankle-deep water slowing movement; manageable with precautions.,cyclone
sevlab-04877,Damp school compound in Bahadurpur after a shower; normal traffic; shops open.,1,Light impact visible; monitoring is sufficient for now.,flood
sevlab-04878,Shin-deep rainwater on a school compound in Laheriasarai; pedestrians wading carefully; shops placing sandbags.,2,Ankle-deep water slowing movement; manageable with precautions.,flood
sevlab-04879,Strong winds bending trees on a low-lying colony in Adyar; rain lashing sideways.,2,Ankle-deep water slowing movement; manageable with precautions.,cyclone
sevlab-04880,Light rainwater puddles on a highway stretch in Khanpur; people walking normally with umbrellas; no disruption visible.,1,Light impact visible; monitoring is sufficient for now.,flood
sevlab-04881,Shin-deep rainwater on a residential lane in Porur; pedestrians wading carefully; shops placing sandbags.,2,Noticeable impact but daily life continues with adjustments.,flood
sevlab-04882,Hot sunny afternoon in Sursand; people using umbrellas; streets active.,1,Minor waterlogging with no disruption to people or property.,heatwave
sevlab-04883,Cyclonic storm hitting Patrakar Nagar; fallen trees blocking the road; damaged shop signboards; an elderly couple watching from a balcony.,3,Significant flooding; evacuation of low-lying homes advised.,cyclone
sevlab-04884,Knee-deep floodwater covering a village street in Gandhi Maidan; residents wading with belongings; power lines hanging low over the water.,3,Significant flooding; evacuation of low-lying homes advised.,flood
sevlab-04885,Light rainwater puddles on a bus stand in Sabour; people walking normally with umbrellas; no disruption visible.,1,"Mild conditions; situation under control, no urgent action needed.",flood
sevlab-04886,Heavy rain and gusty winds in Lalganj; tin roofs rattling; a rescue boat visible in the distance.,2,Moderate disruption; vulnerable people should take care.,cyclone
sevlab-04887,Shin-deep rainwater on a riverside ghat in Mancotta; pedestrians wading carefully; shops placing sandbags.,2,Ankle-deep water slowing movement; manageable with precautions.,flood
sevlab-04888,Very hot midday on a highway stretch in Aliganj; shutters half-down; people carrying belongings on their heads.,2,Moderate disruption; vulnerable people should take care.,heatwave
sevlab-04889,Waist-deep brown floodwater submerging a village street in Liluah; water entering ground-floor homes; a stranded auto-rickshaw half submerged.,4,Severe flooding with people trapped; immediate evacuation required.,flood
sevlab-04890,Strong winds bending trees on a main road in Porur; rain lashing sideways.,2,Moderate disruption; vulnerable people should take care.,cyclone
sevlab-04891,Knee-deep floodwater covering a residential lane in Kanti; residents wading with belongings; an elderly couple watching from a balcony.,3,Water entering ground floors; relief assistance likely needed soon.,flood
sevlab-04892,Cyclonic storm hitting Dalsinghsarai; fallen trees blocking the road; damaged shop signboards; an elderly couple watching from a balcony.,3,Knee-deep water affecting homes and movement; vulnerable people at risk.,cyclone
sevlab-04893,Extreme heat in Belaganj; thermometer reading dangerously high; streets deserted.,4,Deep water across residential areas; critical rescue situation.,heatwave
sevlab-04894,Knee-deep floodwater covering a village street in Dharampeth; residents wading with belongings; children sitting on a raised platform.,3,Significant flooding; evacuation of low-lying homes advised.,flood
sevlab-04895,Ankle-deep waterlogging on a railway underpass in Tilkamanjhi; two-wheelers moving slowly; a dog swimming across the lane.,2,Moderate disruption; vulnerable people should take care.,flood
sevlab-04896,Knee-to-thigh deep water in a market road in Chowkidingee; ground floors flooded; people moving to upper floors.,3,Significant flooding; evacuation of low-lying homes advised.,flood
sevlab-04897,Chest-high water rising in a bus stand in Belsand; residents stranded on rooftops; volunteers distributing water bottles.,4,Severe flooding with people trapped; immediate evacuation required.,flood
sevlab-04898,Bright harsh sunlight over a main road in Beltola; normal crowd with sun protection.,1,"Mild conditions; situation under control, no urgent action needed.",heatwave
sevlab-04899,Shin-deep rainwater on a main road in Santragachi; pedestrians wading carefully; shops placing sandbags.,2,Ankle-deep water slowing movement; manageable with precautions.,flood
sevlab-04900,Severe flooding in T Nagar; entire main road underwater; families on rooftops; a stranded auto-rickshaw half submerged.,5,Extreme danger to life; highest-priority rescue operation.,flood
sevlab-04901,Waist-deep brown floodwater submerging a highway stretch in Velachery; water entering ground-floor homes; children sitting on a raised platform.,4,Severe flooding with people trapped; immediate evacuation required.,flood
sevlab-04902,Knee-to-thigh deep water in a residential lane in Pandeypur; ground floors flooded; people moving to upper floors.,3,Significant flooding; evacuation of low-lying homes advised.,flood
sevlab-04903,Shin-deep rainwater on a low-lying colony in Golghar; pedestrians wading carefully; shops placing sandbags.,2,Noticeable impact but daily life continues with adjustments.,flood
sevlab-04904,Knee-deep floodwater covering a low-lying colony in T Nagar; residents wading with belongings; an elderly couple watching from a balcony.,3,Significant flooding; evacuation of low-lying homes advised.,flood
sevlab-04905,Cyclonic storm hitting Dumra; fallen trees blocking the road; damaged shop signboards; submerged hand-pumps and shops.,3,Knee-deep water affecting homes and movement; vulnerable people at risk.,cyclone
sevlab-04906,Light rainwater puddles on a residential lane in Khanpur; people walking normally with umbrellas; no disruption visible.,1,"Mild conditions; situation under control, no urgent action needed.",flood
sevlab-04907,Heavy rain and gusty winds in Baruraj; tin roofs rattling; a rescue boat visible in the distance.,2,Ankle-deep water slowing movement; manageable with precautions.,cyclone
sevlab-04908,Severe flooding in Aliganj; entire school compound underwater; families on rooftops; floating debris and household items.,5,Life-threatening flooding with people stranded; immediate mass rescue required.,flood
sevlab-04909,Intense heatwave in Ganeshguri; nearly empty streets at noon; a man resting in shade showing heat exhaustion; a rescue boat visible in the distance.,3,Significant flooding; evacuation of low-lying homes advised.,heatwave
sevlab-04910,Shin-deep rainwater on a railway underpass in Bodh Gaya; pedestrians wading carefully; shops placing sandbags.,2,Noticeable impact but daily life continues with adjustments.,flood
sevlab-04911,Cyclonic storm hitting Santragachi; fallen trees blocking the road; damaged shop signboards; volunteers distributing water bottles.,3,Water entering ground floors; relief assistance likely needed soon.,cyclone
sevlab-04912,Knee-deep floodwater covering a residential lane in Keoti; residents wading with belongings; an elderly couple watching from a balcony.,3,Knee-deep water affecting homes and movement; vulnerable people at risk.,flood
sevlab-04913,Knee-to-thigh deep water in a highway stretch in Ganeshguri; ground floors flooded; people moving to upper floors.,3,Significant flooding; evacuation of low-lying homes advised.,flood
sevlab-04914,Knee-to-thigh deep water in a market road in Manpur; ground floors flooded; people moving to upper floors.,3,Knee-deep water affecting homes and movement; vulnerable people at risk.,flood
sevlab-04915,Ankle-deep waterlogging on a market road in Ganeshguri; two-wheelers moving slowly; floating debris and household items.,2,Ankle-deep water slowing movement; manageable with precautions.,flood
sevlab-04916,Overcast sky with strong winds in Mancotta; trees swaying; fishermen securing boats.,1,"Mild conditions; situation under control, no urgent action needed.",cyclone
sevlab-04917,Strong winds bending trees on a market road in Lanka; rain lashing sideways.,2,Noticeable impact but daily life continues with adjustments.,cyclone
sevlab-04918,Very hot midday on a railway underpass in Sabour; shutters half-down; children sitting on a raised platform.,2,Ankle-deep water slowing movement; manageable with precautions.,heatwave
sevlab-04919,Catastrophic cyclone devastation in Anna Nagar; collapsed buildings; submerged streets; rescue teams evacuating residents; submerged hand-pumps and shops.,5,Life-threatening flooding with people stranded; immediate mass rescue required.,cyclone
sevlab-04920,Very hot midday on a highway stretch in Rajendra Nagar; shutters half-down; people carrying belongings on their heads.,2,Moderate disruption; vulnerable people should take care.,heatwave
sevlab-04921,Heavy rain and gusty winds in Dum Dum; tin roofs rattling; power lines hanging low over the water.,2,Ankle-deep water slowing movement; manageable with precautions.,cyclone
sevlab-04922,Knee-deep floodwater covering a riverside ghat in Bally; residents wading with belongings; volunteers distributing water bottles.,3,Knee-deep water affecting homes and movement; vulnerable people at risk.,flood
sevlab-04923,Waist-deep brown floodwater submerging a railway underpass in Dum Dum; water entering ground-floor homes; a dog swimming across the lane.,4,Deep water across residential areas; critical rescue situation.,flood
sevlab-04924,Ankle-deep waterlogging on a market road in Banmankhi; two-wheelers moving slowly; volunteers distributing water bottles.,2,Ankle-deep water slowing movement; manageable with precautions.,flood
sevlab-04925,Blazing heat over Sigra; cracked dry ground; labourers resting under a tree.,3,Significant flooding; evacuation of low-lying homes advised.,heatwave
sevlab-04926,Shin-deep rainwater on a railway underpass in Kushmi; pedestrians wading carefully; shops placing sandbags.,2,Noticeable impact but daily life continues with adjustments.,flood
sevlab-04927,Knee-deep floodwater covering a main road in Pipraich; residents wading with belongings; a dog swimming across the lane.,3,Knee-deep water affecting homes and movement; vulnerable people at risk.,flood
sevlab-04928,Damp low-lying colony in Velachery after a shower; normal traffic; shops open.,1,Light impact visible; monitoring is sufficient for now.,flood
sevlab-04929,Light rainwater puddles on a bus stand in Naliapool; people walking normally with umbrellas; no disruption visible.,1,"Mild conditions; situation under control, no urgent action needed.",flood
sevlab-04930,Ankle-deep waterlogging on a highway stretch in Maligaon; two-wheelers moving slowly; a dog swimming across the lane.,2,Moderate disruption; vulnerable people should take care.,flood
sevlab-04931,Chest-high water rising in a residential lane in Maligaon; residents stranded on rooftops; floating debris and household items.,4,Waist-deep water entering homes; residents stranded; urgent rescue needed.,flood
sevlab-04932,Light rainwater puddles on a highway stretch in Laheriasarai; people walking normally with umbrellas; no disruption visible.,1,"Mild conditions; situation under control, no urgent action needed.",flood
sevlab-04933,Shin-deep rainwater on a low-lying colony in Dharampeth; pedestrians wading carefully; shops placing sandbags.,2,Noticeable impact but daily life continues with adjustments.,flood
sevlab-04934,Knee-to-thigh deep water in a main road in Shibpur; ground floors flooded; people moving to upper floors.,3,Significant flooding; evacuation of low-lying homes advised.,flood
sevlab-04935,Destructive winds battering Bairgania; collapsed boundary walls; streets flooded.,4,Waist-deep water entering homes; residents stranded; urgent rescue needed.,cyclone
sevlab-04936,Waist-deep brown floodwater submerging a railway underpass in Gulabbagh; water entering ground-floor homes; a dog swimming across the lane.,4,Waist-deep water entering homes; residents stranded; urgent rescue needed.,flood
sevlab-04937,Light rainwater puddles on a market road in Dhamdaha; people walking normally with umbrellas; no disruption visible.,1,Light impact visible; monitoring is sufficient for now.,flood
sevlab-04938,Damp main road in Kasba after a shower; normal traffic; shops open.,1,Minor waterlogging with no disruption to people or property.,flood
sevlab-04939,Intense heatwave in Dum Dum; nearly empty streets at noon; a man resting in shade showing heat exhaustion; an elderly couple watching from a balcony.,3,Water entering ground floors; relief assistance likely needed soon.,heatwave
sevlab-04940,Severe cyclone landfall near Dalsinghsarai; uprooted trees and electric poles; houses with roofs torn off; people carrying belongings on their heads.,4,Deep water across residential areas; critical rescue situation.,cyclone
sevlab-04941,Deadly heatwave in Benipur; hospital entrance crowded; shops shuttered in peak afternoon.,5,Life-threatening flooding with people stranded; immediate mass rescue required.,heatwave
sevlab-04942,Blazing heat over Kankarbagh; cracked dry ground; labourers resting under a tree.,3,Water entering ground floors; relief assistance likely needed soon.,heatwave
sevlab-04943,Knee-to-thigh deep water in a residential lane in Beltola; ground floors flooded; people moving to upper floors.,3,Significant flooding; evacuation of low-lying homes advised.,flood
sevlab-04944,Knee-deep floodwater covering a riverside ghat in Pranpur; residents wading with belongings; an elderly couple watching from a balcony.,3,Knee-deep water affecting homes and movement; vulnerable people at risk.,flood
sevlab-04945,Damp residential lane in Sursand after a shower; normal traffic; shops open.,1,Light impact visible; monitoring is sufficient for now.,flood
sevlab-04946,Severe heatwave in Kasba; elderly person collapsed near a bus stop; bystanders giving water; people carrying belongings on their heads.,4,Waist-deep water entering homes; residents stranded; urgent rescue needed.,heatwave
sevlab-04947,Knee-deep floodwater covering a residential lane in Maligaon; residents wading with belongings; floating debris and household items.,3,Significant flooding; evacuation of low-lying homes advised.,flood
sevlab-04948,Light rainwater puddles on a main road in Behala; people walking normally with umbrellas; no disruption visible.,1,Light impact visible; monitoring is sufficient for now.,flood
sevlab-04949,Cyclonic storm hitting Maligaon; fallen trees blocking the road; damaged shop signboards; a stranded auto-rickshaw half submerged.,3,Water entering ground floors; relief assistance likely needed soon.,cyclone
sevlab-04950,Ankle-deep waterlogging on a school compound in Dumra; two-wheelers moving slowly; a dog swimming across the lane.,2,Moderate disruption; vulnerable people should take care.,flood
sevlab-04951,Light rainwater puddles on a market road in Sitabuldi; people walking normally with umbrellas; no disruption visible.,1,Minor waterlogging with no disruption to people or property.,flood
sevlab-04952,Severe heatwave in Tajpur; elderly person collapsed near a bus stop; bystanders giving water; submerged hand-pumps and shops.,4,Deep water across residential areas; critical rescue situation.,heatwave
sevlab-04953,Intense heatwave in Sultanganj; nearly empty streets at noon; a man resting in shade showing heat exhaustion; an elderly couple watching from a balcony.,3,Water entering ground floors; relief assistance likely needed soon.,heatwave
sevlab-04954,Cyclonic storm hitting Hajipur; fallen trees blocking the road; damaged shop signboards; children sitting on a raised platform.,3,Significant flooding; evacuation of low-lying homes advised.,cyclone
sevlab-04955,Waist-deep brown floodwater submerging a riverside ghat in Sabour; water entering ground-floor homes; people carrying belongings on their heads.,4,Deep water across residential areas; critical rescue situation.,flood
sevlab-04956,Light rainwater puddles on a school compound in Dharampeth; people walking normally with umbrellas; no disruption visible.,1,"Mild conditions; situation under control, no urgent action needed.",flood
sevlab-04957,Knee-deep floodwater covering a school compound in T Nagar; residents wading with belongings; a rescue boat visible in the distance.,3,Significant flooding; evacuation of low-lying homes advised.,flood
sevlab-04958,Cyclonic storm hitting Sigra; fallen trees blocking the road; damaged shop signboards; power lines hanging low over the water.,3,Knee-deep water affecting homes and movement; vulnerable people at risk.,cyclone
sevlab-04959,Ankle-deep waterlogging on a main road in Mahnar; two-wheelers moving slowly; children sitting on a raised platform.,2,Moderate disruption; vulnerable people should take care.,flood
sevlab-04960,Bright harsh sunlight over a riverside ghat in Belsand; normal crowd with sun protection.,1,Minor waterlogging with no disruption to people or property.,heatwave
sevlab-04961,Ankle-deep waterlogging on a bus stand in Anna Nagar; two-wheelers moving slowly; a dog swimming across the lane.,2,Moderate disruption; vulnerable people should take care.,flood
sevlab-04962,Knee-to-thigh deep water in a railway underpass in Porur; ground floors flooded; people moving to upper floors.,3,Significant flooding; evacuation of low-lying homes advised.,flood
sevlab-04963,Knee-deep floodwater covering a main road in Lalganj; residents wading with belongings; a dog swimming across the lane.,3,Water entering ground floors; relief assistance likely needed soon.,flood
sevlab-04964,Damp low-lying colony in Sursand after a shower; normal traffic; shops open.,1,Minor waterlogging with no disruption to people or property.,flood
sevlab-04965,Light rainwater puddles on a low-lying colony in Keoti; people walking normally with umbrellas; no disruption visible.,1,Light impact visible; monitoring is sufficient for now.,flood
sevlab-04966,Ankle-deep waterlogging on a riverside ghat in Aliganj; two-wheelers moving slowly; submerged hand-pumps and shops.,2,Noticeable impact but daily life continues with adjustments.,flood
sevlab-04967,Ankle-deep waterlogging on a bus stand in Porur; two-wheelers moving slowly; an elderly couple watching from a balcony.,2,Ankle-deep water slowing movement; manageable with precautions.,flood
sevlab-04968,Light rainwater puddles on a highway stretch in Sealdah; people walking normally with umbrellas; no disruption visible.,1,"Mild conditions; situation under control, no urgent action needed.",flood
sevlab-04969,Ankle-deep waterlogging on a village street in Naliapool; two-wheelers moving slowly; an elderly couple watching from a balcony.,2,Noticeable impact but daily life continues with adjustments.,flood
sevlab-04970,Cyclonic storm hitting Sigra; fallen trees blocking the road; damaged shop signboards; volunteers distributing water bottles.,3,Significant flooding; evacuation of low-lying homes advised.,cyclone
sevlab-04971,Ankle-deep waterlogging on a market road in Dharampeth; two-wheelers moving slowly; an elderly couple watching from a balcony.,2,Noticeable impact but daily life continues with adjustments.,flood
sevlab-04972,Waist-deep brown floodwater submerging a village street in Kamptee; water entering ground-floor homes; floating debris and household items.,4,Deep water across residential areas; critical rescue situation.,flood
sevlab-04973,Very hot midday on a bus stand in Maligaon; shutters half-down; people carrying belongings on their heads.,2,Noticeable impact but daily life continues with adjustments.,heatwave
sevlab-04974,Severe winds in Kankarbagh; uprooted small trees; waterlogging beginning.,3,Water entering ground floors; relief assistance likely needed soon.,cyclone
sevlab-04975,Damp residential lane in Ganeshguri after a shower; normal traffic; shops open.,1,Minor waterlogging with no disruption to people or property.,flood
sevlab-04976,Heavy rain and gusty winds in Lanka; tin roofs rattling; an elderly couple watching from a balcony.,2,Moderate disruption; vulnerable people should take care.,cyclone
sevlab-04977,Intense heatwave in Bahadurpur; nearly empty streets at noon; a man resting in shade showing heat exhaustion; power lines hanging low over the water.,3,Knee-deep water affecting homes and movement; vulnerable people at risk.,heatwave
sevlab-04978,Chest-high water rising in a market road in Dhamdaha; residents stranded on rooftops; an elderly couple watching from a balcony.,4,Deep water across residential areas; critical rescue situation.,flood
sevlab-04979,Ankle-deep waterlogging on a railway underpass in Salt Lake; two-wheelers moving slowly; volunteers distributing water bottles.,2,Ankle-deep water slowing movement; manageable with precautions.,flood
sevlab-04980,Shin-deep rainwater on a school compound in Ganeshguri; pedestrians wading carefully; shops placing sandbags.,2,Noticeable impact but daily life continues with adjustments.,flood
sevlab-04981,Knee-deep floodwater covering a main road in Sherghati; residents wading with belongings; volunteers distributing water bottles.,3,Water entering ground floors; relief assistance likely needed soon.,flood
sevlab-04982,Bright harsh sunlight over a bus stand in Kahalgaon; normal crowd with sun protection.,1,Light impact visible; monitoring is sufficient for now.,heatwave
sevlab-04983,Destructive winds battering Sigra; collapsed boundary walls; streets flooded.,4,Deep water across residential areas; critical rescue situation.,cyclone
sevlab-04984,Knee-to-thigh deep water in a highway stretch in Mahnar; ground floors flooded; people moving to upper floors.,3,Water entering ground floors; relief assistance likely needed soon.,flood
sevlab-04985,Heavy rain and gusty winds in Chowkidingee; tin roofs rattling; volunteers distributing water bottles.,2,Ankle-deep water slowing movement; manageable with precautions.,cyclone
sevlab-04986,Damp railway underpass in Benipur after a shower; normal traffic; shops open.,1,Minor waterlogging with no disruption to people or property.,flood
sevlab-04987,Shin-deep rainwater on a highway stretch in Dalsinghsarai; pedestrians wading carefully; shops placing sandbags.,2,Ankle-deep water slowing movement; manageable with precautions.,flood
sevlab-04988,Cyclonic storm hitting Hingna; fallen trees blocking the road; damaged shop signboards; floating debris and household items.,3,Knee-deep water affecting homes and movement; vulnerable people at risk.,cyclone
sevlab-04989,Extreme heat in Gulabbagh; thermometer reading dangerously high; streets deserted.,4,Deep water across residential areas; critical rescue situation.,heatwave
sevlab-04990,Knee-to-thigh deep water in a market road in Laheriasarai; ground floors flooded; people moving to upper floors.,3,Water entering ground floors; relief assistance likely needed soon.,flood
sevlab-04991,Intense heatwave in Bally; nearly empty streets at noon; a man resting in shade showing heat exhaustion; floating debris and household items.,3,Water entering ground floors; relief assistance likely needed soon.,heatwave
sevlab-04992,Intense heatwave in Kanti; nearly empty streets at noon; a man resting in shade showing heat exhaustion; power lines hanging low over the water.,3,Water entering ground floors; relief assistance likely needed soon.,heatwave
sevlab-04993,Severe heatwave in Ganeshguri; elderly person collapsed near a bus stop; bystanders giving water; floating debris and household items.,4,Deep water across residential areas; critical rescue situation.,heatwave
sevlab-04994,Overcast sky with strong winds in Danapur; trees swaying; fishermen securing boats.,1,Minor waterlogging with no disruption to people or property.,cyclone
sevlab-04995,Light rainwater puddles on a village street in Hingna; people walking normally with umbrellas; no disruption visible.,1,Light impact visible; monitoring is sufficient for now.,flood
sevlab-04996,Severe flooding in Sursand; entire riverside ghat underwater; families on rooftops; floating debris and household items.,5,Extreme danger to life; highest-priority rescue operation.,flood
sevlab-04997,Chest-high water rising in a bus stand in Tekari; residents stranded on rooftops; floating debris and household items.,4,Waist-deep water entering homes; residents stranded; urgent rescue needed.,flood
sevlab-04998,Very hot midday on a market road in Dhamdaha; shutters half-down; a stranded auto-rickshaw half submerged.,2,Ankle-deep water slowing movement; manageable with precautions.,heatwave
sevlab-04999,Light rainwater puddles on a bus stand in Santragachi; people walking normally with umbrellas; no disruption visible.,1,"Mild conditions; situation under control, no urgent action needed.",flood
